"deviceDeploymentID","deviceID","locationID","locationName","longitude","latitude","elevation","countryCode","stateCode","countyName","timezone","houseNumber","street","city","zip","datasourceId","privacy","sensorManufacturer","pollutant","units","address","dataIngestSource","dataIngestUrl","AQSID","fullAQSID","deploymentType","deviceType","deviceDescription","deviceExtra","dataIngestURL","dataIngestUnitID","dataIngestExtra","dataIngestDescription"
"9q5ejdusyc_clarity.DCYFC2760","clarity.DCYFC2760","9q5ejdusyc","Porter Ranch Cmty Sch (2303)",-118.579951660994,34.293272263728,NA,"US","CA","Los Angeles","America/Los_Angeles",NA,NA,NA,NA,"DCYFC2760","public","Clarity","PM2.5","UG/M3",NA,"Clarity",NA,NA,NA,NA,NA,NA,NA,NA,"DCYFC2760",NA,NA
"9q5ctwx3sm_clarity.DXWTE5141","clarity.DXWTE5141","9q5ctwx3sm","Utah ES (7370)",-118.224715196604,34.0496634994584,NA,"US","CA","Los Angeles","America/Los_Angeles",NA,NA,NA,NA,"DXWTE5141","public","Clarity","PM2.5","UG/M3",NA,"Clarity",NA,NA,NA,NA,NA,NA,NA,NA,"DXWTE5141",NA,NA
"9q8yu67nv5_clarity.DSCBR1491","clarity.DSCBR1491","9q8yu67nv5","SF Outer Sunset",-122.50421,37.76256,NA,"US","CA","San Francisco","America/Los_Angeles",NA,NA,NA,NA,"DSCBR1491","public","Clarity","PM2.5","UG/M3",NA,"Clarity",NA,NA,NA,NA,NA,NA,NA,NA,"DSCBR1491",NA,NA
"9q94qeu5gw_clarity.DZNDR6681","clarity.DZNDR6681","9q94qeu5gw","Facilities Yard",-122.0524572,36.9792873,NA,"US","CA","Santa Cruz","America/Los_Angeles",NA,NA,NA,NA,"DZNDR6681","public","Clarity","PM2.5","UG/M3",NA,"Clarity",NA,NA,NA,NA,NA,NA,NA,NA,"DZNDR6681",NA,NA
"9q8yyfme3w_clarity.DSSIJ1361","clarity.DSSIJ1361","9q8yyfme3w","UCSF Mission Bay",-122.3910637,37.7619754,NA,"US","CA","San Francisco","America/Los_Angeles",NA,NA,NA,NA,"DSSIJ1361","public","Clarity","PM2.5","UG/M3",NA,"Clarity",NA,NA,NA,NA,NA,NA,NA,NA,"DSSIJ1361",NA,NA
"9q5dts5pzu_clarity.DSTZH9550","clarity.DSTZH9550","9q5dts5pzu","Sunny Brae ES (6986)",-118.5819692,34.21278114,NA,"US","CA","Los Angeles","America/Los_Angeles",NA,NA,NA,NA,"DSTZH9550","public","Clarity","PM2.5","UG/M3",NA,"Clarity",NA,NA,NA,NA,NA,NA,NA,NA,"DSTZH9550",NA,NA
"9q95jn9903_clarity.DSVNS6971","clarity.DSVNS6971","9q95jn9903","Boulder Creek Fire Station",-122.121952624469,37.1257272676167,NA,"US","CA","Santa Cruz","America/Los_Angeles",NA,NA,NA,NA,"DSVNS6971","public","Clarity","PM2.5","UG/M3",NA,"Clarity",NA,NA,NA,NA,NA,NA,NA,NA,"DSVNS6971",NA,NA
"9qcesrvggm_clarity.DSWFA0048","clarity.DSWFA0048","9qcesrvggm","Rio Linda & Rivera",-121.44582,38.627227,NA,"US","CA","Sacramento","America/Los_Angeles",NA,NA,NA,NA,"DSWFA0048","public","Clarity","PM2.5","UG/M3",NA,"Clarity",NA,NA,NA,NA,NA,NA,NA,NA,"DSWFA0048",NA,NA
"9qcw99t02y_clarity.DSWWP3634","clarity.DSWWP3634","9qcw99t02y","Linda",-121.567799044,39.1196433852,NA,"US","CA","Yuba","America/Los_Angeles",NA,NA,NA,NA,"DSWWP3634","public","Clarity","PM2.5","UG/M3",NA,"Clarity",NA,NA,NA,NA,NA,NA,NA,NA,"DSWWP3634",NA,NA
"dry03kp9wr_clarity.DSYEI2624","clarity.DSYEI2624","dry03kp9wr","Portland Ocean Gateway – ME DEP",-70.246997,43.659967,NA,"US","ME","Cumberland","America/New_York",NA,NA,NA,NA,"DSYEI2624","public","Clarity","PM2.5","UG/M3",NA,"Clarity",NA,NA,NA,NA,NA,NA,NA,NA,"DSYEI2624",NA,NA
"9q5g1hdegz_clarity.DSYPZ6256","clarity.DSYPZ6256","9q5g1hdegz","Gridley ES (4295)",-118.4290229,34.30274766,NA,"US","CA","Los Angeles","America/Los_Angeles",NA,NA,NA,NA,"DSYPZ6256","public","Clarity","PM2.5","UG/M3",NA,"Clarity",NA,NA,NA,NA,NA,NA,NA,NA,"DSYPZ6256",NA,NA
"9q5cdn6hjn_clarity.DTEPV3578","clarity.DTEPV3578","9q5cdn6hjn","Robertson Public Library - Outside",-118.3857001,34.0487255,NA,"US","CA","Los Angeles","America/Los_Angeles",NA,NA,NA,NA,"DTEPV3578","public","Clarity","PM2.5","UG/M3",NA,"Clarity",NA,NA,NA,NA,NA,NA,NA,NA,"DTEPV3578",NA,NA
"9q5bt4hp6x_clarity.DTFGW4710","clarity.DTFGW4710","9q5bt4hp6x","Curtiss MS (8103)",-118.2512256,33.85016439,NA,"US","CA","Los Angeles","America/Los_Angeles",NA,NA,NA,NA,"DTFGW4710","public","Clarity","PM2.5","UG/M3",NA,"Clarity",NA,NA,NA,NA,NA,NA,NA,NA,"DTFGW4710",NA,NA
"9q5bum03bt_clarity.DTHCU1859","clarity.DTHCU1859","9q5bum03bt","135th St ES (5877)",-118.2894201,33.90963333,NA,"US","CA","Los Angeles","America/Los_Angeles",NA,NA,NA,NA,"DTHCU1859","public","Clarity","PM2.5","UG/M3",NA,"Clarity",NA,NA,NA,NA,NA,NA,NA,NA,"DTHCU1859",NA,NA
"9q5dm6xr6w_clarity.DTNPY1641","clarity.DTNPY1641","9q5dm6xr6w","Serrania ES (6606)",-118.5873464,34.16052151,NA,"US","CA","Los Angeles","America/Los_Angeles",NA,NA,NA,NA,"DTNPY1641","public","Clarity","PM2.5","UG/M3",NA,"Clarity",NA,NA,NA,NA,NA,NA,NA,NA,"DTNPY1641",NA,NA
"9q5ds26eum_clarity.DTQYW1931","clarity.DTQYW1931","9q5ds26eum","Welby ES (7637)",-118.637739,34.1915014,NA,"US","CA","Los Angeles","America/Los_Angeles",NA,NA,NA,NA,"DTQYW1931","public","Clarity","PM2.5","UG/M3",NA,"Clarity",NA,NA,NA,NA,NA,NA,NA,NA,"DTQYW1931",NA,NA
"9q92h3b73v_clarity.DTRZQ5381","clarity.DTRZQ5381","9q92h3b73v","MBARD",-121.804995359122,36.5726999451784,NA,"US","CA","Monterey","America/Los_Angeles",NA,NA,NA,NA,"DTRZQ5381","public","Clarity","PM2.5","UG/M3",NA,"Clarity",NA,NA,NA,NA,NA,NA,NA,NA,"DTRZQ5381",NA,NA
"9q5cfdhtr0_clarity.DTSSS2866","clarity.DTSSS2866","9q5cfdhtr0","Hancock Park ES (4397)",-118.3602113,34.06950732,NA,"US","CA","Los Angeles","America/Los_Angeles",NA,NA,NA,NA,"DTSSS2866","public","Clarity","PM2.5","UG/M3",NA,"Clarity",NA,NA,NA,NA,NA,NA,NA,NA,"DTSSS2866",NA,NA
"9q5bsxmg50_clarity.DTTYJ2203","clarity.DTTYJ2203","9q5bsxmg50","Ambler ES (2089)",-118.2707758,33.87823314,NA,"US","CA","Los Angeles","America/Los_Angeles",NA,NA,NA,NA,"DTTYJ2203","public","Clarity","PM2.5","UG/M3",NA,"Clarity",NA,NA,NA,NA,NA,NA,NA,NA,"DTTYJ2203",NA,NA
"9q94nq6x3x_clarity.DTTZI0744","clarity.DTTZI0744","9q94nq6x3x","Coastal Sciences Campus",-122.0655899,36.9496812,NA,"US","CA","Santa Cruz","America/Los_Angeles",NA,NA,NA,NA,"DTTZI0744","public","Clarity","PM2.5","UG/M3",NA,"Clarity",NA,NA,NA,NA,NA,NA,NA,NA,"DTTZI0744",NA,NA
"9q59wmggr0_clarity.DTUZA9636","clarity.DTUZA9636","9q59wmggr0","Marquez ES (5164)",-118.5480164,34.04582037,NA,"US","CA","Los Angeles","America/Los_Angeles",NA,NA,NA,NA,"DTUZA9636","public","Clarity","PM2.5","UG/M3",NA,"Clarity",NA,NA,NA,NA,NA,NA,NA,NA,"DTUZA9636",NA,NA
"9q5ds05htr_clarity.DTXBL2018","clarity.DTXBL2018","9q5ds05htr","Haynes ES (4473)",-118.6479952,34.1902646,NA,"US","CA","Los Angeles","America/Los_Angeles",NA,NA,NA,NA,"DTXBL2018","public","Clarity","PM2.5","UG/M3",NA,"Clarity",NA,NA,NA,NA,NA,NA,NA,NA,"DTXBL2018",NA,NA
"9q5dkfqzcs_clarity.DTYJK2956","clarity.DTYJK2956","9q5dkfqzcs","Woodland Hills ES (7890)",-118.6100501,34.15922061,NA,"US","CA","Los Angeles","America/Los_Angeles",NA,NA,NA,NA,"DTYJK2956","public","Clarity","PM2.5","UG/M3",NA,"Clarity",NA,NA,NA,NA,NA,NA,NA,NA,"DTYJK2956",NA,NA
"9q5g1m52rf_clarity.DUATN3340","clarity.DUATN3340","9q5g1m52rf","Harding ES (4431)",-118.4168329,34.30486585,NA,"US","CA","Los Angeles","America/Los_Angeles",NA,NA,NA,NA,"DUATN3340","public","Clarity","PM2.5","UG/M3",NA,"Clarity",NA,NA,NA,NA,NA,NA,NA,NA,"DUATN3340",NA,NA
"9q5c3jcfyw_clarity.DUDQT1828","clarity.DUDQT1828","9q5c3jcfyw","Grand View ES (4247)",-118.429932,34.00181901,NA,"US","CA","Los Angeles","America/Los_Angeles",NA,NA,NA,NA,"DUDQT1828","public","Clarity","PM2.5","UG/M3",NA,"Clarity",NA,NA,NA,NA,NA,NA,NA,NA,"DUDQT1828",NA,NA
"9q8yvyd32y_clarity.DUFGE0229","clarity.DUFGE0229","9q8yvyd32y","UCSF Mount Zion",-122.439504,37.784978,NA,"US","CA","San Francisco","America/Los_Angeles",NA,NA,NA,NA,"DUFGE0229","public","Clarity","PM2.5","UG/M3",NA,"Clarity",NA,NA,NA,NA,NA,NA,NA,NA,"DUFGE0229",NA,NA
"9qcek62fvw_clarity.DUGWC9552","clarity.DUGWC9552","9qcek62fvw","Educational Building",-121.4525906,38.552903,NA,"US","CA","Sacramento","America/Los_Angeles",NA,NA,NA,NA,"DUGWC9552","public","Clarity","PM2.5","UG/M3",NA,"Clarity",NA,NA,NA,NA,NA,NA,NA,NA,"DUGWC9552",NA,NA
"9q9hq8jx1j_clarity.DUHNH0508","clarity.DUHNH0508","9q9hq8jx1j","JFK Middle School",-122.050504,37.3108035,NA,"US","CA","Santa Clara","America/Los_Angeles",NA,NA,NA,NA,"DUHNH0508","public","Clarity","PM2.5","UG/M3",NA,"Clarity",NA,NA,NA,NA,NA,NA,NA,NA,"DUHNH0508",NA,NA
"9q5c8fwetw_clarity.DUHSQ0760","clarity.DUHSQ0760","9q5c8fwetw","Webster MS (8481)",-118.4344345,34.02804192,NA,"US","CA","Los Angeles","America/Los_Angeles",NA,NA,NA,NA,"DUHSQ0760","public","Clarity","PM2.5","UG/M3",NA,"Clarity",NA,NA,NA,NA,NA,NA,NA,NA,"DUHSQ0760",NA,NA
"9q9z9wqwdn_clarity.DUJSN5207","clarity.DUJSN5207","9q9z9wqwdn","Berkeley-Stockton1",-121.214125,37.916345,NA,"US","CA","San Joaquin","America/Los_Angeles",NA,NA,NA,NA,"DUJSN5207","public","Clarity","PM2.5","UG/M3",NA,"Clarity",NA,NA,NA,NA,NA,NA,NA,NA,"DUJSN5207",NA,NA
"9vk1kkd7f3_clarity.DUKEN3119","clarity.DUKEN3119","9vk1kkd7f3","Memorial Park Tennis Center",-95.4350430000048,29.7763489999991,NA,"US","TX","Harris","America/Chicago",NA,NA,NA,NA,"DUKEN3119","public","Clarity","PM2.5","UG/M3",NA,"Clarity",NA,NA,NA,NA,NA,NA,NA,NA,"DUKEN3119",NA,NA
"9qce7crdg4_clarity.DUKER2487","clarity.DUKER2487","9qce7crdg4","Broadway & Martin Luther King",-121.465397,38.547392,NA,"US","CA","Sacramento","America/Los_Angeles",NA,NA,NA,NA,"DUKER2487","public","Clarity","PM2.5","UG/M3",NA,"Clarity",NA,NA,NA,NA,NA,NA,NA,NA,"DUKER2487",NA,NA
"9q5g0te0xs_clarity.DUNSI2590","clarity.DUNSI2590","9q5g0te0xs","Sylmar Public Library - Outside",-118.4501406,34.3076671,NA,"US","CA","Los Angeles","America/Los_Angeles",NA,NA,NA,NA,"DUNSI2590","public","Clarity","PM2.5","UG/M3",NA,"Clarity",NA,NA,NA,NA,NA,NA,NA,NA,"DUNSI2590",NA,NA
"9vk10qyhss_clarity.DUULV4043","clarity.DUULV4043","9vk10qyhss","HFD Station 75",-95.605571,29.7449049,NA,"US","TX","Harris","America/Chicago",NA,NA,NA,NA,"DUULV4043","public","Clarity","PM2.5","UG/M3",NA,"Clarity",NA,NA,NA,NA,NA,NA,NA,NA,"DUULV4043",NA,NA
"9q5cm43tdv_clarity.DUVAI7540","clarity.DUVAI7540","9q5cm43tdv","Diego Rivera LC (8867)",-118.2546528,33.98306029,NA,"US","CA","Los Angeles","America/Los_Angeles",NA,NA,NA,NA,"DUVAI7540","public","Clarity","PM2.5","UG/M3",NA,"Clarity",NA,NA,NA,NA,NA,NA,NA,NA,"DUVAI7540",NA,NA
"9tbmcx8c05_clarity.DUVWF2192","clarity.DUVWF2192","9tbmcx8c05","Sunland Kinder",-112.081488,33.395882,NA,"US","AZ","Maricopa","America/Phoenix",NA,NA,NA,NA,"DUVWF2192","public","Clarity","PM2.5","UG/M3",NA,"Clarity",NA,NA,NA,NA,NA,NA,NA,NA,"DUVWF2192",NA,NA
"9q5f44q2cd_clarity.DUXEG1731","clarity.DUXEG1731","9q5f44q2cd","Wonderland ES (7849)",-118.3800174,34.1140624,NA,"US","CA","Los Angeles","America/Los_Angeles",NA,NA,NA,NA,"DUXEG1731","public","Clarity","PM2.5","UG/M3",NA,"Clarity",NA,NA,NA,NA,NA,NA,NA,NA,"DUXEG1731",NA,NA
"9q92ske6eq_clarity.DUYLB2086","clarity.DUYLB2086","9q92ske6eq","Marina High School",-121.800815055807,36.6755732573688,NA,"US","CA","Monterey","America/Los_Angeles",NA,NA,NA,NA,"DUYLB2086","public","Clarity","PM2.5","UG/M3",NA,"Clarity",NA,NA,NA,NA,NA,NA,NA,NA,"DUYLB2086",NA,NA
"9vk1kuptbx_clarity.DUYPJ8898","clarity.DUYPJ8898","9vk1kuptbx","West End Park",-95.405928,29.773975,NA,"US","TX","Harris","America/Chicago",NA,NA,NA,NA,"DUYPJ8898","public","Clarity","PM2.5","UG/M3",NA,"Clarity",NA,NA,NA,NA,NA,NA,NA,NA,"DUYPJ8898",NA,NA
"9q5c3d2ssf_clarity.DUYWJ7452","clarity.DUYWJ7452","9q5c3d2ssf","Playa Del Rey ES (6110)",-118.4097435,33.98287394,NA,"US","CA","Los Angeles","America/Los_Angeles",NA,NA,NA,NA,"DUYWJ7452","public","Clarity","PM2.5","UG/M3",NA,"Clarity",NA,NA,NA,NA,NA,NA,NA,NA,"DUYWJ7452",NA,NA
"9q5c9n1x52_clarity.DUYZA8188","clarity.DUYZA8188","9q5c9n1x52","Westwood ES (7740)",-118.4304086,34.04783555,NA,"US","CA","Los Angeles","America/Los_Angeles",NA,NA,NA,NA,"DUYZA8188","public","Clarity","PM2.5","UG/M3",NA,"Clarity",NA,NA,NA,NA,NA,NA,NA,NA,"DUYZA8188",NA,NA
"9q9hq682tj_clarity.DVBFL7645","clarity.DVBFL7645","9q9hq682tj","N Foothhill Blvd",-122.0685265,37.3234201,NA,"US","CA","Santa Clara","America/Los_Angeles",NA,NA,NA,NA,"DVBFL7645","public","Clarity","PM2.5","UG/M3",NA,"Clarity",NA,NA,NA,NA,NA,NA,NA,NA,"DVBFL7645",NA,NA
"dhvr79yjyw_clarity.DVBLZ3967","clarity.DVBLZ3967","dhvr79yjyw","SES",-82.4548600000008,28.0037999999988,NA,"US","FL","Hillsborough","America/New_York",NA,NA,NA,NA,"DVBLZ3967","public","Clarity","PM2.5","UG/M3",NA,"Clarity",NA,NA,NA,NA,NA,NA,NA,NA,"DVBLZ3967",NA,NA
"9q4gbcnvpv_clarity.DVCBA7399","clarity.DVCBA7399","9q4gbcnvpv","CNSI Roof Top",-119.8402467,34.4155625,NA,"US","CA","Santa Barbara","America/Los_Angeles",NA,NA,NA,NA,"DVCBA7399","public","Clarity","PM2.5","UG/M3",NA,"Clarity",NA,NA,NA,NA,NA,NA,NA,NA,"DVCBA7399",NA,NA
"9vk0bwsshd_clarity.DVDDZ0035","clarity.DVDDZ0035","9vk0bwsshd","Fire Station 76",-95.596648,29.69949151,NA,"US","TX","Harris","America/Chicago",NA,NA,NA,NA,"DVDDZ0035","public","Clarity","PM2.5","UG/M3",NA,"Clarity",NA,NA,NA,NA,NA,NA,NA,NA,"DVDDZ0035",NA,NA
"9rbmdb7v8y_clarity.DVHAX1917","clarity.DVHAX1917","9rbmdb7v8y","Tebeau Hall",-123.2724,44.5629,NA,"US","OR","Benton","America/Los_Angeles",NA,NA,NA,NA,"DVHAX1917","public","Clarity","PM2.5","UG/M3",NA,"Clarity",NA,NA,NA,NA,NA,NA,NA,NA,"DVHAX1917",NA,NA
"9q5fj43wv1_clarity.DVHKT2628","clarity.DVHKT2628","9q5fj43wv1","Atwater ES (2233)",-118.2545566,34.11508664,NA,"US","CA","Los Angeles","America/Los_Angeles",NA,NA,NA,NA,"DVHKT2628","public","Clarity","PM2.5","UG/M3",NA,"Clarity",NA,NA,NA,NA,NA,NA,NA,NA,"DVHKT2628",NA,NA
"9qbmz5vrhh_clarity.DVJAA6291","clarity.DVJAA6291","9qbmz5vrhh","UCANR Hopland REC",-123.083437,39.0013151,NA,"US","CA","Mendocino","America/Los_Angeles",NA,NA,NA,NA,"DVJAA6291","public","Clarity","PM2.5","UG/M3",NA,"Clarity",NA,NA,NA,NA,NA,NA,NA,NA,"DVJAA6291",NA,NA
"9q9j5jgdxr_clarity.DVJRG4877","clarity.DVJRG4877","9q9j5jgdxr","Mid&2nd, RW",-122.206788,37.47346,NA,"US","CA","San Mateo","America/Los_Angeles",NA,NA,NA,NA,"DVJRG4877","public","Clarity","PM2.5","UG/M3",NA,"Clarity",NA,NA,NA,NA,NA,NA,NA,NA,"DVJRG4877",NA,NA
"9qh961hrxj_clarity.DVKMC7666","clarity.DVKMC7666","9qh961hrxj","Emerbee's",-117.327838380173,33.9765377169745,NA,"US","CA","Riverside","America/Los_Angeles",NA,NA,NA,NA,"DVKMC7666","public","Clarity","PM2.5","UG/M3",NA,"Clarity",NA,NA,NA,NA,NA,NA,NA,NA,"DVKMC7666",NA,NA
"dhvr59qj3w_clarity.DVLVC4264","clarity.DVLVC4264","dhvr59qj3w","Perry Harvey Park",-82.45507,27.95702,NA,"US","FL","Hillsborough","America/New_York",NA,NA,NA,NA,"DVLVC4264","public","Clarity","PM2.5","UG/M3",NA,"Clarity",NA,NA,NA,NA,NA,NA,NA,NA,"DVLVC4264",NA,NA
"9q5dvk736p_clarity.DVNWR4418","clarity.DVNWR4418","9q5dvk736p","Chatsworth Public Library - Outside",-118.5928531,34.2570008,NA,"US","CA","Los Angeles","America/Los_Angeles",NA,NA,NA,NA,"DVNWR4418","public","Clarity","PM2.5","UG/M3",NA,"Clarity",NA,NA,NA,NA,NA,NA,NA,NA,"DVNWR4418",NA,NA
"9q5bhwkqty_clarity.DVPBC6237","clarity.DVPBC6237","9q5bhwkqty","Gulf ES (4315)",-118.272723,33.78548487,NA,"US","CA","Los Angeles","America/Los_Angeles",NA,NA,NA,NA,"DVPBC6237","public","Clarity","PM2.5","UG/M3",NA,"Clarity",NA,NA,NA,NA,NA,NA,NA,NA,"DVPBC6237",NA,NA
"9q5ckn130q_clarity.DVQTI6292","clarity.DVQTI6292","9q5ckn130q","Normandie ES (5630)",-118.2990514,34.00289175,NA,"US","CA","Los Angeles","America/Los_Angeles",NA,NA,NA,NA,"DVQTI6292","public","Clarity","PM2.5","UG/M3",NA,"Clarity",NA,NA,NA,NA,NA,NA,NA,NA,"DVQTI6292",NA,NA
"9q5fbp3gmm_clarity.DVQVL8556","clarity.DVQVL8556","9q5fbp3gmm","Danube ES (3335)",-118.4739261,34.27380864,NA,"US","CA","Los Angeles","America/Los_Angeles",NA,NA,NA,NA,"DVQVL8556","public","Clarity","PM2.5","UG/M3",NA,"Clarity",NA,NA,NA,NA,NA,NA,NA,NA,"DVQVL8556",NA,NA
"9q5dqqushn_clarity.DVUET1149","clarity.DVUET1149","9q5dqqushn","Vanalden ES (7411)",-118.5471148,34.18330559,NA,"US","CA","Los Angeles","America/Los_Angeles",NA,NA,NA,NA,"DVUET1149","public","Clarity","PM2.5","UG/M3",NA,"Clarity",NA,NA,NA,NA,NA,NA,NA,NA,"DVUET1149",NA,NA
"9q5cgshwkt_clarity.DVVCK5438","clarity.DVVCK5438","9q5cgshwkt","Van Ness ES (7425)",-118.3163718,34.08069325,NA,"US","CA","Los Angeles","America/Los_Angeles",NA,NA,NA,NA,"DVVCK5438","public","Clarity","PM2.5","UG/M3",NA,"Clarity",NA,NA,NA,NA,NA,NA,NA,NA,"DVVCK5438",NA,NA
"9q5cht7j4z_clarity.DVVNY9960","clarity.DVVNY9960","9q5cht7j4z","Knox ES, Dr Owen Lloyd (6869)",-118.2745625,33.95551969,NA,"US","CA","Los Angeles","America/Los_Angeles",NA,NA,NA,NA,"DVVNY9960","public","Clarity","PM2.5","UG/M3",NA,"Clarity",NA,NA,NA,NA,NA,NA,NA,NA,"DVVNY9960",NA,NA
"9q5c59fnh9_clarity.DVVTD9746","clarity.DVVTD9746","9q5c59fnh9","Century Pk ES (2945)",-118.3198044,33.93643353,NA,"US","CA","Los Angeles","America/Los_Angeles",NA,NA,NA,NA,"DVVTD9746","public","Clarity","PM2.5","UG/M3",NA,"Clarity",NA,NA,NA,NA,NA,NA,NA,NA,"DVVTD9746",NA,NA
"9q5cs17t0m_clarity.DVWVX6647","clarity.DVWVX6647","9q5cs17t0m","Lenicia Weemes ES (7151)",-118.2959578,34.02142664,NA,"US","CA","Los Angeles","America/Los_Angeles",NA,NA,NA,NA,"DVWVX6647","public","Clarity","PM2.5","UG/M3",NA,"Clarity",NA,NA,NA,NA,NA,NA,NA,NA,"DVWVX6647",NA,NA
"9q5dt3k1v3_clarity.DVXQK0066","clarity.DVXQK0066","9q5dt3k1v3","Hart St ES (4445)",-118.5916925,34.19663034,NA,"US","CA","Los Angeles","America/Los_Angeles",NA,NA,NA,NA,"DVXQK0066","public","Clarity","PM2.5","UG/M3",NA,"Clarity",NA,NA,NA,NA,NA,NA,NA,NA,"DVXQK0066",NA,NA
"9q9jb6djf6_clarity.DVXXM2097","clarity.DVXXM2097","9q9jb6djf6","Coyote Pt.",-122.3299205,37.587974,NA,"US","CA","San Mateo","America/Los_Angeles",NA,NA,NA,NA,"DVXXM2097","public","Clarity","PM2.5","UG/M3",NA,"Clarity",NA,NA,NA,NA,NA,NA,NA,NA,"DVXXM2097",NA,NA
"9q8yyqvdy1_clarity.DWATZ5901","clarity.DWATZ5901","9q8yyqvdy1","St. Claire Residence",-122.41284,37.78658,NA,"US","CA","San Francisco","America/Los_Angeles",NA,NA,NA,NA,"DWATZ5901","public","Clarity","PM2.5","UG/M3",NA,"Clarity",NA,NA,NA,NA,NA,NA,NA,NA,"DWATZ5901",NA,NA
"9q5fbryrsk_clarity.DWBQJ5283","clarity.DWBQJ5283","9q5fbryrsk","	 North Valley Occupational Ctr (9329)",-118.4568102,34.27728334,NA,"US","CA","Los Angeles","America/Los_Angeles",NA,NA,NA,NA,"DWBQJ5283","public","Clarity","PM2.5","UG/M3",NA,"Clarity",NA,NA,NA,NA,NA,NA,NA,NA,"DWBQJ5283",NA,NA
"9q5bgdrpwm_clarity.DWBTP3339","clarity.DWBTP3339","9q5bgdrpwm","Chapman ES (2986)",-118.3128698,33.89551129,NA,"US","CA","Los Angeles","America/Los_Angeles",NA,NA,NA,NA,"DWBTP3339","public","Clarity","PM2.5","UG/M3",NA,"Clarity",NA,NA,NA,NA,NA,NA,NA,NA,"DWBTP3339",NA,NA
"9q5bkc77p2_clarity.DWCJC7877","clarity.DWCJC7877","9q5bkc77p2","Broad Ave ES (2527)",-118.263042,33.801327,NA,"US","CA","Los Angeles","America/Los_Angeles",NA,NA,NA,NA,"DWCJC7877","public","Clarity","PM2.5","UG/M3",NA,"Clarity",NA,NA,NA,NA,NA,NA,NA,NA,"DWCJC7877",NA,NA
"9q5csns5my_clarity.DWDKP4657","clarity.DWDKP4657","9q5csns5my","Berendo MS (8057)",-118.2950353,34.04997228,NA,"US","CA","Los Angeles","America/Los_Angeles",NA,NA,NA,NA,"DWDKP4657","public","Clarity","PM2.5","UG/M3",NA,"Clarity",NA,NA,NA,NA,NA,NA,NA,NA,"DWDKP4657",NA,NA
"9q9pbkq56p_clarity.DWGFL3592","clarity.DWGFL3592","9q9pbkq56p","A6LHM5BD",-122.324436,37.948747,NA,"US","CA","Contra Costa","America/Los_Angeles",NA,NA,NA,NA,"DWGFL3592","public","Clarity","PM2.5","UG/M3",NA,"Clarity",NA,NA,NA,NA,NA,NA,NA,NA,"DWGFL3592",NA,NA
"9qce7g4306_clarity.DWKBV1022","clarity.DWKBV1022","9qce7g4306","Broadway & Alhambra",-121.472725,38.556706,NA,"US","CA","Sacramento","America/Los_Angeles",NA,NA,NA,NA,"DWKBV1022","public","Clarity","PM2.5","UG/M3",NA,"Clarity",NA,NA,NA,NA,NA,NA,NA,NA,"DWKBV1022",NA,NA
"9vk0wnnxh1_clarity.DWPVX6808","clarity.DWPVX6808","9vk0wnnxh1","SCRO 4",-95.352229,29.653309,NA,"US","TX","Harris","America/Chicago",NA,NA,NA,NA,"DWPVX6808","public","Clarity","PM2.5","UG/M3",NA,"Clarity",NA,NA,NA,NA,NA,NA,NA,NA,"DWPVX6808",NA,NA
"9q5c5vgcxz_clarity.DWTEA2015","clarity.DWTEA2015","9q5c5vgcxz","La Salle ES (4786)",-118.3062815,33.95766473,NA,"US","CA","Los Angeles","America/Los_Angeles",NA,NA,NA,NA,"DWTEA2015","public","Clarity","PM2.5","UG/M3",NA,"Clarity",NA,NA,NA,NA,NA,NA,NA,NA,"DWTEA2015",NA,NA
"9q5buspx00_clarity.DWTPG6887","clarity.DWTPG6887","9q5buspx00","Avalon Gardens ES (2247)",-118.2685007,33.90501168,NA,"US","CA","Los Angeles","America/Los_Angeles",NA,NA,NA,NA,"DWTPG6887","public","Clarity","PM2.5","UG/M3",NA,"Clarity",NA,NA,NA,NA,NA,NA,NA,NA,"DWTPG6887",NA,NA
"9qceh0gwqy_clarity.DWTYX5148","clarity.DWTYX5148","9qceh0gwqy","Bowling Green ES",-121.459738,38.50132,NA,"US","CA","Sacramento","America/Los_Angeles",NA,NA,NA,NA,"DWTYX5148","public","Clarity","PM2.5","UG/M3",NA,"Clarity",NA,NA,NA,NA,NA,NA,NA,NA,"DWTYX5148",NA,NA
"9q8zzbh9sh_clarity.DWVBN1744","clarity.DWVBN1744","9q8zzbh9sh","AJ3M3FFZ",-122.348376,37.925089,NA,"US","CA","Contra Costa","America/Los_Angeles",NA,NA,NA,NA,"DWVBN1744","public","Clarity","PM2.5","UG/M3",NA,"Clarity",NA,NA,NA,NA,NA,NA,NA,NA,"DWVBN1744",NA,NA
"9q5dr7j4je_clarity.DWVRG9694","clarity.DWVRG9694","9q5dr7j4je","Encino ES (3616)",-118.5024112,34.16234714,NA,"US","CA","Los Angeles","America/Los_Angeles",NA,NA,NA,NA,"DWVRG9694","public","Clarity","PM2.5","UG/M3",NA,"Clarity",NA,NA,NA,NA,NA,NA,NA,NA,"DWVRG9694",NA,NA
"9q5dvk612r_clarity.DWWVH5442","clarity.DWWVH5442","9q5dvk612r","Chatsworth Public Library - Inside",-118.5946481,34.2569998,NA,"US","CA","Los Angeles","America/Los_Angeles",NA,NA,NA,NA,"DWWVH5442","public","Clarity","PM2.5","UG/M3",NA,"Clarity",NA,NA,NA,NA,NA,NA,NA,NA,"DWWVH5442",NA,NA
"9q5fjsvvh5_clarity.DWYNQ4683","clarity.DWYNQ4683","9q5fjsvvh5","Delevan Drive ES (3397)",-118.2267918,34.12853322,NA,"US","CA","Los Angeles","America/Los_Angeles",NA,NA,NA,NA,"DWYNQ4683","public","Clarity","PM2.5","UG/M3",NA,"Clarity",NA,NA,NA,NA,NA,NA,NA,NA,"DWYNQ4683",NA,NA
"9q5ck5h5k5_clarity.DWYNU2926","clarity.DWYNU2926","9q5ck5h5k5","Budlong ES (2616)",-118.2951091,33.98678214,NA,"US","CA","Los Angeles","America/Los_Angeles",NA,NA,NA,NA,"DWYNU2926","public","Clarity","PM2.5","UG/M3",NA,"Clarity",NA,NA,NA,NA,NA,NA,NA,NA,"DWYNU2926",NA,NA
"9vk1ksfjwc_clarity.DXCPL7031","clarity.DXCPL7031","9vk1ksfjwc","Cottage Grove Park District C",-95.4242,29.778023,NA,"US","TX","Harris","America/Chicago",NA,NA,NA,NA,"DXCPL7031","public","Clarity","PM2.5","UG/M3",NA,"Clarity",NA,NA,NA,NA,NA,NA,NA,NA,"DXCPL7031",NA,NA
"9vk0vcd4ws_clarity.DXEEF1746","clarity.DXEEF1746","9vk0vcd4ws","SCRO 3",-95.369285,29.67178,NA,"US","TX","Harris","America/Chicago",NA,NA,NA,NA,"DXEEF1746","public","Clarity","PM2.5","UG/M3",NA,"Clarity",NA,NA,NA,NA,NA,NA,NA,NA,"DXEEF1746",NA,NA
"9qceh25exc_clarity.DXIJT1102","clarity.DXIJT1102","9qceh25exc","District Council 16",-121.44871,38.4967,NA,"US","CA","Sacramento","America/Los_Angeles",NA,NA,NA,NA,"DXIJT1102","public","Clarity","PM2.5","UG/M3",NA,"Clarity",NA,NA,NA,NA,NA,NA,NA,NA,"DXIJT1102",NA,NA
"9q5dx4s8m6_clarity.DXMLX2590","clarity.DXMLX2590","9q5dx4s8m6","Anatola ES (2110)",-118.5140932,34.2032435,NA,"US","CA","Los Angeles","America/Los_Angeles",NA,NA,NA,NA,"DXMLX2590","public","Clarity","PM2.5","UG/M3",NA,"Clarity",NA,NA,NA,NA,NA,NA,NA,NA,"DXMLX2590",NA,NA
"9q5f906505_clarity.DXSMD7537","clarity.DXSMD7537","9q5f906505","Kittridge ES (4760)",-118.4298628,34.19135802,NA,"US","CA","Los Angeles","America/Los_Angeles",NA,NA,NA,NA,"DXSMD7537","public","Clarity","PM2.5","UG/M3",NA,"Clarity",NA,NA,NA,NA,NA,NA,NA,NA,"DXSMD7537",NA,NA
"9q5dsuj25y_clarity.DXVNS4737","clarity.DXVNS4737","9q5dsuj25y","Columbus MS (8102)",-118.6120042,34.21146176,NA,"US","CA","Los Angeles","America/Los_Angeles",NA,NA,NA,NA,"DXVNS4737","public","Clarity","PM2.5","UG/M3",NA,"Clarity",NA,NA,NA,NA,NA,NA,NA,NA,"DXVNS4737",NA,NA
"dhvr7tpgh0_clarity.DXWDI9782","clarity.DXWDI9782","dhvr7tpgh0","Sulfur Spring Park",-82.45256,28.02115,NA,"US","FL","Hillsborough","America/New_York",NA,NA,NA,NA,"DXWDI9782","public","Clarity","PM2.5","UG/M3",NA,"Clarity",NA,NA,NA,NA,NA,NA,NA,NA,"DXWDI9782",NA,NA
"dhvr5dqv3g_clarity.DXWZH5118","clarity.DXWZH5118","dhvr5dqv3g","THJCA",-82.4540291938478,27.9624964728271,NA,"US","FL","Hillsborough","America/New_York",NA,NA,NA,NA,"DXWZH5118","public","Clarity","PM2.5","UG/M3",NA,"Clarity",NA,NA,NA,NA,NA,NA,NA,NA,"DXWZH5118",NA,NA
"9tbmc381me_clarity.DXYTE1356","clarity.DXYTE1356","9tbmc381me","Southwest Elementary",-112.09326,33.362965,NA,"US","AZ","Maricopa","America/Phoenix",NA,NA,NA,NA,"DXYTE1356","public","Clarity","PM2.5","UG/M3",NA,"Clarity",NA,NA,NA,NA,NA,NA,NA,NA,"DXYTE1356",NA,NA
"9q6hbv0j76_clarity.DXZBZ6929","clarity.DXZBZ6929","9q6hbv0j76","SanArdo School",-120.90439519587,36.0195888849056,NA,"US","CA","Monterey","America/Los_Angeles",NA,NA,NA,NA,"DXZBZ6929","public","Clarity","PM2.5","UG/M3",NA,"Clarity",NA,NA,NA,NA,NA,NA,NA,NA,"DXZBZ6929",NA,NA
"9q5b7czp5h_clarity.DYCDS2359","clarity.DYCDS2359","9q5b7czp5h","President ES (6148)",-118.302021,33.80478193,NA,"US","CA","Los Angeles","America/Los_Angeles",NA,NA,NA,NA,"DYCDS2359","public","Clarity","PM2.5","UG/M3",NA,"Clarity",NA,NA,NA,NA,NA,NA,NA,NA,"DYCDS2359",NA,NA
"9xj5rndk26_clarity.DYCZX5646","clarity.DYCZX5646","9xj5rndk26","Coal Creek Elementary School",-105.158024749084,39.982737834347,NA,"US","CO","Boulder","America/Denver",NA,NA,NA,NA,"DYCZX5646","public","Clarity","PM2.5","UG/M3",NA,"Clarity",NA,NA,NA,NA,NA,NA,NA,NA,"DYCZX5646",NA,NA
"9q5fjytcs6_clarity.DYEKD0741","clarity.DYEKD0741","9q5fjytcs6","Eagle Rock Public Library - Inside",-118.215796,34.1375389,NA,"US","CA","Los Angeles","America/Los_Angeles",NA,NA,NA,NA,"DYEKD0741","public","Clarity","PM2.5","UG/M3",NA,"Clarity",NA,NA,NA,NA,NA,NA,NA,NA,"DYEKD0741",NA,NA
"9q5dzef5dq_clarity.DYFBQ9778","clarity.DYFBQ9778","9q5dzef5dq","Mayall ES (5198)",-118.4956855,34.25463498,NA,"US","CA","Los Angeles","America/Los_Angeles",NA,NA,NA,NA,"DYFBQ9778","public","Clarity","PM2.5","UG/M3",NA,"Clarity",NA,NA,NA,NA,NA,NA,NA,NA,"DYFBQ9778",NA,NA
"9q5cjgkh09_clarity.DYGPB2439","clarity.DYGPB2439","9q5cjgkh09","Montara Ave ES (6878)",-118.218362,33.94433,NA,"US","CA","Los Angeles","America/Los_Angeles",NA,NA,NA,NA,"DYGPB2439","public","Clarity","PM2.5","UG/M3",NA,"Clarity",NA,NA,NA,NA,NA,NA,NA,NA,"DYGPB2439",NA,NA
"9q8zz0331u_clarity.DYIDV8972","clarity.DYIDV8972","9q8zz0331u","A8XQG5PY",-122.385894,37.926376,NA,"US","CA","Contra Costa","America/Los_Angeles",NA,NA,NA,NA,"DYIDV8972","public","Clarity","PM2.5","UG/M3",NA,"Clarity",NA,NA,NA,NA,NA,NA,NA,NA,"DYIDV8972",NA,NA
"9q5csxt0w0_clarity.DYKDJ6332","clarity.DYKDJ6332","9q5csxt0w0","Esperanza ES (2383)",-118.2716824,34.05495895,NA,"US","CA","Los Angeles","America/Los_Angeles",NA,NA,NA,NA,"DYKDJ6332","public","Clarity","PM2.5","UG/M3",NA,"Clarity",NA,NA,NA,NA,NA,NA,NA,NA,"DYKDJ6332",NA,NA
"9qcdub6n74_clarity.DYLGE4432","clarity.DYLGE4432","9qcdub6n74","Valley HS",-121.429007,38.454607,NA,"US","CA","Sacramento","America/Los_Angeles",NA,NA,NA,NA,"DYLGE4432","public","Clarity","PM2.5","UG/M3",NA,"Clarity",NA,NA,NA,NA,NA,NA,NA,NA,"DYLGE4432",NA,NA
"9q5f62rk2m_clarity.DYMMW7911","clarity.DYMMW7911","9q5f62rk2m","Rio Vista ES (6288)",-118.367711532977,34.1476411285562,NA,"US","CA","Los Angeles","America/Los_Angeles",NA,NA,NA,NA,"DYMMW7911","public","Clarity","PM2.5","UG/M3",NA,"Clarity",NA,NA,NA,NA,NA,NA,NA,NA,"DYMMW7911",NA,NA
"9q5dzgr7wy_clarity.DYMPX0901","clarity.DYMPX0901","9q5dzgr7wy","Vintage Math/Sci Mag ES (7562)",-118.4772968,34.25188797,NA,"US","CA","Los Angeles","America/Los_Angeles",NA,NA,NA,NA,"DYMPX0901","public","Clarity","PM2.5","UG/M3",NA,"Clarity",NA,NA,NA,NA,NA,NA,NA,NA,"DYMPX0901",NA,NA
"9qcszy1p4y_clarity.DYNSS0344","clarity.DYNSS0344","9qcszy1p4y","Rocklin/PCH",-121.2985505,38.8379087,NA,"US","CA","Placer","America/Los_Angeles",NA,NA,NA,NA,"DYNSS0344","public","Clarity","PM2.5","UG/M3",NA,"Clarity",NA,NA,NA,NA,NA,NA,NA,NA,"DYNSS0344",NA,NA
"9q5dwbj2d4_clarity.DYPMD4257","clarity.DYPMD4257","9q5dwbj2d4","Newcastle ES (5479)",-118.5241913,34.18955355,NA,"US","CA","Los Angeles","America/Los_Angeles",NA,NA,NA,NA,"DYPMD4257","public","Clarity","PM2.5","UG/M3",NA,"Clarity",NA,NA,NA,NA,NA,NA,NA,NA,"DYPMD4257",NA,NA
"9rcdwcz4ny_clarity.DYPUI2849","clarity.DYPUI2849","9rcdwcz4ny","OSU-Cascades Campus",-121.334091,44.043192,NA,"US","OR","Deschutes","America/Los_Angeles",NA,NA,NA,NA,"DYPUI2849","public","Clarity","PM2.5","UG/M3",NA,"Clarity",NA,NA,NA,NA,NA,NA,NA,NA,"DYPUI2849",NA,NA
"9q99tdfnp0_clarity.DYRWV6200","clarity.DYRWV6200","9q99tdfnp0","Hollister-Rancho San Justo Middle School",-121.395875770958,36.8423121417274,NA,"US","CA","San Benito","America/Los_Angeles",NA,NA,NA,NA,"DYRWV6200","public","Clarity","PM2.5","UG/M3",NA,"Clarity",NA,NA,NA,NA,NA,NA,NA,NA,"DYRWV6200",NA,NA
"9q5cb9wdpz_clarity.DYSEV5920","clarity.DYSEV5920","9q5cb9wdpz","UCLA Ronald Reagan Hospital",-118.445328,34.066242,NA,"US","CA","Los Angeles","America/Los_Angeles",NA,NA,NA,NA,"DYSEV5920","public","Clarity","PM2.5","UG/M3",NA,"Clarity",NA,NA,NA,NA,NA,NA,NA,NA,"DYSEV5920",NA,NA
"9q99d6y2b1_clarity.DYTKG0609","clarity.DYTKG0609","9q99d6y2b1","San Juan Bautista",-121.533159044861,36.8414158323924,NA,"US","CA","San Benito","America/Los_Angeles",NA,NA,NA,NA,"DYTKG0609","public","Clarity","PM2.5","UG/M3",NA,"Clarity",NA,NA,NA,NA,NA,NA,NA,NA,"DYTKG0609",NA,NA
"9q8yyepgcs_clarity.DYTNX2136","clarity.DYTNX2136","9q8yyepgcs","San Francisco",-122.39895,37.76617,NA,"US","CA","San Francisco","America/Los_Angeles",NA,NA,NA,NA,"DYTNX2136","public","Clarity","PM2.5","UG/M3",NA,"Clarity",NA,NA,NA,NA,NA,NA,NA,NA,"DYTNX2136",NA,NA
"9q94qxkxv6_clarity.DYTVV1437","clarity.DYTVV1437","9q94qxkxv6","East Campus",-122.051692769976,36.9991761778597,NA,"US","CA","Santa Cruz","America/Los_Angeles",NA,NA,NA,NA,"DYTVV1437","public","Clarity","PM2.5","UG/M3",NA,"Clarity",NA,NA,NA,NA,NA,NA,NA,NA,"DYTVV1437",NA,NA
"9q5dtft46s_clarity.DYVZB3614","clarity.DYVZB3614","9q5dtft46s","Mosk ES (7402)",-118.5684606,34.20359797,NA,"US","CA","Los Angeles","America/Los_Angeles",NA,NA,NA,NA,"DYVZB3614","public","Clarity","PM2.5","UG/M3",NA,"Clarity",NA,NA,NA,NA,NA,NA,NA,NA,"DYVZB3614",NA,NA
"9q5c2wdk8v_clarity.DYYBT3667","clarity.DYYBT3667","9q5c2wdk8v","Walgrove ES (7603)",-118.4514635,34.0062315,NA,"US","CA","Los Angeles","America/Los_Angeles",NA,NA,NA,NA,"DYYBT3667","public","Clarity","PM2.5","UG/M3",NA,"Clarity",NA,NA,NA,NA,NA,NA,NA,NA,"DYYBT3667",NA,NA
"dhvrh5pt00_clarity.DZBYA9467","clarity.DZBYA9467","dhvrh5pt00","New Mount Zion (NMZ)",-82.4311,27.966557,NA,"US","FL","Hillsborough","America/New_York",NA,NA,NA,NA,"DZBYA9467","public","Clarity","PM2.5","UG/M3",NA,"Clarity",NA,NA,NA,NA,NA,NA,NA,NA,"DZBYA9467",NA,NA
"9qctf5ctx0_clarity.DZCRT1358","clarity.DZCRT1358","9qctf5ctx0","Plumas Lake",-121.550372,39.001039,NA,"US","CA","Yuba","America/Los_Angeles",NA,NA,NA,NA,"DZCRT1358","public","Clarity","PM2.5","UG/M3",NA,"Clarity",NA,NA,NA,NA,NA,NA,NA,NA,"DZCRT1358",NA,NA
"9q5cbdzyqf_clarity.DZDZD2653","clarity.DZDZD2653","9q5cbdzyqf","Anderson",-118.4436508,34.0738081,NA,"US","CA","Los Angeles","America/Los_Angeles",NA,NA,NA,NA,"DZDZD2653","public","Clarity","PM2.5","UG/M3",NA,"Clarity",NA,NA,NA,NA,NA,NA,NA,NA,"DZDZD2653",NA,NA
"9q5f1zhy7w_clarity.DZIET0937","clarity.DZIET0937","9q5f1zhy7w","Carpenter ES (2822)",-118.392983,34.141124,NA,"US","CA","Los Angeles","America/Los_Angeles",NA,NA,NA,NA,"DZIET0937","public","Clarity","PM2.5","UG/M3",NA,"Clarity",NA,NA,NA,NA,NA,NA,NA,NA,"DZIET0937",NA,NA
"9q5c2e9heg_clarity.DZJBY2013","clarity.DZJBY2013","9q5c2e9heg","Coeur D Alene ES (6342)",-118.4530502,33.98974504,NA,"US","CA","Los Angeles","America/Los_Angeles",NA,NA,NA,NA,"DZJBY2013","public","Clarity","PM2.5","UG/M3",NA,"Clarity",NA,NA,NA,NA,NA,NA,NA,NA,"DZJBY2013",NA,NA
"9q5dy6t579_clarity.DZKAD7660","clarity.DZKAD7660","9q5dy6t579","Topeka Dr ES (7201)",-118.546447,34.247696,NA,"US","CA","Los Angeles","America/Los_Angeles",NA,NA,NA,NA,"DZKAD7660","public","Clarity","PM2.5","UG/M3",NA,"Clarity",NA,NA,NA,NA,NA,NA,NA,NA,"DZKAD7660",NA,NA
"9q93zgu6h4_clarity.DZLMF4108","clarity.DZLMF4108","9q93zgu6h4","Aromas School",-121.645602600564,36.8910727680431,NA,"US","CA","Monterey","America/Los_Angeles",NA,NA,NA,NA,"DZLMF4108","public","Clarity","PM2.5","UG/M3",NA,"Clarity",NA,NA,NA,NA,NA,NA,NA,NA,"DZLMF4108",NA,NA
"9vk1jqv7df_clarity.DZNFT1721","clarity.DZNFT1721","9vk1jqv7df","Avondale Promenade Park",-95.386954,29.744725,NA,"US","TX","Harris","America/Chicago",NA,NA,NA,NA,"DZNFT1721","public","Clarity","PM2.5","UG/M3",NA,"Clarity",NA,NA,NA,NA,NA,NA,NA,NA,"DZNFT1721",NA,NA
"9q925gkgju_clarity.DZPFB4056","clarity.DZPFB4056","9q925gkgju","Fort Ord Environmental Justice",-121.820620595887,36.5808908062314,NA,"US","CA","Monterey","America/Los_Angeles",NA,NA,NA,NA,"DZPFB4056","public","Clarity","PM2.5","UG/M3",NA,"Clarity",NA,NA,NA,NA,NA,NA,NA,NA,"DZPFB4056",NA,NA
"9q5fb6s0jc_clarity.DZUGF6240","clarity.DZUGF6240","9q5fb6s0jc","Lassen Es (4790)",-118.4598343,34.24714121,NA,"US","CA","Los Angeles","America/Los_Angeles",NA,NA,NA,NA,"DZUGF6240","public","Clarity","PM2.5","UG/M3",NA,"Clarity",NA,NA,NA,NA,NA,NA,NA,NA,"DZUGF6240",NA,NA
"9r1bmqpquh_clarity.DZVTS0099","clarity.DZVTS0099","9r1bmqpquh","Camptonville Union Elementary School",-121.048213,39.453087,NA,"US","CA","Yuba","America/Los_Angeles",NA,NA,NA,NA,"DZVTS0099","public","Clarity","PM2.5","UG/M3",NA,"Clarity",NA,NA,NA,NA,NA,NA,NA,NA,"DZVTS0099",NA,NA
"9vk30kgjhg_clarity.DZWAU9155","clarity.DZWAU9155","9vk30kgjhg","ACTS004.1",-95.2581192,29.734002,NA,"US","TX","Harris","America/Chicago",NA,NA,NA,NA,"DZWAU9155","public","Clarity","PM2.5","UG/M3",NA,"Clarity",NA,NA,NA,NA,NA,NA,NA,NA,"DZWAU9155",NA,NA
"9rbmd8j50p_clarity.DZZET7373","clarity.DZZET7373","9rbmd8j50p","Sports Performance Center",-123.2817,44.5611,NA,"US","OR","Benton","America/Los_Angeles",NA,NA,NA,NA,"DZZET7373","public","Clarity","PM2.5","UG/M3",NA,"Clarity",NA,NA,NA,NA,NA,NA,NA,NA,"DZZET7373",NA,NA
"9q5cy4v0t5_clarity.DAABL1560","clarity.DAABL1560","9q5cy4v0t5","Gates ES (4096)",-118.2058089,34.07282985,NA,"US","CA","Los Angeles","America/Los_Angeles",NA,NA,NA,NA,"DAABL1560","public","Clarity","PM2.5","UG/M3",NA,"Clarity",NA,NA,NA,NA,NA,NA,NA,NA,"DAABL1560",NA,NA
"9q94yebek8_clarity.DAAZI7074","clarity.DAAZI7074","9q94yebek8","Zayante (Station 1)",-122.057215589308,37.067057181907,NA,"US","CA","Santa Cruz","America/Los_Angeles",NA,NA,NA,NA,"DAAZI7074","public","Clarity","PM2.5","UG/M3",NA,"Clarity",NA,NA,NA,NA,NA,NA,NA,NA,"DAAZI7074",NA,NA
"9qh3en82un_clarity.DACHW7097","clarity.DACHW7097","9qh3en82un","DHE Trucking",-117.64108,34.04954,NA,"US","CA","San Bernardino","America/Los_Angeles",NA,NA,NA,NA,"DACHW7097","public","Clarity","PM2.5","UG/M3",NA,"Clarity",NA,NA,NA,NA,NA,NA,NA,NA,"DACHW7097",NA,NA
"9q5cdecx7r_clarity.DAENX0980","clarity.DAENX0980","9q5cdecx7r","Marvin ES (5178)",-118.3644928,34.03555805,NA,"US","CA","Los Angeles","America/Los_Angeles",NA,NA,NA,NA,"DAENX0980","public","Clarity","PM2.5","UG/M3",NA,"Clarity",NA,NA,NA,NA,NA,NA,NA,NA,"DAENX0980",NA,NA
"9q8zzuvqmm_clarity.DAFEI3788","clarity.DAFEI3788","9q8zzuvqmm","A8J3RNR8",-122.3473,37.952,NA,"US","CA","Contra Costa","America/Los_Angeles",NA,NA,NA,NA,"DAFEI3788","public","Clarity","PM2.5","UG/M3",NA,"Clarity",NA,NA,NA,NA,NA,NA,NA,NA,"DAFEI3788",NA,NA
"9q3xpr8tb8_clarity.DAIMM6021","clarity.DAIMM6021","9q3xpr8tb8","Soledad-Gabilan Elementary",-121.321306504114,36.4289052675037,NA,"US","CA","Monterey","America/Los_Angeles",NA,NA,NA,NA,"DAIMM6021","public","Clarity","PM2.5","UG/M3",NA,"Clarity",NA,NA,NA,NA,NA,NA,NA,NA,"DAIMM6021",NA,NA
"9vk1cfmunp_clarity.DAINY4410","clarity.DAINY4410","9vk1cfmunp","HFD Station 66",-95.539939,29.8519541,NA,"US","TX","Harris","America/Chicago",NA,NA,NA,NA,"DAINY4410","public","Clarity","PM2.5","UG/M3",NA,"Clarity",NA,NA,NA,NA,NA,NA,NA,NA,"DAINY4410",NA,NA
"9qcdvt7r5s_clarity.DAIRW8917","clarity.DAIRW8917","9qcdvt7r5s","Adult Education",-121.394309,38.482211,NA,"US","CA","Sacramento","America/Los_Angeles",NA,NA,NA,NA,"DAIRW8917","public","Clarity","PM2.5","UG/M3",NA,"Clarity",NA,NA,NA,NA,NA,NA,NA,NA,"DAIRW8917",NA,NA
"9qcduqksfb_clarity.DAJYE7580","clarity.DAJYE7580","9qcduqksfb","Parkway Swim",-121.447552,38.487297,NA,"US","CA","Sacramento","America/Los_Angeles",NA,NA,NA,NA,"DAJYE7580","public","Clarity","PM2.5","UG/M3",NA,"Clarity",NA,NA,NA,NA,NA,NA,NA,NA,"DAJYE7580",NA,NA
"9q5cjdgkmu_clarity.DAKGU2782","clarity.DAKGU2782","9q5cjdgkmu","Weigand ES (7634)",-118.230152,33.94163929,NA,"US","CA","Los Angeles","America/Los_Angeles",NA,NA,NA,NA,"DAKGU2782","public","Clarity","PM2.5","UG/M3",NA,"Clarity",NA,NA,NA,NA,NA,NA,NA,NA,"DAKGU2782",NA,NA
"9q4gbdp3z7_clarity.DAKQX1052","clarity.DAKQX1052","9q4gbdp3z7","EH&S Roof Top",-119.8505666,34.4204839,NA,"US","CA","Santa Barbara","America/Los_Angeles",NA,NA,NA,NA,"DAKQX1052","public","Clarity","PM2.5","UG/M3",NA,"Clarity",NA,NA,NA,NA,NA,NA,NA,NA,"DAKQX1052",NA,NA
"9q5cwne86r_clarity.DAKTS7667","clarity.DAKTS7667","9q5cwne86r","Sheridan St ES (6685)",-118.2079853,34.0494627,NA,"US","CA","Los Angeles","America/Los_Angeles",NA,NA,NA,NA,"DAKTS7667","public","Clarity","PM2.5","UG/M3",NA,"Clarity",NA,NA,NA,NA,NA,NA,NA,NA,"DAKTS7667",NA,NA
"9q5gp001bb_clarity.DALLF5925","clarity.DALLF5925","9q5gp001bb","Clear Creek Ed Ctr (1481)",-118.1689108,34.27764773,NA,"US","CA","Los Angeles","America/Los_Angeles",NA,NA,NA,NA,"DALLF5925","public","Clarity","PM2.5","UG/M3",NA,"Clarity",NA,NA,NA,NA,NA,NA,NA,NA,"DALLF5925",NA,NA
"9q5ds8pd1y_clarity.DAMKR6731","clarity.DAMKR6731","9q5ds8pd1y","Hamlin ES (4349)",-118.6199916,34.18982916,NA,"US","CA","Los Angeles","America/Los_Angeles",NA,NA,NA,NA,"DAMKR6731","public","Clarity","PM2.5","UG/M3",NA,"Clarity",NA,NA,NA,NA,NA,NA,NA,NA,"DAMKR6731",NA,NA
"9q5fh0jvbg_clarity.DAMLM3834","clarity.DAMLM3834","9q5fh0jvbg","Los Feliz ES (4986)",-118.2928435,34.10256635,NA,"US","CA","Los Angeles","America/Los_Angeles",NA,NA,NA,NA,"DAMLM3834","public","Clarity","PM2.5","UG/M3",NA,"Clarity",NA,NA,NA,NA,NA,NA,NA,NA,"DAMLM3834",NA,NA
"9q8yykw61f_clarity.DAPMB2962","clarity.DAPMB2962","9q8yykw61f","Howard and 9th",-122.411992006577,37.7740987243411,NA,"US","CA","San Francisco","America/Los_Angeles",NA,NA,NA,NA,"DAPMB2962","public","Clarity","PM2.5","UG/M3",NA,"Clarity",NA,NA,NA,NA,NA,NA,NA,NA,"DAPMB2962",NA,NA
"9q8ykzce9d_clarity.DAPNS1033","clarity.DAPNS1033","9q8ykzce9d","Doelger Ctr.",-122.4844453,37.7043216,NA,"US","CA","San Mateo","America/Los_Angeles",NA,NA,NA,NA,"DAPNS1033","public","Clarity","PM2.5","UG/M3",NA,"Clarity",NA,NA,NA,NA,NA,NA,NA,NA,"DAPNS1033",NA,NA
"9q5bgt6m9w_clarity.DARCA9236","clarity.DARCA9236","9q5bgt6m9w","Purche ES (6158)",-118.319597,33.91165201,NA,"US","CA","Los Angeles","America/Los_Angeles",NA,NA,NA,NA,"DARCA9236","public","Clarity","PM2.5","UG/M3",NA,"Clarity",NA,NA,NA,NA,NA,NA,NA,NA,"DARCA9236",NA,NA
"9q5g0sj341_clarity.DATWW7781","clarity.DATWW7781","9q5g0sj341","Dyer ES (3493)",-118.4472882,34.29949769,NA,"US","CA","Los Angeles","America/Los_Angeles",NA,NA,NA,NA,"DATWW7781","public","Clarity","PM2.5","UG/M3",NA,"Clarity",NA,NA,NA,NA,NA,NA,NA,NA,"DATWW7781",NA,NA
"9tbmcskjps_clarity.DAUUD8580","clarity.DAUUD8580","9tbmcskjps","Central & W Saint Anne",-112.0767,33.37872,NA,"US","AZ","Maricopa","America/Phoenix",NA,NA,NA,NA,"DAUUD8580","public","Clarity","PM2.5","UG/M3",NA,"Clarity",NA,NA,NA,NA,NA,NA,NA,NA,"DAUUD8580",NA,NA
"9q5f072t5q_clarity.DAWRQ3712","clarity.DAWRQ3712","9q5f072t5q","Roscomare ES (6363)",-118.4647459,34.1203074,NA,"US","CA","Los Angeles","America/Los_Angeles",NA,NA,NA,NA,"DAWRQ3712","public","Clarity","PM2.5","UG/M3",NA,"Clarity",NA,NA,NA,NA,NA,NA,NA,NA,"DAWRQ3712",NA,NA
"9q5cbfpjq0_clarity.DBAAI5339","clarity.DBAAI5339","9q5cbfpjq0","Warner ES (7616)",-118.4337229,34.06950766,NA,"US","CA","Los Angeles","America/Los_Angeles",NA,NA,NA,NA,"DBAAI5339","public","Clarity","PM2.5","UG/M3",NA,"Clarity",NA,NA,NA,NA,NA,NA,NA,NA,"DBAAI5339",NA,NA
"9q5fngjqv4_clarity.DBCJA4940","clarity.DBCJA4940","9q5fngjqv4","San Pascual ES (6493)",-118.1724988,34.11921399,NA,"US","CA","Los Angeles","America/Los_Angeles",NA,NA,NA,NA,"DBCJA4940","public","Clarity","PM2.5","UG/M3",NA,"Clarity",NA,NA,NA,NA,NA,NA,NA,NA,"DBCJA4940",NA,NA
"9q5f0mk2wr_clarity.DBELQ4843","clarity.DBELQ4843","9q5f0mk2wr","Sherman Oaks",-118.459468,34.130527,NA,"US","CA","Los Angeles","America/Los_Angeles",NA,NA,NA,NA,"DBELQ4843","public","Clarity","PM2.5","UG/M3",NA,"Clarity",NA,NA,NA,NA,NA,NA,NA,NA,"DBELQ4843",NA,NA
"9qce7gud7q_clarity.DBEPC6810","clarity.DBEPC6810","9qce7gud7q","32nd & T Street",-121.469505,38.561062,NA,"US","CA","Sacramento","America/Los_Angeles",NA,NA,NA,NA,"DBEPC6810","public","Clarity","PM2.5","UG/M3",NA,"Clarity",NA,NA,NA,NA,NA,NA,NA,NA,"DBEPC6810",NA,NA
"9q5fuj154t_clarity.DBEQK7956","clarity.DBEQK7956","9q5fuj154t","Verdugo Hills HS (8914)",-118.2992911,34.26141086,NA,"US","CA","Los Angeles","America/Los_Angeles",NA,NA,NA,NA,"DBEQK7956","public","Clarity","PM2.5","UG/M3",NA,"Clarity",NA,NA,NA,NA,NA,NA,NA,NA,"DBEQK7956",NA,NA
"9q9279psz2_clarity.DBFBA9378","clarity.DBFBA9378","9q9279psz2","Seaside - Manzanita Elementary School",-121.82776413892,36.6127554548802,NA,"US","CA","Monterey","America/Los_Angeles",NA,NA,NA,NA,"DBFBA9378","public","Clarity","PM2.5","UG/M3",NA,"Clarity",NA,NA,NA,NA,NA,NA,NA,NA,"DBFBA9378",NA,NA
"9q5ce4eqw2_clarity.DBKFN0901","clarity.DBKFN0901","9q5ce4eqw2","Virginia ES (7575)",-118.3399881,34.02852221,NA,"US","CA","Los Angeles","America/Los_Angeles",NA,NA,NA,NA,"DBKFN0901","public","Clarity","PM2.5","UG/M3",NA,"Clarity",NA,NA,NA,NA,NA,NA,NA,NA,"DBKFN0901",NA,NA
"9q5bmzxm9t_clarity.DBKFT7511","clarity.DBKFT7511","9q5bmzxm9t","Dominguez ES (3466)",-118.2138479,33.83611631,NA,"US","CA","Los Angeles","America/Los_Angeles",NA,NA,NA,NA,"DBKFT7511","public","Clarity","PM2.5","UG/M3",NA,"Clarity",NA,NA,NA,NA,NA,NA,NA,NA,"DBKFT7511",NA,NA
"9vk1j6wqzs_clarity.DBKJP6350","clarity.DBKJP6350","9vk1j6wqzs","Houston Health Museum",-95.38537846,29.72194955,NA,"US","TX","Harris","America/Chicago",NA,NA,NA,NA,"DBKJP6350","public","Clarity","PM2.5","UG/M3",NA,"Clarity",NA,NA,NA,NA,NA,NA,NA,NA,"DBKJP6350",NA,NA
"9whpwbccww_clarity.DBNTL3787","clarity.DBNTL3787","9whpwbccww","Health Equity Council #2 (First Nations Health & Wellness)",-106.57568,35.07277,NA,"US","NM","Bernalillo","America/Denver",NA,NA,NA,NA,"DBNTL3787","public","Clarity","PM2.5","UG/M3",NA,"Clarity",NA,NA,NA,NA,NA,NA,NA,NA,"DBNTL3787",NA,NA
"9q5dkd2shk_clarity.DBSPG5119","clarity.DBSPG5119","9q5dkd2shk","Calabash ES (2704)",-118.6294916,34.1585802,NA,"US","CA","Los Angeles","America/Los_Angeles",NA,NA,NA,NA,"DBSPG5119","public","Clarity","PM2.5","UG/M3",NA,"Clarity",NA,NA,NA,NA,NA,NA,NA,NA,"DBSPG5119",NA,NA
"9vk1jfw951_clarity.DBSYC3186","clarity.DBSYC3186","9vk1jfw951","TSU ",-95.363259,29.720946,NA,"US","TX","Harris","America/Chicago",NA,NA,NA,NA,"DBSYC3186","public","Clarity","PM2.5","UG/M3",NA,"Clarity",NA,NA,NA,NA,NA,NA,NA,NA,"DBSYC3186",NA,NA
"9vk1m2xypf_clarity.DBVFS9172","clarity.DBVFS9172","9vk1m2xypf","Wiley Park District C",-95.383305,29.754767,NA,"US","TX","Harris","America/Chicago",NA,NA,NA,NA,"DBVFS9172","public","Clarity","PM2.5","UG/M3",NA,"Clarity",NA,NA,NA,NA,NA,NA,NA,NA,"DBVFS9172",NA,NA
"9q5f30qq6h_clarity.DBVSC6497","clarity.DBVSC6497","9q5f30qq6h","Dixie Canyon ES (3438)",-118.4239431,34.14798021,NA,"US","CA","Los Angeles","America/Los_Angeles",NA,NA,NA,NA,"DBVSC6497","public","Clarity","PM2.5","UG/M3",NA,"Clarity",NA,NA,NA,NA,NA,NA,NA,NA,"DBVSC6497",NA,NA
"9q5cfj9rjv_clarity.DBXLE4724","clarity.DBXLE4724","9q5cfj9rjv","West Hollywood ES (7649)",-118.3867012,34.08905946,NA,"US","CA","Los Angeles","America/Los_Angeles",NA,NA,NA,NA,"DBXLE4724","public","Clarity","PM2.5","UG/M3",NA,"Clarity",NA,NA,NA,NA,NA,NA,NA,NA,"DBXLE4724",NA,NA
"9q9p3y73kh_clarity.DBXMX6871","clarity.DBXMX6871","9q9p3y73kh","VLSB",-122.2622059,37.8714844,NA,"US","CA","Alameda","America/Los_Angeles",NA,NA,NA,NA,"DBXMX6871","public","Clarity","PM2.5","UG/M3",NA,"Clarity",NA,NA,NA,NA,NA,NA,NA,NA,"DBXMX6871",NA,NA
"9q5c7e1cj8_clarity.DBXYW7805","clarity.DBXYW7805","9q5c7e1cj8","59th St ES (3795)",-118.320106,33.98638109,NA,"US","CA","Los Angeles","America/Los_Angeles",NA,NA,NA,NA,"DBXYW7805","public","Clarity","PM2.5","UG/M3",NA,"Clarity",NA,NA,NA,NA,NA,NA,NA,NA,"DBXYW7805",NA,NA
"9q5c2h53jk_clarity.DBZGU2224","clarity.DBZGU2224","9q5c2h53jk","Westminster El (7699)",-118.4718739,33.9918949,NA,"US","CA","Los Angeles","America/Los_Angeles",NA,NA,NA,NA,"DBZGU2224","public","Clarity","PM2.5","UG/M3",NA,"Clarity",NA,NA,NA,NA,NA,NA,NA,NA,"DBZGU2224",NA,NA
"9q5fdhskc9_clarity.DBZIY8874","clarity.DBZIY8874","9q5fdhskc9","Arminta St ES (2205)",-118.3827678,34.21499584,NA,"US","CA","Los Angeles","America/Los_Angeles",NA,NA,NA,NA,"DBZIY8874","public","Clarity","PM2.5","UG/M3",NA,"Clarity",NA,NA,NA,NA,NA,NA,NA,NA,"DBZIY8874",NA,NA
"9q5cu4yhqp_clarity.DCAEL2703","clarity.DCAEL2703","9q5cu4yhqp","Frank Del Olmo ES (2386)",-118.2922753,34.07349299,NA,"US","CA","Los Angeles","America/Los_Angeles",NA,NA,NA,NA,"DCAEL2703","public","Clarity","PM2.5","UG/M3",NA,"Clarity",NA,NA,NA,NA,NA,NA,NA,NA,"DCAEL2703",NA,NA
"9q3ukxm8st_clarity.DCBGV3010","clarity.DCBGV3010","9q3ukxm8st","Lockwood - San Antonio Elementary School",-121.083556245766,35.9432592284964,NA,"US","CA","Monterey","America/Los_Angeles",NA,NA,NA,NA,"DCBGV3010","public","Clarity","PM2.5","UG/M3",NA,"Clarity",NA,NA,NA,NA,NA,NA,NA,NA,"DCBGV3010",NA,NA
"9r1b2nus7t_clarity.DCEFQ1949","clarity.DCEFQ1949","9r1b2nus7t","Brownsville",-121.282726,39.456784,NA,"US","CA","Yuba","America/Los_Angeles",NA,NA,NA,NA,"DCEFQ1949","public","Clarity","PM2.5","UG/M3",NA,"Clarity",NA,NA,NA,NA,NA,NA,NA,NA,"DCEFQ1949",NA,NA
"9tbmcwr2st_clarity.DCENL1384","clarity.DCENL1384","9tbmcwr2st","Sagrado",-112.072361196802,33.3889371700975,NA,"US","AZ","Maricopa","America/Phoenix",NA,NA,NA,NA,"DCENL1384","public","Clarity","PM2.5","UG/M3",NA,"Clarity",NA,NA,NA,NA,NA,NA,NA,NA,"DCENL1384",NA,NA
"9q5csfz35n_clarity.DCEXZ9505","clarity.DCEXZ9505","9q5csfz35n","San Pedro ES (6507)",-118.2577273,34.02898535,NA,"US","CA","Los Angeles","America/Los_Angeles",NA,NA,NA,NA,"DCEXZ9505","public","Clarity","PM2.5","UG/M3",NA,"Clarity",NA,NA,NA,NA,NA,NA,NA,NA,"DCEXZ9505",NA,NA
"9q5ckeewzt_clarity.DCFJW3648","clarity.DCFJW3648","9q5ckeewzt","Estrella ES (2942)",-118.27367,33.990139,NA,"US","CA","Los Angeles","America/Los_Angeles",NA,NA,NA,NA,"DCFJW3648","public","Clarity","PM2.5","UG/M3",NA,"Clarity",NA,NA,NA,NA,NA,NA,NA,NA,"DCFJW3648",NA,NA
"9q8zn869xt_clarity.DCGTP7988","clarity.DCGTP7988","9q8zn869xt","Portsmouth Square",-122.40591,37.79463,NA,"US","CA","San Francisco","America/Los_Angeles",NA,NA,NA,NA,"DCGTP7988","public","Clarity","PM2.5","UG/M3",NA,"Clarity",NA,NA,NA,NA,NA,NA,NA,NA,"DCGTP7988",NA,NA
"9xj5rh4twg_clarity.DCHMB7694","clarity.DCHMB7694","9xj5rh4twg","Fireside Elementary School",-105.157402582948,39.9692221826672,NA,"US","CO","Boulder","America/Denver",NA,NA,NA,NA,"DCHMB7694","public","Clarity","PM2.5","UG/M3",NA,"Clarity",NA,NA,NA,NA,NA,NA,NA,NA,"DCHMB7694",NA,NA
"9qh9621nbr_clarity.DCJCU8577","clarity.DCJCU8577","9qh9621nbr","C&C Center",-117.321613150481,33.9709259854915,NA,"US","CA","Riverside","America/Los_Angeles",NA,NA,NA,NA,"DCJCU8577","public","Clarity","PM2.5","UG/M3",NA,"Clarity",NA,NA,NA,NA,NA,NA,NA,NA,"DCJCU8577",NA,NA
"9q3xsw6je6_clarity.DCNSI4294","clarity.DCNSI4294","9q3xsw6je6","Gonzales-Fairview Middle School",-121.439979734535,36.5098983546457,NA,"US","CA","Monterey","America/Los_Angeles",NA,NA,NA,NA,"DCNSI4294","public","Clarity","PM2.5","UG/M3",NA,"Clarity",NA,NA,NA,NA,NA,NA,NA,NA,"DCNSI4294",NA,NA
"9q5f8ux5s3_clarity.DCQXB2044","clarity.DCQXB2044","9q5f8ux5s3","Ranchito ES (6192)",-118.4338051,34.21478034,NA,"US","CA","Los Angeles","America/Los_Angeles",NA,NA,NA,NA,"DCQXB2044","public","Clarity","PM2.5","UG/M3",NA,"Clarity",NA,NA,NA,NA,NA,NA,NA,NA,"DCQXB2044",NA,NA
"9q5g48182e_clarity.DCRKH1144","clarity.DCRKH1144","9q5g48182e","Brainard ES (2486)",-118.3646126,34.27740781,NA,"US","CA","Los Angeles","America/Los_Angeles",NA,NA,NA,NA,"DCRKH1144","public","Clarity","PM2.5","UG/M3",NA,"Clarity",NA,NA,NA,NA,NA,NA,NA,NA,"DCRKH1144",NA,NA
"9q5cnwvqzy_clarity.DCSLK3168","clarity.DCSLK3168","9q5cnwvqzy","Elizabeth Learning Ctr (3548)",-118.1833671,33.96405384,NA,"US","CA","Los Angeles","America/Los_Angeles",NA,NA,NA,NA,"DCSLK3168","public","Clarity","PM2.5","UG/M3",NA,"Clarity",NA,NA,NA,NA,NA,NA,NA,NA,"DCSLK3168",NA,NA
"9q9pb6w70p_clarity.DCTCU2550","clarity.DCTCU2550","9q9pb6w70p","AGJLDGLM",-122.324178,37.939091,NA,"US","CA","Contra Costa","America/Los_Angeles",NA,NA,NA,NA,"DCTCU2550","public","Clarity","PM2.5","UG/M3",NA,"Clarity",NA,NA,NA,NA,NA,NA,NA,NA,"DCTCU2550",NA,NA
"9q3vgxwubq_clarity.DCTWX0734","clarity.DCTWX0734","9q3vgxwubq","King City Arts Charter San Lorenzo School",-121.125964759071,36.2090404361923,NA,"US","CA","Monterey","America/Los_Angeles",NA,NA,NA,NA,"DCTWX0734","public","Clarity","PM2.5","UG/M3",NA,"Clarity",NA,NA,NA,NA,NA,NA,NA,NA,"DCTWX0734",NA,NA
"9q5bhz4h43_clarity.DCWTZ9819","clarity.DCWTZ9819","9q5bhz4h43","Wilmington Public Library - Inside",-118.264975,33.7891458,NA,"US","CA","Los Angeles","America/Los_Angeles",NA,NA,NA,NA,"DCWTZ9819","public","Clarity","PM2.5","UG/M3",NA,"Clarity",NA,NA,NA,NA,NA,NA,NA,NA,"DCWTZ9819",NA,NA
"9q5ckxz0xf_clarity.DCXRT8351","clarity.DCXRT8351","9q5ckxz0xf","Trinity ES (7219)",-118.2688568,34.01240024,NA,"US","CA","Los Angeles","America/Los_Angeles",NA,NA,NA,NA,"DCXRT8351","public","Clarity","PM2.5","UG/M3",NA,"Clarity",NA,NA,NA,NA,NA,NA,NA,NA,"DCXRT8351",NA,NA
"9qceg8h9mt_clarity.DCYKE1986","clarity.DCYKE1986","9qceg8h9mt","SMAQMD 35",-121.480400503874,38.6281713179925,NA,"US","CA","Sacramento","America/Los_Angeles",NA,NA,NA,NA,"DCYKE1986","public","Clarity","PM2.5","UG/M3",NA,"Clarity",NA,NA,NA,NA,NA,NA,NA,NA,"DCYKE1986",NA,NA
"9q5cuup2pd_clarity.DDANJ7488","clarity.DDANJ7488","9q5cuup2pd","Logan ES (4904)",-118.2575427,34.07960091,NA,"US","CA","Los Angeles","America/Los_Angeles",NA,NA,NA,NA,"DDANJ7488","public","Clarity","PM2.5","UG/M3",NA,"Clarity",NA,NA,NA,NA,NA,NA,NA,NA,"DDANJ7488",NA,NA
"9q5bhz57sg_clarity.DDAZZ3169","clarity.DDAZZ3169","9q5bhz57sg","Wilmington Public Library - Outside",-118.2631545,33.7890744,NA,"US","CA","Los Angeles","America/Los_Angeles",NA,NA,NA,NA,"DDAZZ3169","public","Clarity","PM2.5","UG/M3",NA,"Clarity",NA,NA,NA,NA,NA,NA,NA,NA,"DDAZZ3169",NA,NA
"9q5dwddgge_clarity.DDCSA0684","clarity.DDCSA0684","9q5dwddgge","Reseda ES (6233)",-118.5385522,34.20384802,NA,"US","CA","Los Angeles","America/Los_Angeles",NA,NA,NA,NA,"DDCSA0684","public","Clarity","PM2.5","UG/M3",NA,"Clarity",NA,NA,NA,NA,NA,NA,NA,NA,"DDCSA0684",NA,NA
"9q5bsjdcty_clarity.DDEHY7156","clarity.DDEHY7156","9q5bsjdcty","Gardena HS (8664)",-118.2967569,33.86839575,NA,"US","CA","Los Angeles","America/Los_Angeles",NA,NA,NA,NA,"DDEHY7156","public","Clarity","PM2.5","UG/M3",NA,"Clarity",NA,NA,NA,NA,NA,NA,NA,NA,"DDEHY7156",NA,NA
"9whpx69q4r_clarity.DDFRQ7361","clarity.DDFRQ7361","9whpx69q4r","Health Equity Council #5, Le Jardin Verde",-106.554573909236,35.0831634002989,NA,"US","NM","Bernalillo","America/Denver",NA,NA,NA,NA,"DDFRQ7361","public","Clarity","PM2.5","UG/M3",NA,"Clarity",NA,NA,NA,NA,NA,NA,NA,NA,"DDFRQ7361",NA,NA
"9q5cjeekb2_clarity.DDGAI9905","clarity.DDGAI9905","9q5cjeekb2","Jordan HS (8721)",-118.2303845,33.9458244,NA,"US","CA","Los Angeles","America/Los_Angeles",NA,NA,NA,NA,"DDGAI9905","public","Clarity","PM2.5","UG/M3",NA,"Clarity",NA,NA,NA,NA,NA,NA,NA,NA,"DDGAI9905",NA,NA
"9qcdvp65q3_clarity.DDKTP5983","clarity.DDKTP5983","9qcdvp65q3","David Reese ES",-121.417873,38.492539,NA,"US","CA","Sacramento","America/Los_Angeles",NA,NA,NA,NA,"DDKTP5983","public","Clarity","PM2.5","UG/M3",NA,"Clarity",NA,NA,NA,NA,NA,NA,NA,NA,"DDKTP5983",NA,NA
"9vk0vdrwdv_clarity.DDKYR1789","clarity.DDKYR1789","9vk0vdrwdv","SCRO 2",-95.372878,29.676593,NA,"US","TX","Harris","America/Chicago",NA,NA,NA,NA,"DDKYR1789","public","Clarity","PM2.5","UG/M3",NA,"Clarity",NA,NA,NA,NA,NA,NA,NA,NA,"DDKYR1789",NA,NA
"9q5en6ujys_clarity.DDMGV9100","clarity.DDMGV9100","9q5en6ujys","Castlebay Ln ES (2881)",-118.5476875,34.29346108,NA,"US","CA","Los Angeles","America/Los_Angeles",NA,NA,NA,NA,"DDMGV9100","public","Clarity","PM2.5","UG/M3",NA,"Clarity",NA,NA,NA,NA,NA,NA,NA,NA,"DDMGV9100",NA,NA
"9q8zzs0xp1_clarity.DDNIA8544","clarity.DDNIA8544","9q8zzs0xp1","AWCCW9MM",-122.3647299,37.9479887,NA,"US","CA","Contra Costa","America/Los_Angeles",NA,NA,NA,NA,"DDNIA8544","public","Clarity","PM2.5","UG/M3",NA,"Clarity",NA,NA,NA,NA,NA,NA,NA,NA,"DDNIA8544",NA,NA
"9vk0uz1q4n_clarity.DDQHH2243","clarity.DDQHH2243","9vk0uz1q4n","Braeswood Park",-95.414448,29.702605,NA,"US","TX","Harris","America/Chicago",NA,NA,NA,NA,"DDQHH2243","public","Clarity","PM2.5","UG/M3",NA,"Clarity",NA,NA,NA,NA,NA,NA,NA,NA,"DDQHH2243",NA,NA
"9q5bh439p9_clarity.DDRFC4994","clarity.DDRFC4994","9q5bh439p9","Taper ES (7035)",-118.2983935,33.7625389,NA,"US","CA","Los Angeles","America/Los_Angeles",NA,NA,NA,NA,"DDRFC4994","public","Clarity","PM2.5","UG/M3",NA,"Clarity",NA,NA,NA,NA,NA,NA,NA,NA,"DDRFC4994",NA,NA
"9vk1qtjyvx_clarity.DDUIM1459","clarity.DDUIM1459","9vk1qtjyvx","COCO 2",-95.33122,29.77964,NA,"US","TX","Harris","America/Chicago",NA,NA,NA,NA,"DDUIM1459","public","Clarity","PM2.5","UG/M3",NA,"Clarity",NA,NA,NA,NA,NA,NA,NA,NA,"DDUIM1459",NA,NA
"9xj5rwutjy_clarity.DDXGK3696","clarity.DDXGK3696","9xj5rwutjy","Louisville Middle School",-105.132727702028,39.9842585895902,NA,"US","CO","Boulder","America/Denver",NA,NA,NA,NA,"DDXGK3696","public","Clarity","PM2.5","UG/M3",NA,"Clarity",NA,NA,NA,NA,NA,NA,NA,NA,"DDXGK3696",NA,NA
"9q5f2x8qtt_clarity.DDYQD9304","clarity.DDYQD9304","9q5f2x8qtt","Van Nuys HS/Rogers CHS (8895)",-118.4540054,34.18785012,NA,"US","CA","Los Angeles","America/Los_Angeles",NA,NA,NA,NA,"DDYQD9304","public","Clarity","PM2.5","UG/M3",NA,"Clarity",NA,NA,NA,NA,NA,NA,NA,NA,"DDYQD9304",NA,NA
"9q5fn5hwn5_clarity.DECDQ2241","clarity.DECDQ2241","9q5fn5hwn5","Buchanan ES (2603)",-118.2064522,34.11908877,NA,"US","CA","Los Angeles","America/Los_Angeles",NA,NA,NA,NA,"DECDQ2241","public","Clarity","PM2.5","UG/M3",NA,"Clarity",NA,NA,NA,NA,NA,NA,NA,NA,"DECDQ2241",NA,NA
"9q9p8t2yvz_clarity.DEDSS9035","clarity.DEDSS9035","9q9p8t2yvz","AWMTZX0K",-122.3205,37.9109,NA,"US","CA","Contra Costa","America/Los_Angeles",NA,NA,NA,NA,"DEDSS9035","public","Clarity","PM2.5","UG/M3",NA,"Clarity",NA,NA,NA,NA,NA,NA,NA,NA,"DEDSS9035",NA,NA
"9q5g0bvj5j_clarity.DEDWF4182","clarity.DEDWF4182","9q5g0bvj5j","San Fernando MS (8358)",-118.4366045,34.28235333,NA,"US","CA","Los Angeles","America/Los_Angeles",NA,NA,NA,NA,"DEDWF4182","public","Clarity","PM2.5","UG/M3",NA,"Clarity",NA,NA,NA,NA,NA,NA,NA,NA,"DEDWF4182",NA,NA
"9q9j68dvjp_clarity.DEEPW9164","clarity.DEEPW9164","9q9j68dvjp","SMC Cty Ctr",-122.2298912,37.488998,NA,"US","CA","San Mateo","America/Los_Angeles",NA,NA,NA,NA,"DEEPW9164","public","Clarity","PM2.5","UG/M3",NA,"Clarity",NA,NA,NA,NA,NA,NA,NA,NA,"DEEPW9164",NA,NA
"9q5epm48n5_clarity.DEGCE8921","clarity.DEGCE8921","9q5epm48n5","Van Gogh ES (7422)",-118.5058249,34.30482898,NA,"US","CA","Los Angeles","America/Los_Angeles",NA,NA,NA,NA,"DEGCE8921","public","Clarity","PM2.5","UG/M3",NA,"Clarity",NA,NA,NA,NA,NA,NA,NA,NA,"DEGCE8921",NA,NA
"9q5cyvfj5n_clarity.DEGSX3306","clarity.DEGSX3306","9q5cyvfj5n","El Sereno ES (3562)",-118.1770488,34.09009396,NA,"US","CA","Los Angeles","America/Los_Angeles",NA,NA,NA,NA,"DEGSX3306","public","Clarity","PM2.5","UG/M3",NA,"Clarity",NA,NA,NA,NA,NA,NA,NA,NA,"DEGSX3306",NA,NA
"9q9p3vry8x_clarity.DEILZ2321","clarity.DEILZ2321","9q9p3vry8x","Crossroads",-122.256178,37.8669091,NA,"US","CA","Alameda","America/Los_Angeles",NA,NA,NA,NA,"DEILZ2321","public","Clarity","PM2.5","UG/M3",NA,"Clarity",NA,NA,NA,NA,NA,NA,NA,NA,"DEILZ2321",NA,NA
"9q5fj05d4h_clarity.DEINJ9380","clarity.DEINJ9380","9q5fj05d4h","Allesandro ES (2068)",-118.2519373,34.1019316,NA,"US","CA","Los Angeles","America/Los_Angeles",NA,NA,NA,NA,"DEINJ9380","public","Clarity","PM2.5","UG/M3",NA,"Clarity",NA,NA,NA,NA,NA,NA,NA,NA,"DEINJ9380",NA,NA
"9q5cdn26n2_clarity.DEJVZ9389","clarity.DEJVZ9389","9q5cdn26n2","Robertson Public Library - Inside",-118.3880499,34.048351,NA,"US","CA","Los Angeles","America/Los_Angeles",NA,NA,NA,NA,"DEJVZ9389","public","Clarity","PM2.5","UG/M3",NA,"Clarity",NA,NA,NA,NA,NA,NA,NA,NA,"DEJVZ9389",NA,NA
"9q9z9z5g2q_clarity.DEKAE4747","clarity.DEKAE4747","9q9z9z5g2q","Berkeley-Stockton2",-121.206995,37.919905,NA,"US","CA","San Joaquin","America/Los_Angeles",NA,NA,NA,NA,"DEKAE4747","public","Clarity","PM2.5","UG/M3",NA,"Clarity",NA,NA,NA,NA,NA,NA,NA,NA,"DEKAE4747",NA,NA
"9pzvc702nt_clarity.DEKLW5538","clarity.DEKLW5538","9pzvc702nt","Gladys Valley Bldg",-124.046,44.621,NA,"US","OR","Lincoln","America/Los_Angeles",NA,NA,NA,NA,"DEKLW5538","public","Clarity","PM2.5","UG/M3",NA,"Clarity",NA,NA,NA,NA,NA,NA,NA,NA,"DEKLW5538",NA,NA
"9vk1ss98cp_clarity.DELDQ7544","clarity.DELDQ7544","9vk1ss98cp","American Legion Park District C",-95.425135,29.819809,NA,"US","TX","Harris","America/Chicago",NA,NA,NA,NA,"DELDQ7544","public","Clarity","PM2.5","UG/M3",NA,"Clarity",NA,NA,NA,NA,NA,NA,NA,NA,"DELDQ7544",NA,NA
"9q5ch4hneg_clarity.DELSE1094","clarity.DELSE1094","9q5ch4hneg","Woodcrest ES (7863)",-118.2951233,33.93790083,NA,"US","CA","Los Angeles","America/Los_Angeles",NA,NA,NA,NA,"DELSE1094","public","Clarity","PM2.5","UG/M3",NA,"Clarity",NA,NA,NA,NA,NA,NA,NA,NA,"DELSE1094",NA,NA
"9q962hdgky_clarity.DELSW4166","clarity.DELSW4166","9q962hdgky","Live Oak - Green Acres Elementary School",-121.988206,36.98332,NA,"US","CA","Santa Cruz","America/Los_Angeles",NA,NA,NA,NA,"DELSW4166","public","Clarity","PM2.5","UG/M3",NA,"Clarity",NA,NA,NA,NA,NA,NA,NA,NA,"DELSW4166",NA,NA
"9q5cutdqk5_clarity.DENZC7702","clarity.DENZC7702","9q5cutdqk5","Micheltorena ES (5288)",-118.2755427,34.08891872,NA,"US","CA","Los Angeles","America/Los_Angeles",NA,NA,NA,NA,"DENZC7702","public","Clarity","PM2.5","UG/M3",NA,"Clarity",NA,NA,NA,NA,NA,NA,NA,NA,"DENZC7702",NA,NA
"9q8zxqf2ww_clarity.DEPCA3995","clarity.DEPCA3995","9q8zxqf2ww","A8KNP57K",-122.373332,37.91806,NA,"US","CA","Contra Costa","America/Los_Angeles",NA,NA,NA,NA,"DEPCA3995","public","Clarity","PM2.5","UG/M3",NA,"Clarity",NA,NA,NA,NA,NA,NA,NA,NA,"DEPCA3995",NA,NA
"9q9885syvf_clarity.DEPNM5922","clarity.DEPNM5922","9q9885syvf","Salinas - Sherwood Elementary School",-121.633850583986,36.6707913613516,NA,"US","CA","Monterey","America/Los_Angeles",NA,NA,NA,NA,"DEPNM5922","public","Clarity","PM2.5","UG/M3",NA,"Clarity",NA,NA,NA,NA,NA,NA,NA,NA,"DEPNM5922",NA,NA
"9q8zxpygt2_clarity.DEPSP5274","clarity.DEPSP5274","9q8zxpygt2","AVWLB7NQ",-122.3781966,37.9240372,NA,"US","CA","Contra Costa","America/Los_Angeles",NA,NA,NA,NA,"DEPSP5274","public","Clarity","PM2.5","UG/M3",NA,"Clarity",NA,NA,NA,NA,NA,NA,NA,NA,"DEPSP5274",NA,NA
"9qcduev2cd_clarity.DERLN3689","clarity.DERLN3689","9qcduev2cd","Valley Hi Community Center",-121.435592,38.472889,NA,"US","CA","Sacramento","America/Los_Angeles",NA,NA,NA,NA,"DERLN3689","public","Clarity","PM2.5","UG/M3",NA,"Clarity",NA,NA,NA,NA,NA,NA,NA,NA,"DERLN3689",NA,NA
"9vk0ttz8n6_clarity.DERTK1212","clarity.DERTK1212","9vk0ttz8n6","SCRO 5",-95.372725,29.650742,NA,"US","TX","Harris","America/Chicago",NA,NA,NA,NA,"DERTK1212","public","Clarity","PM2.5","UG/M3",NA,"Clarity",NA,NA,NA,NA,NA,NA,NA,NA,"DERTK1212",NA,NA
"9qcxjqdskq_clarity.DESYM3230","clarity.DESYM3230","9qcxjqdskq","Browns Valley",-121.406292283,39.2356876163,NA,"US","CA","Yuba","America/Los_Angeles",NA,NA,NA,NA,"DESYM3230","public","Clarity","PM2.5","UG/M3",NA,"Clarity",NA,NA,NA,NA,NA,NA,NA,NA,"DESYM3230",NA,NA
"9q5f2kj0s4_clarity.DETIU5310","clarity.DETIU5310","9q5f2kj0s4","Kester ES (4726)",-118.4585367,34.16757857,NA,"US","CA","Los Angeles","America/Los_Angeles",NA,NA,NA,NA,"DETIU5310","public","Clarity","PM2.5","UG/M3",NA,"Clarity",NA,NA,NA,NA,NA,NA,NA,NA,"DETIU5310",NA,NA
"9q94y0khve_clarity.DETKG1755","clarity.DETKG1755","9q94y0khve","Felton (Cal-Fire)",-122.074342116354,37.0481062327721,NA,"US","CA","Santa Cruz","America/Los_Angeles",NA,NA,NA,NA,"DETKG1755","public","Clarity","PM2.5","UG/M3",NA,"Clarity",NA,NA,NA,NA,NA,NA,NA,NA,"DETKG1755",NA,NA
"9q5f4urkj6_clarity.DEWDX3697","clarity.DEWDX3697","9q5f4urkj6","Valley View ES (7397)",-118.345526,34.12560946,NA,"US","CA","Los Angeles","America/Los_Angeles",NA,NA,NA,NA,"DEWDX3697","public","Clarity","PM2.5","UG/M3",NA,"Clarity",NA,NA,NA,NA,NA,NA,NA,NA,"DEWDX3697",NA,NA
"9q8yww184f_clarity.DFELS9391","clarity.DFELS9391","9q8yww184f","Bayshore and Industrial",-122.40748,37.73805,NA,"US","CA","San Francisco","America/Los_Angeles",NA,NA,NA,NA,"DFELS9391","public","Clarity","PM2.5","UG/M3",NA,"Clarity",NA,NA,NA,NA,NA,NA,NA,NA,"DFELS9391",NA,NA
"dhvr5smqtm_clarity.DFHCH1094","clarity.DFHCH1094","dhvr5smqtm","Robles Park",-82.45594,27.97371,NA,"US","FL","Hillsborough","America/New_York",NA,NA,NA,NA,"DFHCH1094","public","Clarity","PM2.5","UG/M3",NA,"Clarity",NA,NA,NA,NA,NA,NA,NA,NA,"DFHCH1094",NA,NA
"drt7h863yf_clarity.DFIGC8025","clarity.DFIGC8025","drt7h863yf","Park/Lawrence",-71.166046205838,42.7165294830753,NA,"US","MA","Essex","America/New_York",NA,NA,NA,NA,"DFIGC8025","public","Clarity","PM2.5","UG/M3",NA,"Clarity",NA,NA,NA,NA,NA,NA,NA,NA,"DFIGC8025",NA,NA
"9q59x5q5wb_clarity.DFIVI8588","clarity.DFIVI8588","9q59x5q5wb","Canyon ES (2795)",-118.5119777,34.03212904,NA,"US","CA","Los Angeles","America/Los_Angeles",NA,NA,NA,NA,"DFIVI8588","public","Clarity","PM2.5","UG/M3",NA,"Clarity",NA,NA,NA,NA,NA,NA,NA,NA,"DFIVI8588",NA,NA
"9xj5pn7mb5_clarity.DFMGQ1661","clarity.DFMGQ1661","9xj5pn7mb5","Superior Elementary School",-105.156668247339,39.9376796943262,NA,"US","CO","Boulder","America/Denver",NA,NA,NA,NA,"DFMGQ1661","public","Clarity","PM2.5","UG/M3",NA,"Clarity",NA,NA,NA,NA,NA,NA,NA,NA,"DFMGQ1661",NA,NA
"9q5bkym37y_clarity.DFRBF6432","clarity.DFRBF6432","9q5bkym37y","Bonita ES (2473)",-118.2604459,33.82852824,NA,"US","CA","Los Angeles","America/Los_Angeles",NA,NA,NA,NA,"DFRBF6432","public","Clarity","PM2.5","UG/M3",NA,"Clarity",NA,NA,NA,NA,NA,NA,NA,NA,"DFRBF6432",NA,NA
"9q5czh2n2z_clarity.DFSXS9563","clarity.DFSXS9563","9q5czh2n2z","Sierra Park ES (6753)",-118.1689051,34.08207784,NA,"US","CA","Los Angeles","America/Los_Angeles",NA,NA,NA,NA,"DFSXS9563","public","Clarity","PM2.5","UG/M3",NA,"Clarity",NA,NA,NA,NA,NA,NA,NA,NA,"DFSXS9563",NA,NA
"9q5bs20b3c_clarity.DFTFM5926","clarity.DFTFM5926","9q5bs20b3c","Van Deene Ave ES (7419)",-118.2886891,33.83794348,NA,"US","CA","Los Angeles","America/Los_Angeles",NA,NA,NA,NA,"DFTFM5926","public","Clarity","PM2.5","UG/M3",NA,"Clarity",NA,NA,NA,NA,NA,NA,NA,NA,"DFTFM5926",NA,NA
"9q5chdsegh_clarity.DFUCB6841","clarity.DFUCB6841","9q5chdsegh","107th St ES (5857)",-118.2724937,33.94018143,NA,"US","CA","Los Angeles","America/Los_Angeles",NA,NA,NA,NA,"DFUCB6841","public","Clarity","PM2.5","UG/M3",NA,"Clarity",NA,NA,NA,NA,NA,NA,NA,NA,"DFUCB6841",NA,NA
"9q5f2geq78_clarity.DFUDK3112","clarity.DFUDK3112","9q5f2geq78","Chandler ES (2959)",-118.438981,34.16581047,NA,"US","CA","Los Angeles","America/Los_Angeles",NA,NA,NA,NA,"DFUDK3112","public","Clarity","PM2.5","UG/M3",NA,"Clarity",NA,NA,NA,NA,NA,NA,NA,NA,"DFUDK3112",NA,NA
"9qce5zzz93_clarity.DFXUN0979","clarity.DFXUN0979","9qce5zzz93","12th Ave & Martin Luther King",-121.465131,38.539962,NA,"US","CA","Sacramento","America/Los_Angeles",NA,NA,NA,NA,"DFXUN0979","public","Clarity","PM2.5","UG/M3",NA,"Clarity",NA,NA,NA,NA,NA,NA,NA,NA,"DFXUN0979",NA,NA
"9qceh8e4h3_clarity.DGAIC0180","clarity.DGAIC0180","9qceh8e4h3","SMAQMD 24",-121.43856,38.49919,NA,"US","CA","Sacramento","America/Los_Angeles",NA,NA,NA,NA,"DGAIC0180","public","Clarity","PM2.5","UG/M3",NA,"Clarity",NA,NA,NA,NA,NA,NA,NA,NA,"DGAIC0180",NA,NA
"9q8zz94ymc_clarity.DGBMK8711","clarity.DGBMK8711","9q8zz94ymc","APXVWBLR",-122.361699,37.931381,NA,"US","CA","Contra Costa","America/Los_Angeles",NA,NA,NA,NA,"DGBMK8711","public","Clarity","PM2.5","UG/M3",NA,"Clarity",NA,NA,NA,NA,NA,NA,NA,NA,"DGBMK8711",NA,NA
"9q5fc52n41_clarity.DGDKB4420","clarity.DGDKB4420","9q5fc52n41","Sharp ES (6665)",-118.4325214,34.25229153,NA,"US","CA","Los Angeles","America/Los_Angeles",NA,NA,NA,NA,"DGDKB4420","public","Clarity","PM2.5","UG/M3",NA,"Clarity",NA,NA,NA,NA,NA,NA,NA,NA,"DGDKB4420",NA,NA
"9tbq4148qw_clarity.DGEFG9197","clarity.DGEFG9197","9tbq4148qw","Irene Lopez",-112.056834,33.404006,NA,"US","AZ","Maricopa","America/Phoenix",NA,NA,NA,NA,"DGEFG9197","public","Clarity","PM2.5","UG/M3",NA,"Clarity",NA,NA,NA,NA,NA,NA,NA,NA,"DGEFG9197",NA,NA
"9q5cg00f4m_clarity.DGFEN3679","clarity.DGFEN3679","9q5cg00f4m","Wilshire Crest ES (7795)",-118.3435949,34.05798818,NA,"US","CA","Los Angeles","America/Los_Angeles",NA,NA,NA,NA,"DGFEN3679","public","Clarity","PM2.5","UG/M3",NA,"Clarity",NA,NA,NA,NA,NA,NA,NA,NA,"DGFEN3679",NA,NA
"9q5buxrc7h_clarity.DGGXN7005","clarity.DGGXN7005","9q5buxrc7h","122nd St ES (5887)",-118.2680346,33.92189811,NA,"US","CA","Los Angeles","America/Los_Angeles",NA,NA,NA,NA,"DGGXN7005","public","Clarity","PM2.5","UG/M3",NA,"Clarity",NA,NA,NA,NA,NA,NA,NA,NA,"DGGXN7005",NA,NA
"9qcdv04dgm_clarity.DGNVP9383","clarity.DGNVP9383","9qcdv04dgm","VH-North Laguna Library",-121.417323,38.452649,NA,"US","CA","Sacramento","America/Los_Angeles",NA,NA,NA,NA,"DGNVP9383","public","Clarity","PM2.5","UG/M3",NA,"Clarity",NA,NA,NA,NA,NA,NA,NA,NA,"DGNVP9383",NA,NA
"9q5dve8jf8_clarity.DGQEA8354","clarity.DGQEA8354","9q5dve8jf8","Chatsworth HS (8583)",-118.5863152,34.25361647,NA,"US","CA","Los Angeles","America/Los_Angeles",NA,NA,NA,NA,"DGQEA8354","public","Clarity","PM2.5","UG/M3",NA,"Clarity",NA,NA,NA,NA,NA,NA,NA,NA,"DGQEA8354",NA,NA
"9q5dxqztfq_clarity.DGQRS8052","clarity.DGQRS8052","9q5dxqztfq","Parthenia ES (6027)",-118.4991182,34.227553,NA,"US","CA","Los Angeles","America/Los_Angeles",NA,NA,NA,NA,"DGQRS8052","public","Clarity","PM2.5","UG/M3",NA,"Clarity",NA,NA,NA,NA,NA,NA,NA,NA,"DGQRS8052",NA,NA
"drmjzc8jmq_clarity.DGRZE6286","clarity.DGRZE6286","drmjzc8jmq","SUEZ Waterpump Station",-71.3779411,41.8011667,NA,"US","RI","Providence","America/New_York",NA,NA,NA,NA,"DGRZE6286","public","Clarity","PM2.5","UG/M3",NA,"Clarity",NA,NA,NA,NA,NA,NA,NA,NA,"DGRZE6286",NA,NA
"9q8zz0v1qm_clarity.DGUWI9315","clarity.DGUWI9315","9q8zz0v1qm","A882RZTJ",-122.380558,37.92917,NA,"US","CA","Contra Costa","America/Los_Angeles",NA,NA,NA,NA,"DGUWI9315","public","Clarity","PM2.5","UG/M3",NA,"Clarity",NA,NA,NA,NA,NA,NA,NA,NA,"DGUWI9315",NA,NA
"9q5cee739q_clarity.DGUZL8093","clarity.DGUZL8093","9q5cee739q","Mid-City Magnet ES (3500)",-118.3182348,34.03181582,NA,"US","CA","Los Angeles","America/Los_Angeles",NA,NA,NA,NA,"DGUZL8093","public","Clarity","PM2.5","UG/M3",NA,"Clarity",NA,NA,NA,NA,NA,NA,NA,NA,"DGUZL8093",NA,NA
"9q5cznznz7_clarity.DGVFI9131","clarity.DGVFI9131","9q5cznznz7","Sierra Vista ES (6767)",-118.1590165,34.09587217,NA,"US","CA","Los Angeles","America/Los_Angeles",NA,NA,NA,NA,"DGVFI9131","public","Clarity","PM2.5","UG/M3",NA,"Clarity",NA,NA,NA,NA,NA,NA,NA,NA,"DGVFI9131",NA,NA
"9q5b5wyrnb_clarity.DGVVD9864","clarity.DGVVD9864","9q5b5wyrnb","Eshelman ES (3640)",-118.3138774,33.78828138,NA,"US","CA","Los Angeles","America/Los_Angeles",NA,NA,NA,NA,"DGVVD9864","public","Clarity","PM2.5","UG/M3",NA,"Clarity",NA,NA,NA,NA,NA,NA,NA,NA,"DGVVD9864",NA,NA
"9q59zdqguc_clarity.DGWEC3815","clarity.DGWEC3815","9q59zdqguc","Kenter Canyon ES (4699)",-118.489052,34.07062664,NA,"US","CA","Los Angeles","America/Los_Angeles",NA,NA,NA,NA,"DGWEC3815","public","Clarity","PM2.5","UG/M3",NA,"Clarity",NA,NA,NA,NA,NA,NA,NA,NA,"DGWEC3815",NA,NA
"9q8yye9zz3_clarity.DGWTX1853","clarity.DGWTX1853","9q8yye9zz3","Fitness SF",-122.406945,37.76959,NA,"US","CA","San Francisco","America/Los_Angeles",NA,NA,NA,NA,"DGWTX1853","public","Clarity","PM2.5","UG/M3",NA,"Clarity",NA,NA,NA,NA,NA,NA,NA,NA,"DGWTX1853",NA,NA
"9vk0u3k13v_clarity.DGXFT2724","clarity.DGXFT2724","9vk0u3k13v","HFD FIRE STATION21",-95.432654,29.670194,NA,"US","TX","Harris","America/Chicago",NA,NA,NA,NA,"DGXFT2724","public","Clarity","PM2.5","UG/M3",NA,"Clarity",NA,NA,NA,NA,NA,NA,NA,NA,"DGXFT2724",NA,NA
"9qcdv9c61d_clarity.DGYHY6211","clarity.DGYHY6211","9qcdv9c61d","Isabelle Jackson ES",-121.397143,38.46212,NA,"US","CA","Sacramento","America/Los_Angeles",NA,NA,NA,NA,"DGYHY6211","public","Clarity","PM2.5","UG/M3",NA,"Clarity",NA,NA,NA,NA,NA,NA,NA,NA,"DGYHY6211",NA,NA
"9vk320bw8n_clarity.DGZAU0027","clarity.DGZAU0027","9vk320bw8n","ACTS007.2",-95.2727406,29.7562457,NA,"US","TX","Harris","America/Chicago",NA,NA,NA,NA,"DGZAU0027","public","Clarity","PM2.5","UG/M3",NA,"Clarity",NA,NA,NA,NA,NA,NA,NA,NA,"DGZAU0027",NA,NA
"9q3y8vndxn_clarity.DHDHE3838","clarity.DHDHE3838","9q3y8vndxn","Greenfield- Mary Chapa Academy",-121.246866125719,36.3267578654179,NA,"US","CA","Monterey","America/Los_Angeles",NA,NA,NA,NA,"DHDHE3838","public","Clarity","PM2.5","UG/M3",NA,"Clarity",NA,NA,NA,NA,NA,NA,NA,NA,"DHDHE3838",NA,NA
"9q8yyscuee_clarity.DHDKM8057","clarity.DHDKM8057","9q8yyscuee","Bessie Carmichael School",-122.407105,37.775905,NA,"US","CA","San Francisco","America/Los_Angeles",NA,NA,NA,NA,"DHDKM8057","public","Clarity","PM2.5","UG/M3",NA,"Clarity",NA,NA,NA,NA,NA,NA,NA,NA,"DHDKM8057",NA,NA
"drmjz54sy8_clarity.DHGYQ5318","clarity.DHGYQ5318","drmjz54sy8","Community Health Center",-71.40742,41.809291,NA,"US","RI","Providence","America/New_York",NA,NA,NA,NA,"DHGYQ5318","public","Clarity","PM2.5","UG/M3",NA,"Clarity",NA,NA,NA,NA,NA,NA,NA,NA,"DHGYQ5318",NA,NA
"9mgzujtnxr_clarity.DHGZF3613","clarity.DHGZF3613","9mgzujtnxr","Cabrillo ES (2685)",-118.2935996,33.7374219,NA,"US","CA","Los Angeles","America/Los_Angeles",NA,NA,NA,NA,"DHGZF3613","public","Clarity","PM2.5","UG/M3",NA,"Clarity",NA,NA,NA,NA,NA,NA,NA,NA,"DHGZF3613",NA,NA
"9vk1ezu3mb_clarity.DHIAU0602","clarity.DHIAU0602","9vk1ezu3mb","T.C. Jester Park",-95.4541163278589,29.8377087133926,NA,"US","TX","Harris","America/Chicago",NA,NA,NA,NA,"DHIAU0602","public","Clarity","PM2.5","UG/M3",NA,"Clarity",NA,NA,NA,NA,NA,NA,NA,NA,"DHIAU0602",NA,NA
"9q7qfg1y0m_clarity.DHKAD7222","clarity.DHKAD7222","9q7qfg1y0m","UCANR Lindcove REC",-119.056423614137,36.3603101172313,NA,"US","CA","Tulare","America/Los_Angeles",NA,NA,NA,NA,"DHKAD7222","public","Clarity","PM2.5","UG/M3",NA,"Clarity",NA,NA,NA,NA,NA,NA,NA,NA,"DHKAD7222",NA,NA
"9q5dsku2pn_clarity.DHKWL7257","clarity.DHKWL7257","9q5dsku2pn","Justice St ES (4692)",-118.6352161,34.21557914,NA,"US","CA","Los Angeles","America/Los_Angeles",NA,NA,NA,NA,"DHKWL7257","public","Clarity","PM2.5","UG/M3",NA,"Clarity",NA,NA,NA,NA,NA,NA,NA,NA,"DHKWL7257",NA,NA
"9q5dwqs6n9_clarity.DHLNB2525","clarity.DHLNB2525","9q5dwqs6n9","Napa ES (5446)",-118.5473465,34.22550847,NA,"US","CA","Los Angeles","America/Los_Angeles",NA,NA,NA,NA,"DHLNB2525","public","Clarity","PM2.5","UG/M3",NA,"Clarity",NA,NA,NA,NA,NA,NA,NA,NA,"DHLNB2525",NA,NA
"9q5c8m9crb_clarity.DHPDJ2915","clarity.DHPDJ2915","9q5c8m9crb","Brockton ES (2548)",-118.4628343,34.04410044,NA,"US","CA","Los Angeles","America/Los_Angeles",NA,NA,NA,NA,"DHPDJ2915","public","Clarity","PM2.5","UG/M3",NA,"Clarity",NA,NA,NA,NA,NA,NA,NA,NA,"DHPDJ2915",NA,NA
"9tbnw89qdv_clarity.DHPKY1424","clarity.DHPKY1424","9tbnw89qdv","Saint Augustine",-112.212518,33.490218,NA,"US","AZ","Maricopa","America/Phoenix",NA,NA,NA,NA,"DHPKY1424","public","Clarity","PM2.5","UG/M3",NA,"Clarity",NA,NA,NA,NA,NA,NA,NA,NA,"DHPKY1424",NA,NA
"9q5g0qbgv7_clarity.DHPYW0905","clarity.DHPYW0905","9q5g0qbgv7","Herrick Ave ES (4515)",-118.4643181,34.31508416,NA,"US","CA","Los Angeles","America/Los_Angeles",NA,NA,NA,NA,"DHPYW0905","public","Clarity","PM2.5","UG/M3",NA,"Clarity",NA,NA,NA,NA,NA,NA,NA,NA,"DHPYW0905",NA,NA
"9q5dzbwx7b_clarity.DHQZK6667","clarity.DHQZK6667","9q5dzbwx7b","Monroe HS (8768)",-118.4784615,34.23739284,NA,"US","CA","Los Angeles","America/Los_Angeles",NA,NA,NA,NA,"DHQZK6667","public","Clarity","PM2.5","UG/M3",NA,"Clarity",NA,NA,NA,NA,NA,NA,NA,NA,"DHQZK6667",NA,NA
"9q5f6dkxf6_clarity.DHRJI7316","clarity.DHRJI7316","9q5f6dkxf6","Toluca Lake ES (7192)",-118.36042,34.1592139,NA,"US","CA","Los Angeles","America/Los_Angeles",NA,NA,NA,NA,"DHRJI7316","public","Clarity","PM2.5","UG/M3",NA,"Clarity",NA,NA,NA,NA,NA,NA,NA,NA,"DHRJI7316",NA,NA
"9q5cgwu2f8_clarity.DHSDE0080","clarity.DHSDE0080","9q5cgwu2f8","Le Conte MS (8226)",-118.316803,34.09482985,NA,"US","CA","Los Angeles","America/Los_Angeles",NA,NA,NA,NA,"DHSDE0080","public","Clarity","PM2.5","UG/M3",NA,"Clarity",NA,NA,NA,NA,NA,NA,NA,NA,"DHSDE0080",NA,NA
"9q5csebq5t_clarity.DHYKK5026","clarity.DHYKK5026","9q5csebq5t","Norwood ES (5699)",-118.2783106,34.03533261,NA,"US","CA","Los Angeles","America/Los_Angeles",NA,NA,NA,NA,"DHYKK5026","public","Clarity","PM2.5","UG/M3",NA,"Clarity",NA,NA,NA,NA,NA,NA,NA,NA,"DHYKK5026",NA,NA
"9q5fnn26bs_clarity.DIBGK5582","clarity.DIBGK5582","9q5fnn26bs","Eagle Rock ES (3507)",-118.212516,34.13639251,NA,"US","CA","Los Angeles","America/Los_Angeles",NA,NA,NA,NA,"DIBGK5582","public","Clarity","PM2.5","UG/M3",NA,"Clarity",NA,NA,NA,NA,NA,NA,NA,NA,"DIBGK5582",NA,NA
"9q8ywxbey5_clarity.DICWT6280","clarity.DICWT6280","9q8ywxbey5","Cesar Chavez and Hampshire",-122.40872,37.74831,NA,"US","CA","San Francisco","America/Los_Angeles",NA,NA,NA,NA,"DICWT6280","public","Clarity","PM2.5","UG/M3",NA,"Clarity",NA,NA,NA,NA,NA,NA,NA,NA,"DICWT6280",NA,NA
"9q5c4p80mc_clarity.DIDJN5226","clarity.DIDJN5226","9q5c4p80mc","Westport Hts ES (7712)",-118.3884248,33.96702934,NA,"US","CA","Los Angeles","America/Los_Angeles",NA,NA,NA,NA,"DIDJN5226","public","Clarity","PM2.5","UG/M3",NA,"Clarity",NA,NA,NA,NA,NA,NA,NA,NA,"DIDJN5226",NA,NA
"9vk0yd12e1_clarity.DIEYD3420","clarity.DIEYD3420","9vk0yd12e1","HFD Station 35",-95.33750105,29.67416425,NA,"US","TX","Harris","America/Chicago",NA,NA,NA,NA,"DIEYD3420","public","Clarity","PM2.5","UG/M3",NA,"Clarity",NA,NA,NA,NA,NA,NA,NA,NA,"DIEYD3420",NA,NA
"9q8zxwzpkq_clarity.DIFHL7622","clarity.DIFHL7622","9q8zxwzpkq","AP7QGTTR",-122.355923,37.919218,NA,"US","CA","Contra Costa","America/Los_Angeles",NA,NA,NA,NA,"DIFHL7622","public","Clarity","PM2.5","UG/M3",NA,"Clarity",NA,NA,NA,NA,NA,NA,NA,NA,"DIFHL7622",NA,NA
"9q8yx4dq22_clarity.DIFQS3587","clarity.DIFQS3587","9q8yx4dq22","Berkeley-BVHP2",-122.3845849,37.7198873,NA,"US","CA","San Francisco","America/Los_Angeles",NA,NA,NA,NA,"DIFQS3587","public","Clarity","PM2.5","UG/M3",NA,"Clarity",NA,NA,NA,NA,NA,NA,NA,NA,"DIFQS3587",NA,NA
"9q5c9gtz5f_clarity.DIKCC3205","clarity.DIKCC3205","9q5c9gtz5f","Hamilton HS (8686)",-118.3915984,34.03411451,NA,"US","CA","Los Angeles","America/Los_Angeles",NA,NA,NA,NA,"DIKCC3205","public","Clarity","PM2.5","UG/M3",NA,"Clarity",NA,NA,NA,NA,NA,NA,NA,NA,"DIKCC3205",NA,NA
"9q5g0t3xgn_clarity.DILLD6235","clarity.DILLD6235","9q5g0t3xgn","Sylmar Public Library - Inside",-118.452393,34.3075482,NA,"US","CA","Los Angeles","America/Los_Angeles",NA,NA,NA,NA,"DILLD6235","public","Clarity","PM2.5","UG/M3",NA,"Clarity",NA,NA,NA,NA,NA,NA,NA,NA,"DILLD6235",NA,NA
"9qbu3y69q1_clarity.DILMS3933","clarity.DILMS3933","9qbu3y69q1","Middletown Senior Center",-122.614714,38.750377,NA,"US","CA","Lake","America/Los_Angeles",NA,NA,NA,NA,"DILMS3933","public","Clarity","PM2.5","UG/M3",NA,"Clarity",NA,NA,NA,NA,NA,NA,NA,NA,"DILMS3933",NA,NA
"9q5cv0c2jz_clarity.DILYI7450","clarity.DILYI7450","9q5cv0c2jz","Roybal LC (8544)",-118.2548703,34.06177624,NA,"US","CA","Los Angeles","America/Los_Angeles",NA,NA,NA,NA,"DILYI7450","public","Clarity","PM2.5","UG/M3",NA,"Clarity",NA,NA,NA,NA,NA,NA,NA,NA,"DILYI7450",NA,NA
"9q5bjq84dm_clarity.DIMAT2171","clarity.DIMAT2171","9q5bjq84dm","Wilmington Pk ES (7781)",-118.2457519,33.78616669,NA,"US","CA","Los Angeles","America/Los_Angeles",NA,NA,NA,NA,"DIMAT2171","public","Clarity","PM2.5","UG/M3",NA,"Clarity",NA,NA,NA,NA,NA,NA,NA,NA,"DIMAT2171",NA,NA
"9q8ywgekjz_clarity.DIMDE5469","clarity.DIMDE5469","9q8ywgekjz","Bayview Hunters Point Foundation",-122.39397,37.72503,NA,"US","CA","San Francisco","America/Los_Angeles",NA,NA,NA,NA,"DIMDE5469","public","Clarity","PM2.5","UG/M3",NA,"Clarity",NA,NA,NA,NA,NA,NA,NA,NA,"DIMDE5469",NA,NA
"9vk1jh9fyy_clarity.DINQH7646","clarity.DINQH7646","9vk1jh9fyy","Evan Chew Dog Park District C",-95.402571,29.732255,NA,"US","TX","Harris","America/Chicago",NA,NA,NA,NA,"DINQH7646","public","Clarity","PM2.5","UG/M3",NA,"Clarity",NA,NA,NA,NA,NA,NA,NA,NA,"DINQH7646",NA,NA
"9q59xxfwzb_clarity.DIPFG0304","clarity.DIPFG0304","9q59xxfwzb","Revere MS (8356)",-118.4947597,34.05740584,NA,"US","CA","Los Angeles","America/Los_Angeles",NA,NA,NA,NA,"DIPFG0304","public","Clarity","PM2.5","UG/M3",NA,"Clarity",NA,NA,NA,NA,NA,NA,NA,NA,"DIPFG0304",NA,NA
"9q8zen3upr_clarity.DIQYU2706","clarity.DIQYU2706","9q8zen3upr","Summit Ave",-122.560751725166,37.9159184595481,NA,"US","CA","Marin","America/Los_Angeles",NA,NA,NA,NA,"DIQYU2706","public","Clarity","PM2.5","UG/M3",NA,"Clarity",NA,NA,NA,NA,NA,NA,NA,NA,"DIQYU2706",NA,NA
"9q5f86gvx4_clarity.DIRNV4640","clarity.DIRNV4640","9q5f86gvx4","Valerio ES (7384)",-118.4601239,34.20551919,NA,"US","CA","Los Angeles","America/Los_Angeles",NA,NA,NA,NA,"DIRNV4640","public","Clarity","PM2.5","UG/M3",NA,"Clarity",NA,NA,NA,NA,NA,NA,NA,NA,"DIRNV4640",NA,NA
"9q5cj8dghm_clarity.DITNY2879","clarity.DITNY2879","9q5cj8dghm","Imperial Hwy.",-118.2309,33.92907,NA,"US","CA","Los Angeles","America/Los_Angeles",NA,NA,NA,NA,"DITNY2879","public","Clarity","PM2.5","UG/M3",NA,"Clarity",NA,NA,NA,NA,NA,NA,NA,NA,"DITNY2879",NA,NA
"9q5dx2e4rn_clarity.DIWYC4681","clarity.DIWYC4681","9q5dx2e4rn","Mulholland MS (8259)",-118.5050944,34.19261977,NA,"US","CA","Los Angeles","America/Los_Angeles",NA,NA,NA,NA,"DIWYC4681","public","Clarity","PM2.5","UG/M3",NA,"Clarity",NA,NA,NA,NA,NA,NA,NA,NA,"DIWYC4681",NA,NA
"9q5cqsm142_clarity.DJFHT7433","clarity.DJFHT7433","9q5cqsm142","Maywood ES (2381)",-118.1839505,33.99324429,NA,"US","CA","Los Angeles","America/Los_Angeles",NA,NA,NA,NA,"DJFHT7433","public","Clarity","PM2.5","UG/M3",NA,"Clarity",NA,NA,NA,NA,NA,NA,NA,NA,"DJFHT7433",NA,NA
"9q9pb4062h_clarity.DJGUR0491","clarity.DJGUR0491","9q9pb4062h","A0KJVP8J",-122.3434,37.9362,NA,"US","CA","Contra Costa","America/Los_Angeles",NA,NA,NA,NA,"DJGUR0491","public","Clarity","PM2.5","UG/M3",NA,"Clarity",NA,NA,NA,NA,NA,NA,NA,NA,"DJGUR0491",NA,NA
"9q5fcwg7b7_clarity.DJIDB3338","clarity.DJIDB3338","9q5fcwg7b7","Maclay MS (8228)",-118.4061686,34.27114224,NA,"US","CA","Los Angeles","America/Los_Angeles",NA,NA,NA,NA,"DJIDB3338","public","Clarity","PM2.5","UG/M3",NA,"Clarity",NA,NA,NA,NA,NA,NA,NA,NA,"DJIDB3338",NA,NA
"9mgzu1rxv8_clarity.DJJGT2494","clarity.DJJGT2494","9mgzu1rxv8","Point Fermin Magnet ES (6137)",-118.2902397,33.7142556,NA,"US","CA","Los Angeles","America/Los_Angeles",NA,NA,NA,NA,"DJJGT2494","public","Clarity","PM2.5","UG/M3",NA,"Clarity",NA,NA,NA,NA,NA,NA,NA,NA,"DJJGT2494",NA,NA
"9q8yxk3dtg_clarity.DJJQG0582","clarity.DJJQG0582","9q8yxk3dtg","Wu Yee Children's Services",-122.3744,37.72887,NA,"US","CA","San Francisco","America/Los_Angeles",NA,NA,NA,NA,"DJJQG0582","public","Clarity","PM2.5","UG/M3",NA,"Clarity",NA,NA,NA,NA,NA,NA,NA,NA,"DJJQG0582",NA,NA
"9vk0zs20eg_clarity.DJJXZ9239","clarity.DJJXZ9239","9vk0zs20eg","7411 Park Place",-95.2952425783926,29.6865361939117,NA,"US","TX","Harris","America/Chicago",NA,NA,NA,NA,"DJJXZ9239","public","Clarity","PM2.5","UG/M3",NA,"Clarity",NA,NA,NA,NA,NA,NA,NA,NA,"DJJXZ9239",NA,NA
"9q5cbdeq2h_clarity.DJKJK2078","clarity.DJKJK2078","9q5cbdeq2h","Sproul Hall",-118.4501209,34.0724491,NA,"US","CA","Los Angeles","America/Los_Angeles",NA,NA,NA,NA,"DJKJK2078","public","Clarity","PM2.5","UG/M3",NA,"Clarity",NA,NA,NA,NA,NA,NA,NA,NA,"DJKJK2078",NA,NA
"9qcek42hkx_clarity.DJPQM8844","clarity.DJPQM8844","9qcek42hkx","37th Street & 1st Ave",-121.464643,38.553168,NA,"US","CA","Sacramento","America/Los_Angeles",NA,NA,NA,NA,"DJPQM8844","public","Clarity","PM2.5","UG/M3",NA,"Clarity",NA,NA,NA,NA,NA,NA,NA,NA,"DJPQM8844",NA,NA
"9qcek329mt_clarity.DJPTM4407","clarity.DJPTM4407","9qcek329mt","Broadway & Stockton",-121.452928,38.54715,NA,"US","CA","Sacramento","America/Los_Angeles",NA,NA,NA,NA,"DJPTM4407","public","Clarity","PM2.5","UG/M3",NA,"Clarity",NA,NA,NA,NA,NA,NA,NA,NA,"DJPTM4407",NA,NA
"9whpx3659k_clarity.DJRGD0583","clarity.DJRGD0583","9whpx3659k","Health Council #3 East Central Ministries",-106.55359,35.07585,NA,"US","NM","Bernalillo","America/Denver",NA,NA,NA,NA,"DJRGD0583","public","Clarity","PM2.5","UG/M3",NA,"Clarity",NA,NA,NA,NA,NA,NA,NA,NA,"DJRGD0583",NA,NA
"9qcefufnbb_clarity.DJRPX9460","clarity.DJRPX9460","9qcefufnbb","UCDH-N",-121.516986,38.655183,NA,"US","CA","Sacramento","America/Los_Angeles",NA,NA,NA,NA,"DJRPX9460","public","Clarity","PM2.5","UG/M3",NA,"Clarity",NA,NA,NA,NA,NA,NA,NA,NA,"DJRPX9460",NA,NA
"9q5fdsvu0v_clarity.DJSYY0913","clarity.DJSYY0913","9q5fdsvu0v","Glenwood ES (4192)",-118.3587602,34.21626425,NA,"US","CA","Los Angeles","America/Los_Angeles",NA,NA,NA,NA,"DJSYY0913","public","Clarity","PM2.5","UG/M3",NA,"Clarity",NA,NA,NA,NA,NA,NA,NA,NA,"DJSYY0913",NA,NA
"9q9p8gdrp4_clarity.DJTDK0961","clarity.DJTDK0961","9q9p8gdrp4","AK80QP18",-122.3074,37.9013,NA,"US","CA","Contra Costa","America/Los_Angeles",NA,NA,NA,NA,"DJTDK0961","public","Clarity","PM2.5","UG/M3",NA,"Clarity",NA,NA,NA,NA,NA,NA,NA,NA,"DJTDK0961",NA,NA
"9rbmd9npgj_clarity.DJUKY9267","clarity.DJUKY9267","9rbmd9npgj","Bates Hall",-123.2802,44.5674,NA,"US","OR","Benton","America/Los_Angeles",NA,NA,NA,NA,"DJUKY9267","public","Clarity","PM2.5","UG/M3",NA,"Clarity",NA,NA,NA,NA,NA,NA,NA,NA,"DJUKY9267",NA,NA
"9q5cwddyzx_clarity.DJWLT2138","clarity.DJWLT2138","9q5cwddyzx","Rowan ES (6425)",-118.1868189,34.0286054,NA,"US","CA","Los Angeles","America/Los_Angeles",NA,NA,NA,NA,"DJWLT2138","public","Clarity","PM2.5","UG/M3",NA,"Clarity",NA,NA,NA,NA,NA,NA,NA,NA,"DJWLT2138",NA,NA
"9vk0vndzgn_clarity.DJWLV8880","clarity.DJWLV8880","9vk0vndzgn","HFD Station 33",-95.4013581,29.7001591,NA,"US","TX","Harris","America/Chicago",NA,NA,NA,NA,"DJWLV8880","public","Clarity","PM2.5","UG/M3",NA,"Clarity",NA,NA,NA,NA,NA,NA,NA,NA,"DJWLV8880",NA,NA
"9q5cy3yhcm_clarity.DJXWL3054","clarity.DJXWL3054","9q5cy3yhcm","Multnomah St ES (5425)",-118.1936026,34.06807501,NA,"US","CA","Los Angeles","America/Los_Angeles",NA,NA,NA,NA,"DJXWL3054","public","Clarity","PM2.5","UG/M3",NA,"Clarity",NA,NA,NA,NA,NA,NA,NA,NA,"DJXWL3054",NA,NA
"9q8yyssjj9_clarity.DJXWX5831","clarity.DJXWX5831","9q8yyssjj9","7th and Bryant",-122.403937,37.77461,NA,"US","CA","San Francisco","America/Los_Angeles",NA,NA,NA,NA,"DJXWX5831","public","Clarity","PM2.5","UG/M3",NA,"Clarity",NA,NA,NA,NA,NA,NA,NA,NA,"DJXWX5831",NA,NA
"9q5cj71vjd_clarity.DJXXX3494","clarity.DJXXX3494","9q5cj71vjd","103rd St.",-118.24321,33.94313,NA,"US","CA","Los Angeles","America/Los_Angeles",NA,NA,NA,NA,"DJXXX3494","public","Clarity","PM2.5","UG/M3",NA,"Clarity",NA,NA,NA,NA,NA,NA,NA,NA,"DJXXX3494",NA,NA
"9xj5r2gt3m_clarity.DJYJJ4335","clarity.DJYJJ4335","9xj5r2gt3m","Monarch PreK-8",-105.145277481329,39.9513372086193,NA,"US","CO","Boulder","America/Denver",NA,NA,NA,NA,"DJYJJ4335","public","Clarity","PM2.5","UG/M3",NA,"Clarity",NA,NA,NA,NA,NA,NA,NA,NA,"DJYJJ4335",NA,NA
"9vk0g9c3b3_clarity.DJYKC2813","clarity.DJYKC2813","9vk0g9c3b3","Godwin Park",-95.46946,29.67301,NA,"US","TX","Harris","America/Chicago",NA,NA,NA,NA,"DJYKC2813","public","Clarity","PM2.5","UG/M3",NA,"Clarity",NA,NA,NA,NA,NA,NA,NA,NA,"DJYKC2813",NA,NA
"9q94qqskcw_clarity.DJYPE9888","clarity.DJYPE9888","9q94qqskcw","Environmental Services Facility",-122.0631818,36.9945658,NA,"US","CA","Santa Cruz","America/Los_Angeles",NA,NA,NA,NA,"DJYPE9888","public","Clarity","PM2.5","UG/M3",NA,"Clarity",NA,NA,NA,NA,NA,NA,NA,NA,"DJYPE9888",NA,NA
"9q5bu4t893_clarity.DJYVU1549","clarity.DJYVU1549","9q5bu4t893","Amestoy ES (2096)",-118.2931638,33.89566154,NA,"US","CA","Los Angeles","America/Los_Angeles",NA,NA,NA,NA,"DJYVU1549","public","Clarity","PM2.5","UG/M3",NA,"Clarity",NA,NA,NA,NA,NA,NA,NA,NA,"DJYVU1549",NA,NA
"9q5c6sz6ub_clarity.DJZQY6481","clarity.DJZQY6481","9q5c6sz6ub","Windsor Magnet ES (7822)",-118.3565308,33.99629386,NA,"US","CA","Los Angeles","America/Los_Angeles",NA,NA,NA,NA,"DJZQY6481","public","Clarity","PM2.5","UG/M3",NA,"Clarity",NA,NA,NA,NA,NA,NA,NA,NA,"DJZQY6481",NA,NA
"9vk30kge90_clarity.DKBKQ8699","clarity.DKBKQ8699","9vk30kge90","ACTS004.2",-95.257593,29.733726,NA,"US","TX","Harris","America/Chicago",NA,NA,NA,NA,"DKBKQ8699","public","Clarity","PM2.5","UG/M3",NA,"Clarity",NA,NA,NA,NA,NA,NA,NA,NA,"DKBKQ8699",NA,NA
"9qcdtnwupm_clarity.DKDAE5231","clarity.DKDAE5231","9qcdtnwupm","Irene B West ES",-121.411307,38.444625,NA,"US","CA","Sacramento","America/Los_Angeles",NA,NA,NA,NA,"DKDAE5231","public","Clarity","PM2.5","UG/M3",NA,"Clarity",NA,NA,NA,NA,NA,NA,NA,NA,"DKDAE5231",NA,NA
"9q5dvh9060_clarity.DKDDW4503","clarity.DKDDW4503","9q5dvh9060","Chatsworth ES (3027)",-118.6069367,34.25816161,NA,"US","CA","Los Angeles","America/Los_Angeles",NA,NA,NA,NA,"DKDDW4503","public","Clarity","PM2.5","UG/M3",NA,"Clarity",NA,NA,NA,NA,NA,NA,NA,NA,"DKDDW4503",NA,NA
"9q5cb8u0d6_clarity.DKDJZ8833","clarity.DKDJZ8833","9q5cb8u0d6","Sycamore Court Apartments",-118.4489908,34.0618368,NA,"US","CA","Los Angeles","America/Los_Angeles",NA,NA,NA,NA,"DKDJZ8833","public","Clarity","PM2.5","UG/M3",NA,"Clarity",NA,NA,NA,NA,NA,NA,NA,NA,"DKDJZ8833",NA,NA
"9q5cq42yjr_clarity.DKERX1708","clarity.DKERX1708","9q5cq42yjr","San Antonio ES (4641)",-118.2116296,33.98315554,NA,"US","CA","Los Angeles","America/Los_Angeles",NA,NA,NA,NA,"DKERX1708","public","Clarity","PM2.5","UG/M3",NA,"Clarity",NA,NA,NA,NA,NA,NA,NA,NA,"DKERX1708",NA,NA
"9qcmns0gv3_clarity.DKFPH5224","clarity.DKFPH5224","9qcmns0gv3","Robbins",-121.70528,38.870281,NA,"US","CA","Sutter","America/Los_Angeles",NA,NA,NA,NA,"DKFPH5224","public","Clarity","PM2.5","UG/M3",NA,"Clarity",NA,NA,NA,NA,NA,NA,NA,NA,"DKFPH5224",NA,NA
"9q5f9zeq7c_clarity.DKFST6192","clarity.DKFST6192","9q5f9zeq7c","Fernangeles ES (3753)",-118.3950304,34.23173216,NA,"US","CA","Los Angeles","America/Los_Angeles",NA,NA,NA,NA,"DKFST6192","public","Clarity","PM2.5","UG/M3",NA,"Clarity",NA,NA,NA,NA,NA,NA,NA,NA,"DKFST6192",NA,NA
"9vk1jj40sm_clarity.DKFUX0593","clarity.DKFUX0593","9vk1jj40sm","HFD Station 16",-95.4023405,29.7346128,NA,"US","TX","Harris","America/Chicago",NA,NA,NA,NA,"DKFUX0593","public","Clarity","PM2.5","UG/M3",NA,"Clarity",NA,NA,NA,NA,NA,NA,NA,NA,"DKFUX0593",NA,NA
"9qceu0t1we_clarity.DKHXT5140","clarity.DKHXT5140","9qceu0t1we","Norwood & Silver Eagle",-121.457694,38.630954,NA,"US","CA","Sacramento","America/Los_Angeles",NA,NA,NA,NA,"DKHXT5140","public","Clarity","PM2.5","UG/M3",NA,"Clarity",NA,NA,NA,NA,NA,NA,NA,NA,"DKHXT5140",NA,NA
"9qcehqb4hh_clarity.DKHYA7815","clarity.DKHYA7815","9qcehqb4hh","45th Street & Roosevelt Ave",-121.453679,38.53354,NA,"US","CA","Sacramento","America/Los_Angeles",NA,NA,NA,NA,"DKHYA7815","public","Clarity","PM2.5","UG/M3",NA,"Clarity",NA,NA,NA,NA,NA,NA,NA,NA,"DKHYA7815",NA,NA
"9q3rcs315x_clarity.DKIVC1709","clarity.DKIVC1709","9q3rcs315x","Carmel - Carmel River Elementary School",-121.92473772334,36.5421149840882,NA,"US","CA","Monterey","America/Los_Angeles",NA,NA,NA,NA,"DKIVC1709","public","Clarity","PM2.5","UG/M3",NA,"Clarity",NA,NA,NA,NA,NA,NA,NA,NA,"DKIVC1709",NA,NA
"9q5cgpe6hs_clarity.DKLAX6235","clarity.DKLAX6235","9q5cgpe6hs","Hollywood HS (8693)",-118.340061,34.09918178,NA,"US","CA","Los Angeles","America/Los_Angeles",NA,NA,NA,NA,"DKLAX6235","public","Clarity","PM2.5","UG/M3",NA,"Clarity",NA,NA,NA,NA,NA,NA,NA,NA,"DKLAX6235",NA,NA
"9q9p8efj7p_clarity.DKMDG7476","clarity.DKMDG7476","9q9p8efj7p","ABTCKN6K",-122.3189,37.9024,NA,"US","CA","Contra Costa","America/Los_Angeles",NA,NA,NA,NA,"DKMDG7476","public","Clarity","PM2.5","UG/M3",NA,"Clarity",NA,NA,NA,NA,NA,NA,NA,NA,"DKMDG7476",NA,NA
"9q5cve3g5y_clarity.DKNWJ9428","clarity.DKNWJ9428","9q5cve3g5y","Solano ES (6836)",-118.2322976,34.0760205,NA,"US","CA","Los Angeles","America/Los_Angeles",NA,NA,NA,NA,"DKNWJ9428","public","Clarity","PM2.5","UG/M3",NA,"Clarity",NA,NA,NA,NA,NA,NA,NA,NA,"DKNWJ9428",NA,NA
"9q5f97nnpd_clarity.DKRIU1349","clarity.DKRIU1349","9q5f97nnpd","Lowman Sp Ed Ctr (1948)",-118.4130599,34.20697585,NA,"US","CA","Los Angeles","America/Los_Angeles",NA,NA,NA,NA,"DKRIU1349","public","Clarity","PM2.5","UG/M3",NA,"Clarity",NA,NA,NA,NA,NA,NA,NA,NA,"DKRIU1349",NA,NA
"9q5dmyx7r2_clarity.DKRPJ6886","clarity.DKRPJ6886","9q5dmyx7r2","Calvert ES (2712)",-118.5651652,34.1817735,NA,"US","CA","Los Angeles","America/Los_Angeles",NA,NA,NA,NA,"DKRPJ6886","public","Clarity","PM2.5","UG/M3",NA,"Clarity",NA,NA,NA,NA,NA,NA,NA,NA,"DKRPJ6886",NA,NA
"9qcdv5c343_clarity.DKTDB6417","clarity.DKTDB6417","9qcdv5c343","Mack Partnership",-121.41908,38.47293,NA,"US","CA","Sacramento","America/Los_Angeles",NA,NA,NA,NA,"DKTDB6417","public","Clarity","PM2.5","UG/M3",NA,"Clarity",NA,NA,NA,NA,NA,NA,NA,NA,"DKTDB6417",NA,NA
"9qce5yxyu8_clarity.DKTZN9964","clarity.DKTZN9964","9qce5yxyu8","22nd Ave & Martin Luther King",-121.464989,38.53296,NA,"US","CA","Sacramento","America/Los_Angeles",NA,NA,NA,NA,"DKTZN9964","public","Clarity","PM2.5","UG/M3",NA,"Clarity",NA,NA,NA,NA,NA,NA,NA,NA,"DKTZN9964",NA,NA
"9q5cbcf2fn_clarity.DKUCV1988","clarity.DKUCV1988","9q5cbcf2fn","Terasaki Life Sciences",-118.4404267,34.0673932,NA,"US","CA","Los Angeles","America/Los_Angeles",NA,NA,NA,NA,"DKUCV1988","public","Clarity","PM2.5","UG/M3",NA,"Clarity",NA,NA,NA,NA,NA,NA,NA,NA,"DKUCV1988",NA,NA
"9qcxr3wert_clarity.DKURG3769","clarity.DKURG3769","9qcxr3wert","UCANR Sierra Foothills REC",-121.3127687,39.2519935,NA,"US","CA","Yuba","America/Los_Angeles",NA,NA,NA,NA,"DKURG3769","public","Clarity","PM2.5","UG/M3",NA,"Clarity",NA,NA,NA,NA,NA,NA,NA,NA,"DKURG3769",NA,NA
"9q94z21quj_clarity.DKUWF3436","clarity.DKUWF3436","9q94z21quj","Scotts Valley Middle School",-122.023250084656,37.0470853594211,NA,"US","CA","Santa Cruz","America/Los_Angeles",NA,NA,NA,NA,"DKUWF3436","public","Clarity","PM2.5","UG/M3",NA,"Clarity",NA,NA,NA,NA,NA,NA,NA,NA,"DKUWF3436",NA,NA
"9q6h5087d9_clarity.DKXCB2891","clarity.DKXCB2891","9q6h5087d9","Bradley",-120.805208070746,35.8627292808106,NA,"US","CA","Monterey","America/Los_Angeles",NA,NA,NA,NA,"DKXCB2891","public","Clarity","PM2.5","UG/M3",NA,"Clarity",NA,NA,NA,NA,NA,NA,NA,NA,"DKXCB2891",NA,NA
"9xj5r3j8zy_clarity.DKXFT9896","clarity.DKXFT9896","9xj5r3j8zy","Monarch High School",-105.14225529087,39.9519454230697,NA,"US","CO","Boulder","America/Denver",NA,NA,NA,NA,"DKXFT9896","public","Clarity","PM2.5","UG/M3",NA,"Clarity",NA,NA,NA,NA,NA,NA,NA,NA,"DKXFT9896",NA,NA
"9q5c9ywz4e_clarity.DKXJV9230","clarity.DKXJV9230","9q5c9ywz4e","Canfield ES (2740)",-118.3902784,34.05059787,NA,"US","CA","Los Angeles","America/Los_Angeles",NA,NA,NA,NA,"DKXJV9230","public","Clarity","PM2.5","UG/M3",NA,"Clarity",NA,NA,NA,NA,NA,NA,NA,NA,"DKXJV9230",NA,NA
"9q5fjyweun_clarity.DKYHP0008","clarity.DKYHP0008","9q5fjyweun","Eagle Rock Public Library - Outside",-118.2147723,34.1379474,NA,"US","CA","Los Angeles","America/Los_Angeles",NA,NA,NA,NA,"DKYHP0008","public","Clarity","PM2.5","UG/M3",NA,"Clarity",NA,NA,NA,NA,NA,NA,NA,NA,"DKYHP0008",NA,NA
"9q5dz5uknf_clarity.DKYPX8883","clarity.DKYPX8883","9q5dz5uknf","Andasol ES (2117)",-118.5143751,34.25469909,NA,"US","CA","Los Angeles","America/Los_Angeles",NA,NA,NA,NA,"DKYPX8883","public","Clarity","PM2.5","UG/M3",NA,"Clarity",NA,NA,NA,NA,NA,NA,NA,NA,"DKYPX8883",NA,NA
"9q8yx7bene_clarity.DKYUH8186","clarity.DKYUH8186","9q8yx7bene","UCSF Hunter’s Point",-122.3757414,37.7262111,NA,"US","CA","San Francisco","America/Los_Angeles",NA,NA,NA,NA,"DKYUH8186","public","Clarity","PM2.5","UG/M3",NA,"Clarity",NA,NA,NA,NA,NA,NA,NA,NA,"DKYUH8186",NA,NA
"9q9hq2sm3x_clarity.DLDMT9126","clarity.DLDMT9126","9q9hq2sm3x","Environment Education Center",-122.0631833,37.3132582,NA,"US","CA","Santa Clara","America/Los_Angeles",NA,NA,NA,NA,"DLDMT9126","public","Clarity","PM2.5","UG/M3",NA,"Clarity",NA,NA,NA,NA,NA,NA,NA,NA,"DLDMT9126",NA,NA
"9q9j5yy9zd_clarity.DLFDK2079","clarity.DLFDK2079","9q9j5yy9zd","Kelly Park in Menlo Park",-122.1697,37.4788,NA,"US","CA","San Mateo","America/Los_Angeles",NA,NA,NA,NA,"DLFDK2079","public","Clarity","PM2.5","UG/M3",NA,"Clarity",NA,NA,NA,NA,NA,NA,NA,NA,"DLFDK2079",NA,NA
"9q96hcrgc8_clarity.DLGVD9827","clarity.DLGVD9827","9q96hcrgc8","Watsonville - Starlight Elementary School",-121.772736,36.921578,NA,"US","CA","Santa Cruz","America/Los_Angeles",NA,NA,NA,NA,"DLGVD9827","public","Clarity","PM2.5","UG/M3",NA,"Clarity",NA,NA,NA,NA,NA,NA,NA,NA,"DLGVD9827",NA,NA
"9q3qhyc88v_clarity.DLHKQ5319","clarity.DLHKQ5319","9q3qhyc88v","Big Sur Ranger Station",-121.781350618176,36.248129323516,NA,"US","CA","Monterey","America/Los_Angeles",NA,NA,NA,NA,"DLHKQ5319","public","Clarity","PM2.5","UG/M3",NA,"Clarity",NA,NA,NA,NA,NA,NA,NA,NA,"DLHKQ5319",NA,NA
"9qceh1uw7x_clarity.DLHWD4451","clarity.DLHWD4451","9qceh1uw7x","Bowling Green",-121.45851,38.50682,NA,"US","CA","Sacramento","America/Los_Angeles",NA,NA,NA,NA,"DLHWD4451","public","Clarity","PM2.5","UG/M3",NA,"Clarity",NA,NA,NA,NA,NA,NA,NA,NA,"DLHWD4451",NA,NA
"9vk2734p9k_clarity.DLIQF9862","clarity.DLIQF9862","9vk2734p9k","FIRE STATION 71",-95.1278050068026,29.581998183009,NA,"US","TX","Harris","America/Chicago",NA,NA,NA,NA,"DLIQF9862","public","Clarity","PM2.5","UG/M3",NA,"Clarity",NA,NA,NA,NA,NA,NA,NA,NA,"DLIQF9862",NA,NA
"9q8gzje2up_clarity.DLKAF1991","clarity.DLKAF1991","9q8gzje2up","Pescadero",-122.3830579,37.2520631,NA,"US","CA","San Mateo","America/Los_Angeles",NA,NA,NA,NA,"DLKAF1991","public","Clarity","PM2.5","UG/M3",NA,"Clarity",NA,NA,NA,NA,NA,NA,NA,NA,"DLKAF1991",NA,NA
"9q5bksvnd4_clarity.DLKKJ4818","clarity.DLKKJ4818","9q5bksvnd4","Dolores ES (3452)",-118.2718522,33.82116615,NA,"US","CA","Los Angeles","America/Los_Angeles",NA,NA,NA,NA,"DLKKJ4818","public","Clarity","PM2.5","UG/M3",NA,"Clarity",NA,NA,NA,NA,NA,NA,NA,NA,"DLKKJ4818",NA,NA
"9whpw3ktsx_clarity.DLKLK1432","clarity.DLKLK1432","9whpw3ktsx","Health Equity Council #1 Wilson MS Wildcat Blooms Garden",-106.59396,35.07621,NA,"US","NM","Bernalillo","America/Denver",NA,NA,NA,NA,"DLKLK1432","public","Clarity","PM2.5","UG/M3",NA,"Clarity",NA,NA,NA,NA,NA,NA,NA,NA,"DLKLK1432",NA,NA
"9q5f8rykd1_clarity.DLNVX7844","clarity.DLNVX7844","9q5f8rykd1","Alta California ES (7398)",-118.4568997,34.23280681,NA,"US","CA","Los Angeles","America/Los_Angeles",NA,NA,NA,NA,"DLNVX7844","public","Clarity","PM2.5","UG/M3",NA,"Clarity",NA,NA,NA,NA,NA,NA,NA,NA,"DLNVX7844",NA,NA
"9vk1rfy0sj_clarity.DLPDN7628","clarity.DLPDN7628","9vk1rfy0sj","ACTS003.3",-95.2760067,29.7661962,NA,"US","TX","Harris","America/Chicago",NA,NA,NA,NA,"DLPDN7628","public","Clarity","PM2.5","UG/M3",NA,"Clarity",NA,NA,NA,NA,NA,NA,NA,NA,"DLPDN7628",NA,NA
"9q5cx4xw00_clarity.DLZKD0532","clarity.DLZKD0532","9q5cx4xw00","Garfield HS/Monterey CHS (8677)",-118.1586415,34.02843848,NA,"US","CA","Los Angeles","America/Los_Angeles",NA,NA,NA,NA,"DLZKD0532","public","Clarity","PM2.5","UG/M3",NA,"Clarity",NA,NA,NA,NA,NA,NA,NA,NA,"DLZKD0532",NA,NA
"9q5fdzfqsx_clarity.DMBCE6621","clarity.DMBCE6621","9q5fdzfqsx","Vinedale ES (7548)",-118.3524262,34.23317994,NA,"US","CA","Los Angeles","America/Los_Angeles",NA,NA,NA,NA,"DMBCE6621","public","Clarity","PM2.5","UG/M3",NA,"Clarity",NA,NA,NA,NA,NA,NA,NA,NA,"DMBCE6621",NA,NA
"9qbtn84kue_clarity.DMCPJ0428","clarity.DMCPJ0428","9qbtn84kue","Glenbrook",-122.757946,38.8484879999974,NA,"US","CA","Lake","America/Los_Angeles",NA,NA,NA,NA,"DMCPJ0428","public","Clarity","PM2.5","UG/M3",NA,"Clarity",NA,NA,NA,NA,NA,NA,NA,NA,"DMCPJ0428",NA,NA
"9qce7b6d53_clarity.DMEFN4207","clarity.DMEFN4207","9qce7b6d53","Highway 99 & 12th Ave",-121.472249,38.541766,NA,"US","CA","Sacramento","America/Los_Angeles",NA,NA,NA,NA,"DMEFN4207","public","Clarity","PM2.5","UG/M3",NA,"Clarity",NA,NA,NA,NA,NA,NA,NA,NA,"DMEFN4207",NA,NA
"9vk1qrkykr_clarity.DMEGG5344","clarity.DMEGG5344","9vk1qrkykr","BARC",-95.343627,29.791914,NA,"US","TX","Harris","America/Chicago",NA,NA,NA,NA,"DMEGG5344","public","Clarity","PM2.5","UG/M3",NA,"Clarity",NA,NA,NA,NA,NA,NA,NA,NA,"DMEGG5344",NA,NA
"9qcduxq8u9_clarity.DMGJG4619","clarity.DMGJG4619","9qcduxq8u9","Southgate Library",-121.433742,38.492111,NA,"US","CA","Sacramento","America/Los_Angeles",NA,NA,NA,NA,"DMGJG4619","public","Clarity","PM2.5","UG/M3",NA,"Clarity",NA,NA,NA,NA,NA,NA,NA,NA,"DMGJG4619",NA,NA
"9qcdvr6fsn_clarity.DMGNS5222","clarity.DMGNS5222","9qcdvr6fsn","Florin ES",-121.405957,38.49244,NA,"US","CA","Sacramento","America/Los_Angeles",NA,NA,NA,NA,"DMGNS5222","public","Clarity","PM2.5","UG/M3",NA,"Clarity",NA,NA,NA,NA,NA,NA,NA,NA,"DMGNS5222",NA,NA
"9q8ywu9u2f_clarity.DMHXG1846","clarity.DMHXG1846","9q8ywu9u2f","Florence Fang Community Farm",-122.396241,37.7305409999999,NA,"US","CA","San Francisco","America/Los_Angeles",NA,NA,NA,NA,"DMHXG1846","public","Clarity","PM2.5","UG/M3",NA,"Clarity",NA,NA,NA,NA,NA,NA,NA,NA,"DMHXG1846",NA,NA
"9qcdty3tf3_clarity.DMKFN6324","clarity.DMKFN6324","9qcdty3tf3","Raymond Case ES",-121.385777,38.44353,NA,"US","CA","Sacramento","America/Los_Angeles",NA,NA,NA,NA,"DMKFN6324","public","Clarity","PM2.5","UG/M3",NA,"Clarity",NA,NA,NA,NA,NA,NA,NA,NA,"DMKFN6324",NA,NA
"9q5cmps2cb_clarity.DMLPV7746","clarity.DMLPV7746","9q5cmps2cb","Jefferson HS (8714)",-118.2509236,34.01105678,NA,"US","CA","Los Angeles","America/Los_Angeles",NA,NA,NA,NA,"DMLPV7746","public","Clarity","PM2.5","UG/M3",NA,"Clarity",NA,NA,NA,NA,NA,NA,NA,NA,"DMLPV7746",NA,NA
"9q9p8qgf07_clarity.DMNSS4363","clarity.DMNSS4363","9q9p8qgf07","ACSRLHYF",-122.3276,37.9183,NA,"US","CA","Contra Costa","America/Los_Angeles",NA,NA,NA,NA,"DMNSS4363","public","Clarity","PM2.5","UG/M3",NA,"Clarity",NA,NA,NA,NA,NA,NA,NA,NA,"DMNSS4363",NA,NA
"9qcesns8qr_clarity.DMPYP1070","clarity.DMPYP1070","9qcesns8qr","Norwood & Las Palmas",-121.458385,38.619772,NA,"US","CA","Sacramento","America/Los_Angeles",NA,NA,NA,NA,"DMPYP1070","public","Clarity","PM2.5","UG/M3",NA,"Clarity",NA,NA,NA,NA,NA,NA,NA,NA,"DMPYP1070",NA,NA
"9q5cdmfntj_clarity.DMQAH2714","clarity.DMQAH2714","9q5cdmfntj","Crescent Hts Bl EEC (9597)",-118.3747192,34.04640437,NA,"US","CA","Los Angeles","America/Los_Angeles",NA,NA,NA,NA,"DMQAH2714","public","Clarity","PM2.5","UG/M3",NA,"Clarity",NA,NA,NA,NA,NA,NA,NA,NA,"DMQAH2714",NA,NA
"9q5f6qn84q_clarity.DMRGM1663","clarity.DMRGM1663","9q5f6qn84q","Oxnard ES (5918)",-118.3686532,34.17850309,NA,"US","CA","Los Angeles","America/Los_Angeles",NA,NA,NA,NA,"DMRGM1663","public","Clarity","PM2.5","UG/M3",NA,"Clarity",NA,NA,NA,NA,NA,NA,NA,NA,"DMRGM1663",NA,NA
"9q8yyqqmhj_clarity.DMSUJ0858","clarity.DMSUJ0858","9q8yyqqmhj","Boeddeker Park",-122.41189,37.784245,NA,"US","CA","San Francisco","America/Los_Angeles",NA,NA,NA,NA,"DMSUJ0858","public","Clarity","PM2.5","UG/M3",NA,"Clarity",NA,NA,NA,NA,NA,NA,NA,NA,"DMSUJ0858",NA,NA
"drmjz2ev60_clarity.DMSXZ4694","clarity.DMSXZ4694","drmjz2ev60","Animal Shelter",-71.3949015000643,41.7956432555335,NA,"US","RI","Providence","America/New_York",NA,NA,NA,NA,"DMSXZ4694","public","Clarity","PM2.5","UG/M3",NA,"Clarity",NA,NA,NA,NA,NA,NA,NA,NA,"DMSXZ4694",NA,NA
"9q8zzt4qe4_clarity.DMXKL5706","clarity.DMXKL5706","9q8zzt4qe4","AJ08LDN1",-122.3625,37.9534,NA,"US","CA","Contra Costa","America/Los_Angeles",NA,NA,NA,NA,"DMXKL5706","public","Clarity","PM2.5","UG/M3",NA,"Clarity",NA,NA,NA,NA,NA,NA,NA,NA,"DMXKL5706",NA,NA
"9tbq1f69d2_clarity.DNAFD7920","clarity.DNAFD7920","9tbq1f69d2","Cesar Chavez Community School",-112.067994,33.411057,NA,"US","AZ","Maricopa","America/Phoenix",NA,NA,NA,NA,"DNAFD7920","public","Clarity","PM2.5","UG/M3",NA,"Clarity",NA,NA,NA,NA,NA,NA,NA,NA,"DNAFD7920",NA,NA
"9q5ep9kqew_clarity.DNAWB3483","clarity.DNAWB3483","9q5ep9kqew","Knollwood ES (4762)",-118.4925404,34.28536067,NA,"US","CA","Los Angeles","America/Los_Angeles",NA,NA,NA,NA,"DNAWB3483","public","Clarity","PM2.5","UG/M3",NA,"Clarity",NA,NA,NA,NA,NA,NA,NA,NA,"DNAWB3483",NA,NA
"9q5dqfcpkb_clarity.DNBYJ0657","clarity.DNBYJ0657","9q5dqfcpkb","Nestle ES (5452)",-118.529913,34.16186185,NA,"US","CA","Los Angeles","America/Los_Angeles",NA,NA,NA,NA,"DNBYJ0657","public","Clarity","PM2.5","UG/M3",NA,"Clarity",NA,NA,NA,NA,NA,NA,NA,NA,"DNBYJ0657",NA,NA
"9qce7m5rxr_clarity.DNCIT5626","clarity.DNCIT5626","9qce7m5rxr","1309 T Street",-121.493022754088,38.5688343945985,NA,"US","CA","Sacramento","America/Los_Angeles",NA,NA,NA,NA,"DNCIT5626","public","Clarity","PM2.5","UG/M3",NA,"Clarity",NA,NA,NA,NA,NA,NA,NA,NA,"DNCIT5626",NA,NA
"9q5dxgqcnw_clarity.DNCJM8428","clarity.DNCJM8428","9q5dxgqcnw","Cohasset ES (3137)",-118.4779905,34.20751476,NA,"US","CA","Los Angeles","America/Los_Angeles",NA,NA,NA,NA,"DNCJM8428","public","Clarity","PM2.5","UG/M3",NA,"Clarity",NA,NA,NA,NA,NA,NA,NA,NA,"DNCJM8428",NA,NA
"9q59vn6yzp_clarity.DNDJG2128","clarity.DNDJG2128","9q59vn6yzp","Topanga Canyon (7198)",-118.6043211,34.0931501,NA,"US","CA","Los Angeles","America/Los_Angeles",NA,NA,NA,NA,"DNDJG2128","public","Clarity","PM2.5","UG/M3",NA,"Clarity",NA,NA,NA,NA,NA,NA,NA,NA,"DNDJG2128",NA,NA
"9q5cm9utzg_clarity.DNHDK3748","clarity.DNHDK3748","9q5cm9utzg","Middleton ES (5301)",-118.2283506,33.98034709,NA,"US","CA","Los Angeles","America/Los_Angeles",NA,NA,NA,NA,"DNHDK3748","public","Clarity","PM2.5","UG/M3",NA,"Clarity",NA,NA,NA,NA,NA,NA,NA,NA,"DNHDK3748",NA,NA
"9mgzgvbty2_clarity.DNIMY6733","clarity.DNIMY6733","9mgzgvbty2","7th St ES (6616)",-118.31081,33.73862826,NA,"US","CA","Los Angeles","America/Los_Angeles",NA,NA,NA,NA,"DNIMY6733","public","Clarity","PM2.5","UG/M3",NA,"Clarity",NA,NA,NA,NA,NA,NA,NA,NA,"DNIMY6733",NA,NA
"9q5f3zkcuk_clarity.DNKBH7426","clarity.DNKBH7426","9q5f3zkcuk","Victory ES (7521)",-118.3929459,34.18565741,NA,"US","CA","Los Angeles","America/Los_Angeles",NA,NA,NA,NA,"DNKBH7426","public","Clarity","PM2.5","UG/M3",NA,"Clarity",NA,NA,NA,NA,NA,NA,NA,NA,"DNKBH7426",NA,NA
"9vk1rjf3hb_clarity.DNLEZ2375","clarity.DNLEZ2375","9vk1rjf3hb","COCO 5",-95.314085,29.782735,NA,"US","TX","Harris","America/Chicago",NA,NA,NA,NA,"DNLEZ2375","public","Clarity","PM2.5","UG/M3",NA,"Clarity",NA,NA,NA,NA,NA,NA,NA,NA,"DNLEZ2375",NA,NA
"9q5cn7qdkv_clarity.DNMNT1203","clarity.DNMNT1203","9q5cn7qdkv","Bryson ES (2589)",-118.1927693,33.94405158,NA,"US","CA","Los Angeles","America/Los_Angeles",NA,NA,NA,NA,"DNMNT1203","public","Clarity","PM2.5","UG/M3",NA,"Clarity",NA,NA,NA,NA,NA,NA,NA,NA,"DNMNT1203",NA,NA
"9vk1xj15z4_clarity.DNMUE4329","clarity.DNMUE4329","9vk1xj15z4","TRINITY GARDEN-KASHMERE HS",-95.315707,29.823045,NA,"US","TX","Harris","America/Chicago",NA,NA,NA,NA,"DNMUE4329","public","Clarity","PM2.5","UG/M3",NA,"Clarity",NA,NA,NA,NA,NA,NA,NA,NA,"DNMUE4329",NA,NA
"9q8yxm06uk_clarity.DNNNL4916","clarity.DNNNL4916","9q8yxm06uk","The Box Shop",-122.37618,37.73304,NA,"US","CA","San Francisco","America/Los_Angeles",NA,NA,NA,NA,"DNNNL4916","public","Clarity","PM2.5","UG/M3",NA,"Clarity",NA,NA,NA,NA,NA,NA,NA,NA,"DNNNL4916",NA,NA
"9qcdv35zsc_clarity.DNPDF5241","clarity.DNPDF5241","9qcdv35zsc","Countryside Park",-121.404551,38.458937,NA,"US","CA","Sacramento","America/Los_Angeles",NA,NA,NA,NA,"DNPDF5241","public","Clarity","PM2.5","UG/M3",NA,"Clarity",NA,NA,NA,NA,NA,NA,NA,NA,"DNPDF5241",NA,NA
"9q8yv6k45k_clarity.DNQLI9651","clarity.DNQLI9651","9q8yv6k45k","UCSF Parnassus",-122.4589649,37.7617512,NA,"US","CA","San Francisco","America/Los_Angeles",NA,NA,NA,NA,"DNQLI9651","public","Clarity","PM2.5","UG/M3",NA,"Clarity",NA,NA,NA,NA,NA,NA,NA,NA,"DNQLI9651",NA,NA
"9q4gb8tvud_clarity.DNRYQ4646","clarity.DNRYQ4646","9q4gb8tvud","SRB Roof Top",-119.8527419,34.4129249,NA,"US","CA","Santa Barbara","America/Los_Angeles",NA,NA,NA,NA,"DNRYQ4646","public","Clarity","PM2.5","UG/M3",NA,"Clarity",NA,NA,NA,NA,NA,NA,NA,NA,"DNRYQ4646",NA,NA
"9q5dtn0ksh_clarity.DNSWT8187","clarity.DNSWT8187","9q5dtn0ksh","Nevada ES (5459)",-118.6078819,34.22321112,NA,"US","CA","Los Angeles","America/Los_Angeles",NA,NA,NA,NA,"DNSWT8187","public","Clarity","PM2.5","UG/M3",NA,"Clarity",NA,NA,NA,NA,NA,NA,NA,NA,"DNSWT8187",NA,NA
"9q8yxkc3x9_clarity.DNUYQ4477","clarity.DNUYQ4477","9q8yxkc3x9","Berkeley-BVHP1",-122.3746644,37.7314375,NA,"US","CA","San Francisco","America/Los_Angeles",NA,NA,NA,NA,"DNUYQ4477","public","Clarity","PM2.5","UG/M3",NA,"Clarity",NA,NA,NA,NA,NA,NA,NA,NA,"DNUYQ4477",NA,NA
"9q9j685891_clarity.DNVSK8203","clarity.DNVSK8203","9q9j685891","Dwtwn RWC",-122.2290301,37.4854445,NA,"US","CA","San Mateo","America/Los_Angeles",NA,NA,NA,NA,"DNVSK8203","public","Clarity","PM2.5","UG/M3",NA,"Clarity",NA,NA,NA,NA,NA,NA,NA,NA,"DNVSK8203",NA,NA
"9q9239keve_clarity.DNXYN3173","clarity.DNXYN3173","9q9239keve","Pacific Grove Middle School",-121.919847794495,36.6139747619686,NA,"US","CA","Monterey","America/Los_Angeles",NA,NA,NA,NA,"DNXYN3173","public","Clarity","PM2.5","UG/M3",NA,"Clarity",NA,NA,NA,NA,NA,NA,NA,NA,"DNXYN3173",NA,NA
"9q5f9w1udf_clarity.DNYTU7777","clarity.DNYTU7777","9q5f9w1udf","Byrd MS (8080)",-118.408122,34.22320053,NA,"US","CA","Los Angeles","America/Los_Angeles",NA,NA,NA,NA,"DNYTU7777","public","Clarity","PM2.5","UG/M3",NA,"Clarity",NA,NA,NA,NA,NA,NA,NA,NA,"DNYTU7777",NA,NA
"9vk1rczdy5_clarity.DPCAE8509","clarity.DPCAE8509","9vk1rczdy5","ACTS002.4",-95.27386657,29.76107833,NA,"US","TX","Harris","America/Chicago",NA,NA,NA,NA,"DPCAE8509","public","Clarity","PM2.5","UG/M3",NA,"Clarity",NA,NA,NA,NA,NA,NA,NA,NA,"DPCAE8509",NA,NA
"9q9p3yxwgk_clarity.DPCKS9775","clarity.DPCKS9775","9q9p3yxwgk","Stanley Hall",-122.2564,37.8738,NA,"US","CA","Alameda","America/Los_Angeles",NA,NA,NA,NA,"DPCKS9775","public","Clarity","PM2.5","UG/M3",NA,"Clarity",NA,NA,NA,NA,NA,NA,NA,NA,"DPCKS9775",NA,NA
"9q5fhgbe2t_clarity.DPCXC7328","clarity.DPCXC7328","9q5fhgbe2t","Glenfeliz Blvd ES (4164)",-118.267108,34.12274969,NA,"US","CA","Los Angeles","America/Los_Angeles",NA,NA,NA,NA,"DPCXC7328","public","Clarity","PM2.5","UG/M3",NA,"Clarity",NA,NA,NA,NA,NA,NA,NA,NA,"DPCXC7328",NA,NA
"9q8yyq9g9h_clarity.DPDFB2372","clarity.DPDFB2372","9q8yyq9g9h","Macauley Park",-122.4182,37.785355,NA,"US","CA","San Francisco","America/Los_Angeles",NA,NA,NA,NA,"DPDFB2372","public","Clarity","PM2.5","UG/M3",NA,"Clarity",NA,NA,NA,NA,NA,NA,NA,NA,"DPDFB2372",NA,NA
"9vk1qu03z1_clarity.DPDSV2321","clarity.DPDSV2321","9vk1qu03z1","COCO 4",-95.327725,29.77326,NA,"US","TX","Harris","America/Chicago",NA,NA,NA,NA,"DPDSV2321","public","Clarity","PM2.5","UG/M3",NA,"Clarity",NA,NA,NA,NA,NA,NA,NA,NA,"DPDSV2321",NA,NA
"9qceh177z1_clarity.DPEKF6273","clarity.DPEKF6273","9qceh177z1","SMAQMD 34",-121.46007016674,38.5036131500761,NA,"US","CA","Sacramento","America/Los_Angeles",NA,NA,NA,NA,"DPEKF6273","public","Clarity","PM2.5","UG/M3",NA,"Clarity",NA,NA,NA,NA,NA,NA,NA,NA,"DPEKF6273",NA,NA
"9q94vgju3n_clarity.DPFCG6807","clarity.DPFCG6807","9q94vgju3n","Felton - SLV Middle School",-122.083125,37.063144,NA,"US","CA","Santa Cruz","America/Los_Angeles",NA,NA,NA,NA,"DPFCG6807","public","Clarity","PM2.5","UG/M3",NA,"Clarity",NA,NA,NA,NA,NA,NA,NA,NA,"DPFCG6807",NA,NA
"9q5f24fuhe_clarity.DPHUF7008","clarity.DPHUF7008","9q5f24fuhe","Hesby Oaks SPAN (4521)",-118.4725921,34.16132205,NA,"US","CA","Los Angeles","America/Los_Angeles",NA,NA,NA,NA,"DPHUF7008","public","Clarity","PM2.5","UG/M3",NA,"Clarity",NA,NA,NA,NA,NA,NA,NA,NA,"DPHUF7008",NA,NA
"9q6wdzdygg_clarity.DPHVH8466","clarity.DPHVH8466","9q6wdzdygg","UCANR Westside REC",-120.109581,36.3412065,NA,"US","CA","Fresno","America/Los_Angeles",NA,NA,NA,NA,"DPHVH8466","public","Clarity","PM2.5","UG/M3",NA,"Clarity",NA,NA,NA,NA,NA,NA,NA,NA,"DPHVH8466",NA,NA
"9q5cjn7t0f_clarity.DPJAB0487","clarity.DPJAB0487","9q5cjn7t0f","Russell ES (6438)",-118.2519904,33.96098406,NA,"US","CA","Los Angeles","America/Los_Angeles",NA,NA,NA,NA,"DPJAB0487","public","Clarity","PM2.5","UG/M3",NA,"Clarity",NA,NA,NA,NA,NA,NA,NA,NA,"DPJAB0487",NA,NA
"9q5f3w86xz_clarity.DPKYD3903","clarity.DPKYD3903","9q5f3w86xz","Monlux ES (5342)",-118.4099643,34.18168176,NA,"US","CA","Los Angeles","America/Los_Angeles",NA,NA,NA,NA,"DPKYD3903","public","Clarity","PM2.5","UG/M3",NA,"Clarity",NA,NA,NA,NA,NA,NA,NA,NA,"DPKYD3903",NA,NA
"9q924n4s24_clarity.DPKZA3671","clarity.DPKZA3671","9q924n4s24","Monterey - Monterey High School",-121.900863214491,36.5962016247988,NA,"US","CA","Monterey","America/Los_Angeles",NA,NA,NA,NA,"DPKZA3671","public","Clarity","PM2.5","UG/M3",NA,"Clarity",NA,NA,NA,NA,NA,NA,NA,NA,"DPKZA3671",NA,NA
"9vk23hbh64_clarity.DPMVI6107","clarity.DPMVI6107","9vk23hbh64","FIRE STATION 70",-95.2294027071751,29.6020285082732,NA,"US","TX","Harris","America/Chicago",NA,NA,NA,NA,"DPMVI6107","public","Clarity","PM2.5","UG/M3",NA,"Clarity",NA,NA,NA,NA,NA,NA,NA,NA,"DPMVI6107",NA,NA
"drmjzk2cc7_clarity.DPNJG9559","clarity.DPNJG9559","drmjzk2cc7","Seastreak",-71.399060254132,41.8156577779457,NA,"US","RI","Providence","America/New_York",NA,NA,NA,NA,"DPNJG9559","public","Clarity","PM2.5","UG/M3",NA,"Clarity",NA,NA,NA,NA,NA,NA,NA,NA,"DPNJG9559",NA,NA
"9q5fc0450x_clarity.DPQTK1507","clarity.DPQTK1507","9q5fc0450x","Canterbury Ave ES (2781)",-118.429844,34.233956,NA,"US","CA","Los Angeles","America/Los_Angeles",NA,NA,NA,NA,"DPQTK1507","public","Clarity","PM2.5","UG/M3",NA,"Clarity",NA,NA,NA,NA,NA,NA,NA,NA,"DPQTK1507",NA,NA
"9q8zz9bwbg_clarity.DPREB6732","clarity.DPREB6732","9q8zz9bwbg","A6YK1F9M",-122.364994,37.935597,NA,"US","CA","Contra Costa","America/Los_Angeles",NA,NA,NA,NA,"DPREB6732","public","Clarity","PM2.5","UG/M3",NA,"Clarity",NA,NA,NA,NA,NA,NA,NA,NA,"DPREB6732",NA,NA
"9q5dr8sh8f_clarity.DPRUG7107","clarity.DPRUG7107","9q5dr8sh8f","Lanai Rd ES (4764)",-118.49300058243,34.1490417694359,NA,"US","CA","Los Angeles","America/Los_Angeles",NA,NA,NA,NA,"DPRUG7107","public","Clarity","PM2.5","UG/M3",NA,"Clarity",NA,NA,NA,NA,NA,NA,NA,NA,"DPRUG7107",NA,NA
"dhvr5c9h7h_clarity.DPRWM3921","clarity.DPRWM3921","dhvr5c9h7h","Saunders",-82.45089,27.95821,NA,"US","FL","Hillsborough","America/New_York",NA,NA,NA,NA,"DPRWM3921","public","Clarity","PM2.5","UG/M3",NA,"Clarity",NA,NA,NA,NA,NA,NA,NA,NA,"DPRWM3921",NA,NA
"9q5c7h0cje_clarity.DPSTU4676","clarity.DPSTU4676","9q5c7h0cje","54th St ES (3781)",-118.3434604,33.99188713,NA,"US","CA","Los Angeles","America/Los_Angeles",NA,NA,NA,NA,"DPSTU4676","public","Clarity","PM2.5","UG/M3",NA,"Clarity",NA,NA,NA,NA,NA,NA,NA,NA,"DPSTU4676",NA,NA
"9q8zzqxs9m_clarity.DPUBC6545","clarity.DPUBC6545","9q8zzqxs9m","A2ND1LFK",-122.366348,37.961311,NA,"US","CA","Contra Costa","America/Los_Angeles",NA,NA,NA,NA,"DPUBC6545","public","Clarity","PM2.5","UG/M3",NA,"Clarity",NA,NA,NA,NA,NA,NA,NA,NA,"DPUBC6545",NA,NA
"9vk1uwxz3b_clarity.DPVDS8780","clarity.DPVDS8780","9vk1uwxz3b","OSBORNE ELEMENTARY",-95.41652,29.87582,NA,"US","TX","Harris","America/Chicago",NA,NA,NA,NA,"DPVDS8780","public","Clarity","PM2.5","UG/M3",NA,"Clarity",NA,NA,NA,NA,NA,NA,NA,NA,"DPVDS8780",NA,NA
"9q96358hrf_clarity.DPXML5916","clarity.DPXML5916","9q96358hrf","Capitola - New Brighton Middle School",-121.947900884536,36.9779757803948,NA,"US","CA","Santa Cruz","America/Los_Angeles",NA,NA,NA,NA,"DPXML5916","public","Clarity","PM2.5","UG/M3",NA,"Clarity",NA,NA,NA,NA,NA,NA,NA,NA,"DPXML5916",NA,NA
"9vk1qjn0kx_clarity.DPYKE4349","clarity.DPYKE4349","9vk1qjn0kx","SHERMAN ELEMENTARY SCHOOL ",-95.352885,29.778523,NA,"US","TX","Harris","America/Chicago",NA,NA,NA,NA,"DPYKE4349","public","Clarity","PM2.5","UG/M3",NA,"Clarity",NA,NA,NA,NA,NA,NA,NA,NA,"DPYKE4349",NA,NA
"9mgzge06fr_clarity.DPZIB6996","clarity.DPZIB6996","9mgzge06fr","South Shores Per Arts Mag ES (6870)",-118.3223122,33.72304525,NA,"US","CA","Los Angeles","America/Los_Angeles",NA,NA,NA,NA,"DPZIB6996","public","Clarity","PM2.5","UG/M3",NA,"Clarity",NA,NA,NA,NA,NA,NA,NA,NA,"DPZIB6996",NA,NA
"9q5cjqmt4r_clarity.DQBGJ0496","clarity.DQBGJ0496","9q5cjqmt4r","Graham ES (4219)",-118.2381957,33.96100948,NA,"US","CA","Los Angeles","America/Los_Angeles",NA,NA,NA,NA,"DQBGJ0496","public","Clarity","PM2.5","UG/M3",NA,"Clarity",NA,NA,NA,NA,NA,NA,NA,NA,"DQBGJ0496",NA,NA
"9q5c7p0dz5_clarity.DQCCS5160","clarity.DQCCS5160","9q5c7p0dz5","Marlton ES (1949)",-118.3437345,34.0086689,NA,"US","CA","Los Angeles","America/Los_Angeles",NA,NA,NA,NA,"DQCCS5160","public","Clarity","PM2.5","UG/M3",NA,"Clarity",NA,NA,NA,NA,NA,NA,NA,NA,"DQCCS5160",NA,NA
"9q8ywxfnhm_clarity.DQIKC1060","clarity.DQIKC1060","9q8ywxfnhm","Cesar Chavez and Bryant",-122.40673,37.74871,NA,"US","CA","San Francisco","America/Los_Angeles",NA,NA,NA,NA,"DQIKC1060","public","Clarity","PM2.5","UG/M3",NA,"Clarity",NA,NA,NA,NA,NA,NA,NA,NA,"DQIKC1060",NA,NA
"9q5b5dvjqc_clarity.DQIUL7714","clarity.DQIUL7714","9q5b5dvjqc","Dodson MS (8110)",-118.3155921,33.76601586,NA,"US","CA","Los Angeles","America/Los_Angeles",NA,NA,NA,NA,"DQIUL7714","public","Clarity","PM2.5","UG/M3",NA,"Clarity",NA,NA,NA,NA,NA,NA,NA,NA,"DQIUL7714",NA,NA
"9q5fnsgnx9_clarity.DQJMB0236","clarity.DQJMB0236","9q5fnsgnx9","Annandale ES (2151)",-118.1864708,34.12877656,NA,"US","CA","Los Angeles","America/Los_Angeles",NA,NA,NA,NA,"DQJMB0236","public","Clarity","PM2.5","UG/M3",NA,"Clarity",NA,NA,NA,NA,NA,NA,NA,NA,"DQJMB0236",NA,NA
"9q5bfkewq3_clarity.DQLGK1461","clarity.DQLGK1461","9q5bfkewq3","CCA 137th and Hindry 2",-118.3726057,33.9076377393312,NA,"US","CA","Los Angeles","America/Los_Angeles",NA,NA,NA,NA,"DQLGK1461","public","Clarity","PM2.5","UG/M3",NA,"Clarity",NA,NA,NA,NA,NA,NA,NA,NA,"DQLGK1461",NA,NA
"9q5cte8q4z_clarity.DQLYK3043","clarity.DQLYK3043","9q5cte8q4z","Metropolitan HS (8757)",-118.2344,34.03397045,NA,"US","CA","Los Angeles","America/Los_Angeles",NA,NA,NA,NA,"DQLYK3043","public","Clarity","PM2.5","UG/M3",NA,"Clarity",NA,NA,NA,NA,NA,NA,NA,NA,"DQLYK3043",NA,NA
"9q5ff6v45x_clarity.DQPSE8112","clarity.DQPSE8112","9q5ff6v45x","Stonehurst ES (6945)",-118.3706647,34.24888632,NA,"US","CA","Los Angeles","America/Los_Angeles",NA,NA,NA,NA,"DQPSE8112","public","Clarity","PM2.5","UG/M3",NA,"Clarity",NA,NA,NA,NA,NA,NA,NA,NA,"DQPSE8112",NA,NA
"9q8zn8bg0h_clarity.DQTYV3842","clarity.DQTYV3842","9q8zn8bg0h","Stockton and Broadway",-122.40863,37.79763,NA,"US","CA","San Francisco","America/Los_Angeles",NA,NA,NA,NA,"DQTYV3842","public","Clarity","PM2.5","UG/M3",NA,"Clarity",NA,NA,NA,NA,NA,NA,NA,NA,"DQTYV3842",NA,NA
"9vk1qv281y_clarity.DQWIB4835","clarity.DQWIB4835","9vk1qv281y","COCO 1",-95.3275968024539,29.779850213142,NA,"US","TX","Harris","America/Chicago",NA,NA,NA,NA,"DQWIB4835","public","Clarity","PM2.5","UG/M3",NA,"Clarity",NA,NA,NA,NA,NA,NA,NA,NA,"DQWIB4835",NA,NA
"9qcdufn3yp_clarity.DQYBF5897","clarity.DQYBF5897","9qcdufn3yp","Herman Leimbach ES",-121.423038,38.463473,NA,"US","CA","Sacramento","America/Los_Angeles",NA,NA,NA,NA,"DQYBF5897","public","Clarity","PM2.5","UG/M3",NA,"Clarity",NA,NA,NA,NA,NA,NA,NA,NA,"DQYBF5897",NA,NA
"9q5cvwybcq_clarity.DQYEA8819","clarity.DQYEA8819","9q5cvwybcq","Aragon ES (2178)",-118.2255346,34.09485714,NA,"US","CA","Los Angeles","America/Los_Angeles",NA,NA,NA,NA,"DQYEA8819","public","Clarity","PM2.5","UG/M3",NA,"Clarity",NA,NA,NA,NA,NA,NA,NA,NA,"DQYEA8819",NA,NA
"9q5ep0hzfq_clarity.DQZAE0964","clarity.DQZAE0964","9q5ep0hzfq","Rinaldi Adult Center (9365)",-118.5138825,34.27870756,NA,"US","CA","Los Angeles","America/Los_Angeles",NA,NA,NA,NA,"DQZAE0964","public","Clarity","PM2.5","UG/M3",NA,"Clarity",NA,NA,NA,NA,NA,NA,NA,NA,"DQZAE0964",NA,NA
"9q5dq7qqhp_clarity.DRDTG3315","clarity.DRDTG3315","9q5dq7qqhp","Wilbur ES (7774)",-118.5447044,34.16443201,NA,"US","CA","Los Angeles","America/Los_Angeles",NA,NA,NA,NA,"DRDTG3315","public","Clarity","PM2.5","UG/M3",NA,"Clarity",NA,NA,NA,NA,NA,NA,NA,NA,"DRDTG3315",NA,NA
"9q5cwx3knw_clarity.DRDUE7767","clarity.DRDUE7767","9q5cwx3knw","Harrison ES (4438)",-118.1889189,34.0542176,NA,"US","CA","Los Angeles","America/Los_Angeles",NA,NA,NA,NA,"DRDUE7767","public","Clarity","PM2.5","UG/M3",NA,"Clarity",NA,NA,NA,NA,NA,NA,NA,NA,"DRDUE7767",NA,NA
"9whpmz1353_clarity.DREPR6686","clarity.DREPR6686","9whpmz1353","Health Equity Council #4, Loma Linda Community Center",-106.6204493,35.0630442,NA,"US","NM","Bernalillo","America/Denver",NA,NA,NA,NA,"DREPR6686","public","Clarity","PM2.5","UG/M3",NA,"Clarity",NA,NA,NA,NA,NA,NA,NA,NA,"DREPR6686",NA,NA
"9qceskexkm_clarity.DRGKR5717","clarity.DRGKR5717","9qceskexkm","Del Paso & El Camino",-121.448864,38.609978,NA,"US","CA","Sacramento","America/Los_Angeles",NA,NA,NA,NA,"DRGKR5717","public","Clarity","PM2.5","UG/M3",NA,"Clarity",NA,NA,NA,NA,NA,NA,NA,NA,"DRGKR5717",NA,NA
"9q5f3fxye1_clarity.DRHUZ5181","clarity.DRHUZ5181","9q5f3fxye1","Colfax ES (3164)",-118.3888782,34.16036314,NA,"US","CA","Los Angeles","America/Los_Angeles",NA,NA,NA,NA,"DRHUZ5181","public","Clarity","PM2.5","UG/M3",NA,"Clarity",NA,NA,NA,NA,NA,NA,NA,NA,"DRHUZ5181",NA,NA
"9q5cnp0bsc_clarity.DRIAD2691","clarity.DRIAD2691","9q5cnp0bsc","State ES (6918)",-118.2116497,33.96432896,NA,"US","CA","Los Angeles","America/Los_Angeles",NA,NA,NA,NA,"DRIAD2691","public","Clarity","PM2.5","UG/M3",NA,"Clarity",NA,NA,NA,NA,NA,NA,NA,NA,"DRIAD2691",NA,NA
"9q5dxk60us_clarity.DRJGV8862","clarity.DRJGV8862","9q5dxk60us","Stagg ES (6890)",-118.5065792,34.21295256,NA,"US","CA","Los Angeles","America/Los_Angeles",NA,NA,NA,NA,"DRJGV8862","public","Clarity","PM2.5","UG/M3",NA,"Clarity",NA,NA,NA,NA,NA,NA,NA,NA,"DRJGV8862",NA,NA
"9qc7q39tuh_clarity.DRKKX0093","clarity.DRKKX0093","9qc7q39tuh","ANR Davis - 2nd Street",-121.7152914,38.5492921,NA,"US","CA","Yolo","America/Los_Angeles",NA,NA,NA,NA,"DRKKX0093","public","Clarity","PM2.5","UG/M3",NA,"Clarity",NA,NA,NA,NA,NA,NA,NA,NA,"DRKKX0093",NA,NA
"9qbsxfsvyw_clarity.DRLFR7675","clarity.DRLFR7675","9qbsxfsvyw","Anderson Springs",-122.699487,38.774522,NA,"US","CA","Lake","America/Los_Angeles",NA,NA,NA,NA,"DRLFR7675","public","Clarity","PM2.5","UG/M3",NA,"Clarity",NA,NA,NA,NA,NA,NA,NA,NA,"DRLFR7675",NA,NA
"dhvr535e00_clarity.DRQPE4506","clarity.DRQPE4506","dhvr535e00","Munro - Clarity",-82.4695560061359,27.9552273985743,NA,"US","FL","Hillsborough","America/New_York",NA,NA,NA,NA,"DRQPE4506","public","Clarity","PM2.5","UG/M3",NA,"Clarity",NA,NA,NA,NA,NA,NA,NA,NA,"DRQPE4506",NA,NA
"9q5cudw6d8_clarity.DRQXF2839","clarity.DRQXF2839","9q5cudw6d8","Rosemont ES (6370)",-118.2701168,34.07178009,NA,"US","CA","Los Angeles","America/Los_Angeles",NA,NA,NA,NA,"DRQXF2839","public","Clarity","PM2.5","UG/M3",NA,"Clarity",NA,NA,NA,NA,NA,NA,NA,NA,"DRQXF2839",NA,NA
"9q5dmu1wnh_clarity.DRSKK8536","clarity.DRSKK8536","9q5dmu1wnh","Taft HS (8880)",-118.5731173,34.16853433,NA,"US","CA","Los Angeles","America/Los_Angeles",NA,NA,NA,NA,"DRSKK8536","public","Clarity","PM2.5","UG/M3",NA,"Clarity",NA,NA,NA,NA,NA,NA,NA,NA,"DRSKK8536",NA,NA
"9q5f22zdn1_clarity.DRSSZ9945","clarity.DRSSZ9945","9q5f22zdn1","Sherman Oaks ES (6699)",-118.4550182,34.14997904,NA,"US","CA","Los Angeles","America/Los_Angeles",NA,NA,NA,NA,"DRSSZ9945","public","Clarity","PM2.5","UG/M3",NA,"Clarity",NA,NA,NA,NA,NA,NA,NA,NA,"DRSSZ9945",NA,NA
"9tbq318rng_clarity.DRULN4841","clarity.DRULN4841","9tbq318rng","Saint Matthew’s church",-112.103851,33.451845,NA,"US","AZ","Maricopa","America/Phoenix",NA,NA,NA,NA,"DRULN4841","public","Clarity","PM2.5","UG/M3",NA,"Clarity",NA,NA,NA,NA,NA,NA,NA,NA,"DRULN4841",NA,NA
"9xj5ngx8ht_clarity.DRVFE7931","clarity.DRVFE7931","9xj5ngx8ht","Eldorado PreK-8",-105.161618932003,39.9215981314032,NA,"US","CO","Boulder","America/Denver",NA,NA,NA,NA,"DRVFE7931","public","Clarity","PM2.5","UG/M3",NA,"Clarity",NA,NA,NA,NA,NA,NA,NA,NA,"DRVFE7931",NA,NA
"9xj1re6rq3_clarity.DRXCK3576","clarity.DRXCK3576","9xj1re6rq3","Cambridge Commons",-105.135795595196,39.6138321432416,NA,"US","CO","Jefferson","America/Denver",NA,NA,NA,NA,"DRXCK3576","public","Clarity","PM2.5","UG/M3",NA,"Clarity",NA,NA,NA,NA,NA,NA,NA,NA,"DRXCK3576",NA,NA
"9q5c7w8t33_clarity.DRXWA5919","clarity.DRXWA5919","9q5c7w8t33","42nd St ES (3959)",-118.3220053,34.0063417,NA,"US","CA","Los Angeles","America/Los_Angeles",NA,NA,NA,NA,"DRXWA5919","public","Clarity","PM2.5","UG/M3",NA,"Clarity",NA,NA,NA,NA,NA,NA,NA,NA,"DRXWA5919",NA,NA
"9q59wvg3gz_clarity.DRYNI8601","clarity.DRYNI8601","9q59wvg3gz","Pacific Palisades ES (5959)",-118.5268684,34.04559621,NA,"US","CA","Los Angeles","America/Los_Angeles",NA,NA,NA,NA,"DRYNI8601","public","Clarity","PM2.5","UG/M3",NA,"Clarity",NA,NA,NA,NA,NA,NA,NA,NA,"DRYNI8601",NA,NA
"9q93jm4z04_clarity.DSACR9255","clarity.DSACR9255","9q93jm4z04","Castroville",-121.757691275234,36.7669620452099,NA,"US","CA","Monterey","America/Los_Angeles",NA,NA,NA,NA,"DSACR9255","public","Clarity","PM2.5","UG/M3",NA,"Clarity",NA,NA,NA,NA,NA,NA,NA,NA,"DSACR9255",NA,NA
"9q8zz9vwb0_clarity.DSAMP1669","clarity.DSAMP1669","9q8zz9vwb0","AFYDTNFN",-122.358166,37.935581,NA,"US","CA","Contra Costa","America/Los_Angeles",NA,NA,NA,NA,"DSAMP1669","public","Clarity","PM2.5","UG/M3",NA,"Clarity",NA,NA,NA,NA,NA,NA,NA,NA,"DSAMP1669",NA,NA
"9qceu3v03m_clarity.DSATV5158","clarity.DSATV5158","9qceu3v03m","Rio Linda & Grand",-121.446933,38.637616,NA,"US","CA","Sacramento","America/Los_Angeles",NA,NA,NA,NA,"DSATV5158","public","Clarity","PM2.5","UG/M3",NA,"Clarity",NA,NA,NA,NA,NA,NA,NA,NA,"DSATV5158",NA,NA
"9qct672kws_clarity.DSBPE1517","clarity.DSBPE1517","9qct672kws","East Nicolaus",-121.541118,38.910251,NA,"US","CA","Sutter","America/Los_Angeles",NA,NA,NA,NA,"DSBPE1517","public","Clarity","PM2.5","UG/M3",NA,"Clarity",NA,NA,NA,NA,NA,NA,NA,NA,"DSBPE1517",NA,NA
"9qcdty3tf9_clarity.DSFTR3652","clarity.DSFTR3652","9qcdty3tf9","Raymond Case Colo",-121.38577,38.44353,NA,"US","CA","Sacramento","America/Los_Angeles",NA,NA,NA,NA,"DSFTR3652","public","Clarity","PM2.5","UG/M3",NA,"Clarity",NA,NA,NA,NA,NA,NA,NA,NA,"DSFTR3652",NA,NA
"9q9p8rzu2r_clarity.DSGRE6909","clarity.DSGRE6909","9q9p8rzu2r","AL9FR71M",-122.3221,37.9242,NA,"US","CA","Contra Costa","America/Los_Angeles",NA,NA,NA,NA,"DSGRE6909","public","Clarity","PM2.5","UG/M3",NA,"Clarity",NA,NA,NA,NA,NA,NA,NA,NA,"DSGRE6909",NA,NA
"9q9pb55x8t_clarity.DSHAT2314","clarity.DSHAT2314","9q9pb55x8t","AVV36B22",-122.338914,37.942603,NA,"US","CA","Contra Costa","America/Los_Angeles",NA,NA,NA,NA,"DSHAT2314","public","Clarity","PM2.5","UG/M3",NA,"Clarity",NA,NA,NA,NA,NA,NA,NA,NA,"DSHAT2314",NA,NA
"9q5cftd8bs_clarity.DSHXX3058","clarity.DSHXX3058","9q5cftd8bs","Laurel ES (4808)",-118.3632422,34.08798406,NA,"US","CA","Los Angeles","America/Los_Angeles",NA,NA,NA,NA,"DSHXX3058","public","Clarity","PM2.5","UG/M3",NA,"Clarity",NA,NA,NA,NA,NA,NA,NA,NA,"DSHXX3058",NA,NA
"9q9j1dqvpb_clarity.DSIUN3637","clarity.DSIUN3637","9q9j1dqvpb","Emerald Hills",-122.2682211,37.4546285,NA,"US","CA","San Mateo","America/Los_Angeles",NA,NA,NA,NA,"DSIUN3637","public","Clarity","PM2.5","UG/M3",NA,"Clarity",NA,NA,NA,NA,NA,NA,NA,NA,"DSIUN3637",NA,NA
"9q5fn0n3cs_clarity.DSJEG0648","clarity.DSJEG0648","9q5fn0n3cs","Arroyo Seco Museum Science Magnet SPAN (4322)",-118.2042361,34.1018878,NA,"US","CA","Los Angeles","America/Los_Angeles",NA,NA,NA,NA,"DSJEG0648","public","Clarity","PM2.5","UG/M3",NA,"Clarity",NA,NA,NA,NA,NA,NA,NA,NA,"DSJEG0648",NA,NA
"9q5c8nc8rx_clarity.DSJMB9530","clarity.DSJMB9530","9q5c8nc8rx","Brentwood Sci Mag ES (2507)",-118.4741716,34.05083481,NA,"US","CA","Los Angeles","America/Los_Angeles",NA,NA,NA,NA,"DSJMB9530","public","Clarity","PM2.5","UG/M3",NA,"Clarity",NA,NA,NA,NA,NA,NA,NA,NA,"DSJMB9530",NA,NA
"9q5fudswtr_clarity.DSKLM6087","clarity.DSKLM6087","9q5fudswtr","Mountain View ES (5404)",-118.2723949,34.24828637,NA,"US","CA","Los Angeles","America/Los_Angeles",NA,NA,NA,NA,"DSKLM6087","public","Clarity","PM2.5","UG/M3",NA,"Clarity",NA,NA,NA,NA,NA,NA,NA,NA,"DSKLM6087",NA,NA
"9q5cj4zpfg_clarity.DSLEU4130","clarity.DSLEU4130","9q5cj4zpfg","Compton ES (3205)",-118.2471005,33.9422359,NA,"US","CA","Los Angeles","America/Los_Angeles",NA,NA,NA,NA,"DSLEU4130","public","Clarity","PM2.5","UG/M3",NA,"Clarity",NA,NA,NA,NA,NA,NA,NA,NA,"DSLEU4130",NA,NA
"9q9hr1tkv7_clarity.DSMRM2672","clarity.DSMRM2672","9q9hr1tkv7","Cupertino City Hall",-122.0286879,37.3186447,NA,"US","CA","Santa Clara","America/Los_Angeles",NA,NA,NA,NA,"DSMRM2672","public","Clarity","PM2.5","UG/M3",NA,"Clarity",NA,NA,NA,NA,NA,NA,NA,NA,"DSMRM2672",NA,NA
"9q9jhtswc9_clarity.DSQBB4452","clarity.DSQBB4452","9q9jhtswc9","E Palo Alto",-122.1397424,37.472784,NA,"US","CA","San Mateo","America/Los_Angeles",NA,NA,NA,NA,"DSQBB4452","public","Clarity","PM2.5","UG/M3",NA,"Clarity",NA,NA,NA,NA,NA,NA,NA,NA,"DSQBB4452",NA,NA
"9q5cg8jmm0_clarity.DSQKJ6551","clarity.DSQKJ6551","9q5cg8jmm0","Wilton Pl ES (7808)",-118.3153241,34.05852122,NA,"US","CA","Los Angeles","America/Los_Angeles",NA,NA,NA,NA,"DSQKJ6551","public","Clarity","PM2.5","UG/M3",NA,"Clarity",NA,NA,NA,NA,NA,NA,NA,NA,"DSQKJ6551",NA,NA
"9q9j5pw0wz_clarity.DSQLA2803","clarity.DSQLA2803","9q9j5pw0wz","Barron Road",-122.2033769,37.4827324,NA,"US","CA","San Mateo","America/Los_Angeles",NA,NA,NA,NA,"DSQLA2803","public","Clarity","PM2.5","UG/M3",NA,"Clarity",NA,NA,NA,NA,NA,NA,NA,NA,"DSQLA2803",NA,NA
"9mueh1xd3p_clarity.DBWVN5705","clarity.DBWVN5705","9mueh1xd3p","Price Center",-117.2357507,32.8797604,NA,"US","CA","San Diego","America/Los_Angeles",NA,NA,NA,NA,"DBWVN5705","public","Clarity","PM2.5","UG/M3",NA,"Clarity",NA,NA,NA,NA,NA,NA,NA,NA,"DBWVN5705",NA,NA
"9qbbpf96mj_clarity.DCFHJ6341","clarity.DCFHJ6341","9qbbpf96mj","A4DS064J",-122.3528,37.9829,NA,"US","CA","Contra Costa","America/Los_Angeles",NA,NA,NA,NA,"DCFHJ6341","public","Clarity","PM2.5","UG/M3",NA,"Clarity",NA,NA,NA,NA,NA,NA,NA,NA,"DCFHJ6341",NA,NA
"9mueh0rnz6_clarity.DTTCR6730","clarity.DTTCR6730","9mueh0rnz6","CRSF (EHS Bldg)",-117.2361645,32.8736392,NA,"US","CA","San Diego","America/Los_Angeles",NA,NA,NA,NA,"DTTCR6730","public","Clarity","PM2.5","UG/M3",NA,"Clarity",NA,NA,NA,NA,NA,NA,NA,NA,"DTTCR6730",NA,NA
"9q5cbk9vg8_clarity.DWRDM0429","clarity.DWRDM0429","9q5cbk9vg8","Community Magnet ES (2741)",-118.4630213,34.0833253,NA,"US","CA","Los Angeles","America/Los_Angeles",NA,NA,NA,NA,"DWRDM0429","public","Clarity","PM2.5","UG/M3",NA,"Clarity",NA,NA,NA,NA,NA,NA,NA,NA,"DWRDM0429",NA,NA
"9mudgzu0zz_clarity.DZQII2860","clarity.DZQII2860","9mudgzu0zz","Nierenberg Hall",-117.25125,32.86989,NA,"US","CA","San Diego","America/Los_Angeles",NA,NA,NA,NA,"DZQII2860","public","Clarity","PM2.5","UG/M3",NA,"Clarity",NA,NA,NA,NA,NA,NA,NA,NA,"DZQII2860",NA,NA
"9q9p6pwy3e_clarity.DZPMA5011","clarity.DZPMA5011","9q9p6pwy3e","Lawrence Hall of Science",-122.246517,37.879205,NA,"US","CA","Alameda","America/Los_Angeles",NA,NA,NA,NA,"DZPMA5011","public","Clarity","PM2.5","UG/M3",NA,"Clarity",NA,NA,NA,NA,NA,NA,NA,NA,"DZPMA5011",NA,NA
"9qceh6ng74_clarity.DHJQC9779","clarity.DHJQC9779","9qceh6ng74","Nicholas ES",-121.444451,38.50765,NA,"US","CA","Sacramento","America/Los_Angeles",NA,NA,NA,NA,"DHJQC9779","public","Clarity","PM2.5","UG/M3",NA,"Clarity",NA,NA,NA,NA,NA,NA,NA,NA,"DHJQC9779",NA,NA
"9mueh4suqb_clarity.DKILC3507","clarity.DKILC3507","9mueh4suqb","RIMAC Arena",-117.2392767,32.8855608,NA,"US","CA","San Diego","America/Los_Angeles",NA,NA,NA,NA,"DKILC3507","public","Clarity","PM2.5","UG/M3",NA,"Clarity",NA,NA,NA,NA,NA,NA,NA,NA,"DKILC3507",NA,NA
"9q6h5087dk_clarity.DKXCB2891","clarity.DKXCB2891","9q6h5087dk","Bradley",-120.805217420437,35.8627490475642,NA,"US","CA","Monterey","America/Los_Angeles",NA,NA,NA,NA,"DKXCB2891","public","Clarity","PM2.5","UG/M3",NA,"Clarity",NA,NA,NA,NA,NA,NA,NA,NA,"DKXCB2891",NA,NA
"9q9p3y26hn_clarity.DLRHC0033","clarity.DLRHC0033","9q9p3y26hn","University Hall",-122.2663267,37.871627,NA,"US","CA","Alameda","America/Los_Angeles",NA,NA,NA,NA,"DLRHC0033","public","Clarity","PM2.5","UG/M3",NA,"Clarity",NA,NA,NA,NA,NA,NA,NA,NA,"DLRHC0033",NA,NA
"9muf2n3jgh_clarity.DNKYP8729","clarity.DNKYP8729","9muf2n3jgh","SDSU2",-117.0688,32.7746,NA,"US","CA","San Diego","America/Los_Angeles",NA,NA,NA,NA,"DNKYP8729","public","Clarity","PM2.5","UG/M3",NA,"Clarity",NA,NA,NA,NA,NA,NA,NA,NA,"DNKYP8729",NA,NA
"9q5bkc7evh_clarity.DWCJC7877","clarity.DWCJC7877","9q5bkc7evh","Broad Ave ES (2527)",-118.2627952,33.80147757,NA,"US","CA","Los Angeles","America/Los_Angeles",NA,NA,NA,NA,"DWCJC7877","public","Clarity","PM2.5","UG/M3",NA,"Clarity",NA,NA,NA,NA,NA,NA,NA,NA,"DWCJC7877",NA,NA
"9qc009fx4u_clarity.DCJEQ2182","clarity.DCJEQ2182","9qc009fx4u","A25JBW3H",-122.3182215,37.9795897,NA,"US","CA","Contra Costa","America/Los_Angeles",NA,NA,NA,NA,"DCJEQ2182","public","Clarity","PM2.5","UG/M3",NA,"Clarity",NA,NA,NA,NA,NA,NA,NA,NA,"DCJEQ2182",NA,NA
"9vk30kgjm0_clarity.DDKYR1789","clarity.DDKYR1789","9vk30kgjm0","SCRO 2",-95.25811,29.73403,NA,"US","TX","Harris","America/Chicago",NA,NA,NA,NA,"DDKYR1789","public","Clarity","PM2.5","UG/M3",NA,"Clarity",NA,NA,NA,NA,NA,NA,NA,NA,"DDKYR1789",NA,NA
"9vk30kgjm0_clarity.DERTK1212","clarity.DERTK1212","9vk30kgjm0","SCRO 5",-95.25811,29.73403,NA,"US","TX","Harris","America/Chicago",NA,NA,NA,NA,"DERTK1212","public","Clarity","PM2.5","UG/M3",NA,"Clarity",NA,NA,NA,NA,NA,NA,NA,NA,"DERTK1212",NA,NA
"9qceesxww5_clarity.DGVCH6685","clarity.DGVCH6685","9qceesxww5","GNNA1",-121.476259,38.609837,NA,"US","CA","Sacramento","America/Los_Angeles",NA,NA,NA,NA,"DGVCH6685","public","Clarity","PM2.5","UG/M3",NA,"Clarity",NA,NA,NA,NA,NA,NA,NA,NA,"DGVCH6685",NA,NA
"9qceev2yve_clarity.DRJRN8848","clarity.DRJRN8848","9qceev2yve","GNNA3",-121.474557,38.614003,NA,"US","CA","Sacramento","America/Los_Angeles",NA,NA,NA,NA,"DRJRN8848","public","Clarity","PM2.5","UG/M3",NA,"Clarity",NA,NA,NA,NA,NA,NA,NA,NA,"DRJRN8848",NA,NA
"9q5cw4nvku_clarity.DSWDH8709","clarity.DSWDH8709","9q5cw4nvku","Lorena St ES (4945)",-118.203412,34.02558364,NA,"US","CA","Los Angeles","America/Los_Angeles",NA,NA,NA,NA,"DSWDH8709","public","Clarity","PM2.5","UG/M3",NA,"Clarity",NA,NA,NA,NA,NA,NA,NA,NA,"DSWDH8709",NA,NA
"9qh963cbbr_clarity.DTEBS2241","clarity.DTEBS2241","9qh963cbbr","EH&S Building",-117.320580738078,33.9795092682148,NA,"US","CA","Riverside","America/Los_Angeles",NA,NA,NA,NA,"DTEBS2241","public","Clarity","PM2.5","UG/M3",NA,"Clarity",NA,NA,NA,NA,NA,NA,NA,NA,"DTEBS2241",NA,NA
"9vk30kgjm0_clarity.DWPVX6808","clarity.DWPVX6808","9vk30kgjm0","SCRO 4",-95.25811,29.73403,NA,"US","TX","Harris","America/Chicago",NA,NA,NA,NA,"DWPVX6808","public","Clarity","PM2.5","UG/M3",NA,"Clarity",NA,NA,NA,NA,NA,NA,NA,NA,"DWPVX6808",NA,NA
"9vk321t61b_clarity.DWSGU6829","clarity.DWSGU6829","9vk321t61b","ACTS005.2",-95.26614591,29.75956426,NA,"US","TX","Harris","America/Chicago",NA,NA,NA,NA,"DWSGU6829","public","Clarity","PM2.5","UG/M3",NA,"Clarity",NA,NA,NA,NA,NA,NA,NA,NA,"DWSGU6829",NA,NA
"9vk30kgjm0_clarity.DXEEF1746","clarity.DXEEF1746","9vk30kgjm0","SCRO 3",-95.25811,29.73403,NA,"US","TX","Harris","America/Chicago",NA,NA,NA,NA,"DXEEF1746","public","Clarity","PM2.5","UG/M3",NA,"Clarity",NA,NA,NA,NA,NA,NA,NA,NA,"DXEEF1746",NA,NA
"9qcee1eyb1_clarity.DCYKE1986","clarity.DCYKE1986","9qcee1eyb1","SMAQMD 35",-121.503634418286,38.5933889039051,NA,"US","CA","Sacramento","America/Los_Angeles",NA,NA,NA,NA,"DCYKE1986","public","Clarity","PM2.5","UG/M3",NA,"Clarity",NA,NA,NA,NA,NA,NA,NA,NA,"DCYKE1986",NA,NA
"9qcee1geew_clarity.DPEKF6273","clarity.DPEKF6273","9qcee1geew","SMAQMD 34",-121.503822512435,38.5942354724143,NA,"US","CA","Sacramento","America/Los_Angeles",NA,NA,NA,NA,"DPEKF6273","public","Clarity","PM2.5","UG/M3",NA,"Clarity",NA,NA,NA,NA,NA,NA,NA,NA,"DPEKF6273",NA,NA
"9q95ndkxrh_clarity.DTRZQ5381","clarity.DTRZQ5381","9q95ndkxrh","Lompico (Zayante Station 2)",-122.051619371806,37.1034728396898,NA,"US","CA","Santa Cruz","America/Los_Angeles",NA,NA,NA,NA,"DTRZQ5381","public","Clarity","PM2.5","UG/M3",NA,"Clarity",NA,NA,NA,NA,NA,NA,NA,NA,"DTRZQ5381",NA,NA
"drt6utx6e1_clarity.DFJLW5038","clarity.DFJLW5038","drt6utx6e1","Merrimack/Parker",-71.1593415249695,42.7015499842934,NA,"US","MA","Essex","America/New_York",NA,NA,NA,NA,"DFJLW5038","public","Clarity","PM2.5","UG/M3",NA,"Clarity",NA,NA,NA,NA,NA,NA,NA,NA,"DFJLW5038",NA,NA
"drt6ussmzf_clarity.DJPJK2482","clarity.DJPJK2482","drt6ussmzf","Salem/S.Broadway",-71.163256460843,42.6966186434951,NA,"US","MA","Essex","America/New_York",NA,NA,NA,NA,"DJPJK2482","public","Clarity","PM2.5","UG/M3",NA,"Clarity",NA,NA,NA,NA,NA,NA,NA,NA,"DJPJK2482",NA,NA
"drt6uvezd0_clarity.DPIWC0910","clarity.DPIWC0910","drt6uvezd0","McGovern Train Station",-71.1532077578659,42.7024008164493,NA,"US","MA","Essex","America/New_York",NA,NA,NA,NA,"DPIWC0910","public","Clarity","PM2.5","UG/M3",NA,"Clarity",NA,NA,NA,NA,NA,NA,NA,NA,"DPIWC0910",NA,NA
"9q5ejdgexb_clarity.DCYFC2760","clarity.DCYFC2760","9q5ejdgexb","Porter Ranch Cmty Sch (2303)",-118.5812854,34.29305152,NA,"US","CA","Los Angeles","America/Los_Angeles",NA,NA,NA,NA,"DCYFC2760","public","Clarity","PM2.5","UG/M3",NA,"Clarity",NA,NA,NA,NA,NA,NA,NA,NA,"DCYFC2760",NA,NA
"9q9p6pwy3e_clarity.DEBKQ0972","clarity.DEBKQ0972","9q9p6pwy3e","Lawrence Hall of Science",-122.246517,37.879205,NA,"US","CA","Alameda","America/Los_Angeles",NA,NA,NA,NA,"DEBKQ0972","public","Clarity","PM2.5","UG/M3",NA,"Clarity",NA,NA,NA,NA,NA,NA,NA,NA,"DEBKQ0972",NA,NA
"drt6v531tp_clarity.DJCYD3360","clarity.DJCYD3360","drt6v531tp","LHS N.Parish Rd",-71.1458676792138,42.6890466938191,NA,"US","MA","Essex","America/New_York",NA,NA,NA,NA,"DJCYD3360","public","Clarity","PM2.5","UG/M3",NA,"Clarity",NA,NA,NA,NA,NA,NA,NA,NA,"DJCYD3360",NA,NA
"drt6uybesk_clarity.DJEUJ3668","clarity.DJEUJ3668","drt6uybesk","Common/Jackson",-71.157577979509,42.7086031913487,NA,"US","MA","Essex","America/New_York",NA,NA,NA,NA,"DJEUJ3668","public","Clarity","PM2.5","UG/M3",NA,"Clarity",NA,NA,NA,NA,NA,NA,NA,NA,"DJEUJ3668",NA,NA
"drt6unjv48_clarity.DPQKU0243","clarity.DPQKU0243","drt6unjv48","Ames/Haverhill",-71.1834021830315,42.7047167720761,NA,"US","MA","Essex","America/New_York",NA,NA,NA,NA,"DPQKU0243","public","Clarity","PM2.5","UG/M3",NA,"Clarity",NA,NA,NA,NA,NA,NA,NA,NA,"DPQKU0243",NA,NA
"drt7j0gwz3_clarity.DQNEP4602","clarity.DQNEP4602","drt7j0gwz3","Marston/E.Haverhill",-71.1423394558689,42.7201307301897,NA,"US","MA","Essex","America/New_York",NA,NA,NA,NA,"DQNEP4602","public","Clarity","PM2.5","UG/M3",NA,"Clarity",NA,NA,NA,NA,NA,NA,NA,NA,"DQNEP4602",NA,NA
"drt6ursp1q_clarity.DQWKJ0821","clarity.DQWKJ0821","drt6ursp1q","Daisy/Broadway",-71.1748638592823,42.7133351139363,NA,"US","MA","Essex","America/New_York",NA,NA,NA,NA,"DQWKJ0821","public","Clarity","PM2.5","UG/M3",NA,"Clarity",NA,NA,NA,NA,NA,NA,NA,NA,"DQWKJ0821",NA,NA
"9vk325hkk5_clarity.DRQBC2512","clarity.DRQBC2512","9vk325hkk5","ACTS001.2",-95.2674199,29.7682047,NA,"US","TX","Harris","America/Chicago",NA,NA,NA,NA,"DRQBC2512","public","Clarity","PM2.5","UG/M3",NA,"Clarity",NA,NA,NA,NA,NA,NA,NA,NA,"DRQBC2512",NA,NA
"9q5fj05d4h_clarity.DUMWB0059","clarity.DUMWB0059","9q5fj05d4h","Allesandro ES (2068)",-118.2519373,34.1019316,NA,"US","CA","Los Angeles","America/Los_Angeles",NA,NA,NA,NA,"DUMWB0059","public","Clarity","PM2.5","UG/M3",NA,"Clarity",NA,NA,NA,NA,NA,NA,NA,NA,"DUMWB0059",NA,NA
"9q59vn730j_clarity.DXPVT5149","clarity.DXPVT5149","9q59vn730j","Topanga Charter ES (7198)",-118.603933,34.092149,NA,"US","CA","Los Angeles","America/Los_Angeles",NA,NA,NA,NA,"DXPVT5149","public","Clarity","PM2.5","UG/M3",NA,"Clarity",NA,NA,NA,NA,NA,NA,NA,NA,"DXPVT5149",NA,NA
"9mudryvz1b_clarity.DFXZY8749","clarity.DFXZY8749","9mudryvz1b","SDSU1",-117.073318,32.777539,NA,"US","CA","San Diego","America/Los_Angeles",NA,NA,NA,NA,"DFXZY8749","public","Clarity","PM2.5","UG/M3",NA,"Clarity",NA,NA,NA,NA,NA,NA,NA,NA,"DFXZY8749",NA,NA
"9tbq1v8fcp_clarity.DHVRG9341","clarity.DHVRG9341","9tbq1v8fcp","Academia Del Pueblo",-112.070458,33.429163,NA,"US","AZ","Maricopa","America/Phoenix",NA,NA,NA,NA,"DHVRG9341","public","Clarity","PM2.5","UG/M3",NA,"Clarity",NA,NA,NA,NA,NA,NA,NA,NA,"DHVRG9341",NA,NA
"9vk1qkq1xx_clarity.DICAT3321","clarity.DICAT3321","9vk1qkq1xx","COCO 3",-95.341778,29.774618,NA,"US","TX","Harris","America/Chicago",NA,NA,NA,NA,"DICAT3321","public","Clarity","PM2.5","UG/M3",NA,"Clarity",NA,NA,NA,NA,NA,NA,NA,NA,"DICAT3321",NA,NA
"9q5ctwrrnd_clarity.DXWTE5141","clarity.DXWTE5141","9q5ctwrrnd","Utah ES (7370)",-118.224627,34.04922005,NA,"US","CA","Los Angeles","America/Los_Angeles",NA,NA,NA,NA,"DXWTE5141","public","Clarity","PM2.5","UG/M3",NA,"Clarity",NA,NA,NA,NA,NA,NA,NA,NA,"DXWTE5141",NA,NA
