"deviceDeploymentID","deviceID","locationID","locationName","longitude","latitude","elevation","countryCode","stateCode","countyName","timezone"
"19541.06-124.12884","195","41.06-124.12884","Westhaven Dr N  Trinidad",-124.12884,41.06,88.392,"US",NA,NA,"UTC"
"47336.72448-119.70164","473","36.72448-119.70164","Sunnyside 93727",-119.70164,36.72448,96.6216,"US",NA,NA,"UTC"
"54734.06567-118.02129","547","34.06567-118.02129","AQMD_RTI_1",-118.02129,34.06567,89.6112,"US",NA,NA,"UTC"
"126633.86301-118.38896","1266","33.86301-118.38896","CCA 10th and Owosso",-118.38896,33.86301,49.9872,"US",NA,NA,"UTC"
"130437.5006-119.84042","1304","37.5006-119.84042","CARB_SMOKE_MARIPOSA_MDO",-119.84042,37.5006,954.024,"US",NA,NA,"UTC"
"168034.09655-117.97032","1680","34.09655-117.97032","BikeSGV - Baldwin Park",-117.97032,34.09655,0,"US",NA,NA,"UTC"
"180833.96884-117.31256","1808","33.96884-117.31256","RUSD_5 (STEM Academy)",-117.31256,33.96884,380.0856,"US",NA,NA,"UTC"
"181633.76377-118.14565","1816","33.76377-118.14565","AQMD_NASA_16",-118.14565,33.76377,16.1544,"US",NA,NA,"UTC"
"182633.93939-117.37985","1826","33.93939-117.37985","RUSD_9 (Gage MS)",-117.37985,33.93939,287.1216,"US",NA,NA,"UTC"
"184834.14176-118.06074","1848","34.14176-118.06074","AQMD_NASA_25",-118.06074,34.14176,170.3832,"US",NA,NA,"UTC"
"185234.02153-117.90991","1852","34.02153-117.90991","AQMD_NASA_2",-117.90991,34.02153,174.6504,"US",NA,NA,"UTC"
"185433.9995-117.41602","1854","33.9995-117.41602","RIVR_Co-loc2",-117.41602,33.9995,249.936,"US",NA,NA,"UTC"
"186037.10762-121.9464","1860","37.10762-121.9464","SCSB_02",-121.9464,37.10762,408.7368,"US",NA,NA,"UTC"
"186633.99998-117.41676","1866","33.99998-117.41676","RIVR_Co-loc1",-117.41676,33.99998,249.6312,"US",NA,NA,"UTC"
"187438.06678-122.22002","1874","38.06678-122.22002","Glen Cove Ridge",-122.22002,38.06678,63.0936,"US",NA,NA,"UTC"
"191433.77309-118.08106","1914","33.77309-118.08106","SCSB_13",-118.08106,33.77309,3.048,"US",NA,NA,"UTC"
"192233.77324-118.08518","1922","33.77324-118.08518","SCSB_11",-118.08518,33.77324,2.4384,"US",NA,NA,"UTC"
"197633.71558-118.30379","1976","33.71558-118.30379","CCA 36th and Barbara",-118.30379,33.71558,71.3232,"US",NA,NA,"UTC"
"200635.39063-120.60231","2006","35.39063-120.60231","CARB_SMOKE_SLOAPCD_SANTA_MARG",-120.60231,35.39063,305.7144,"US",NA,NA,"UTC"
"201035.63926-120.24316","2010","35.63926-120.24316","SLOAPCD_RedHills",-120.24316,35.63926,609.6,"US",NA,NA,"UTC"
"201833.76236-118.09173","2018","33.76236-118.09173","SCSB_03",-118.09173,33.76236,2.1336,"US",NA,NA,"UTC"
"202033.76231-118.08269","2020","33.76231-118.08269","SCSB_07",-118.08269,33.76231,2.1336,"US",NA,NA,"UTC"
"202533.76613-118.08318","2025","33.76613-118.08318","SCSB_05",-118.08318,33.76613,3.048,"US",NA,NA,"UTC"
"206337.39356-122.34721","2063","37.39356-122.34721","Kings Mountain SW",-122.34721,37.39356,399.5928,"US",NA,NA,"UTC"
"215533.99998-117.41676","2155","33.99998-117.41676","RIVR_Co-loc6",-117.41676,33.99998,249.6312,"US",NA,NA,"UTC"
"216733.99998-117.41676","2167","33.99998-117.41676","RIVR_Co-loc5",-117.41676,33.99998,249.6312,"US",NA,NA,"UTC"
"216933.77025-118.0901","2169","33.77025-118.0901","SCSB_31",-118.0901,33.77025,6.096,"US",NA,NA,"UTC"
"230733.76539-118.0782","2307","33.76539-118.0782","SCSB_17",-118.0782,33.76539,2.7432,"US",NA,NA,"UTC"
"232333.76901-118.07886","2323","33.76901-118.07886","SCSB_14",-118.07886,33.76901,2.7432,"US",NA,NA,"UTC"
"232533.99998-117.41676","2325","33.99998-117.41676","RIVR_Co-loc4",-117.41676,33.99998,249.6312,"US",NA,NA,"UTC"
"233633.76981-118.08469","2336","33.76981-118.08469","SCSB_25",-118.08469,33.76981,2.7432,"US",NA,NA,"UTC"
"234633.99998-117.41676","2346","33.99998-117.41676","RIVR_Co-loc3",-117.41676,33.99998,249.6312,"US",NA,NA,"UTC"
"235633.75989-118.08929","2356","33.75989-118.08929","SCSB_30",-118.08929,33.75989,2.7432,"US",NA,NA,"UTC"
"237233.77767-118.09199","2372","33.77767-118.09199","SCSB_22",-118.09199,33.77767,3.3528,"US",NA,NA,"UTC"
"238033.76555-118.07864","2380","33.76555-118.07864","SCSB_28",-118.07864,33.76555,2.1336,"US",NA,NA,"UTC"
"243033.7792-118.0441","2430","33.7792-118.0441","AQMD_NASA_19",-118.0441,33.7792,6.096,"US",NA,NA,"UTC"
"244034.39016-118.60078","2440","34.39016-118.60078","AQMD_NASA_36",-118.60078,34.39016,536.448,"US",NA,NA,"UTC"
"249634.08501-118.07169","2496","34.08501-118.07169","SCEM_07",-118.07169,34.08501,100.584,"US",NA,NA,"UTC"
"250434.06491-118.03349","2504","34.06491-118.03349","SCEM_03",-118.03349,34.06491,83.5152,"US",NA,NA,"UTC"
"253039.023-121.031","2530","39.023-121.031","Bear River Winery",-121.031,39.023,523.3416,"US",NA,NA,"UTC"
"257437.90074-122.28613","2574","37.90074-122.28613","Berkeley Park and Coventry  Kensington  CA  USA",-122.28613,37.90074,59.1312,"US",NA,NA,"UTC"
"260832.65252-115.47937","2608","32.65252-115.47937","Rosales",-115.47937,32.65252,1.8288,"US",NA,NA,"UTC"
"261233.99952-117.41595","2612","33.99952-117.41595","RIVR_Co-loc7",-117.41595,33.99952,249.6312,"US",NA,NA,"UTC"
"264934.29478-118.57907","2649","34.29478-118.57907","Porter Ranch",-118.57907,34.29478,485.2416,"US",NA,NA,"UTC"
"265838.53836-121.57664","2658","38.53836-121.57664","Long Island",-121.57664,38.53836,5.1816,"US",NA,NA,"UTC"
"271334.07163-118.03126","2713","34.07163-118.03126","scem_06",-118.03126,34.07163,86.868,"US",NA,NA,"UTC"
"271735.49484-120.66582","2717","35.49484-120.66582","Atascadero",-120.66582,35.49484,254.2032,"US",NA,NA,"UTC"
"272533.7651-116.95817","2725","33.7651-116.95817","SCSJ_02",-116.95817,33.7651,483.108,"US",NA,NA,"UTC"
"275833.99998-117.41676","2758","33.99998-117.41676","RIVR_Co-loc8",-117.41676,33.99998,249.6312,"US",NA,NA,"UTC"
"283533.49491-117.68442","2835","33.49491-117.68442","San Juan Capistrano CA - Peppertree Bend",-117.68442,33.49491,86.868,"US",NA,NA,"UTC"
"285637.99-122.58062","2856","37.99-122.58062","Hawthorne Hills West",-122.58062,37.99,56.9976,"US",NA,NA,"UTC"
"285837.32448-122.0621","2858","37.32448-122.0621","Varian Park",-122.0621,37.32448,101.8032,"US",NA,NA,"UTC"
"288337.59633-122.06967","2883","37.59633-122.06967","Union City",-122.06967,37.59633,4.2672,"US",NA,NA,"UTC"
"291037.77847-122.40803","2910","37.77847-122.40803","tactrix rooftop",-122.40803,37.77847,5.1816,"US",NA,NA,"UTC"
"291637.36218-122.06556","2916","37.36218-122.06556","Waverly Park",-122.06556,37.36218,55.7784,"US",NA,NA,"UTC"
"294633.99251-118.47207","2946","33.99251-118.47207","Venice",-118.47207,33.99251,4.2672,"US",NA,NA,"UTC"
"301537.37447-122.0833","3015","37.37447-122.0833","Leona",-122.0833,37.37447,41.148,"US",NA,NA,"UTC"
"308237.90647-122.30159","3082","37.90647-122.30159","El Cerrito - Rust - Ohlone Greenway",-122.30159,37.90647,17.0688,"US",NA,NA,"UTC"
"312737.697-121.049","3127","37.697-121.049","NW Modesto",-121.049,37.697,24.9936,"US",NA,NA,"UTC"
"316740.56671-124.12816","3167","40.56671-124.12816","Rohnerville",-124.12816,40.56671,59.7408,"US",NA,NA,"UTC"
"318241.25966-123.33122","3182","41.25966-123.33122","Forks of Salmon",-123.33122,41.25966,382.2192,"US",NA,NA,"UTC"
"321138.38886-120.76946","3211","38.38886-120.76946","Sutter Creek  Ridge Rd",-120.76946,38.38886,503.2248,"US",NA,NA,"UTC"
"326538.41365-122.21675","3265","38.41365-122.21675","Circle oaks county water district",-122.21675,38.41365,402.0312,"US",NA,NA,"UTC"
"327737.11794-120.7445","3277","37.11794-120.7445","Shop",-120.7445,37.11794,27.7368,"US",NA,NA,"UTC"
"330735.13255-120.57762","3307","35.13255-120.57762","Arroyo Grande Village Glen",-120.57762,35.13255,72.5424,"US",NA,NA,"UTC"
"331838.24794-122.60063","3318","38.24794-122.60063","Village East Drive",-122.60063,38.24794,18.8976,"US",NA,NA,"UTC"
"332737.41868-122.15756","3327","37.41868-122.15756","Stanford South",-122.15756,37.41868,27.1272,"US",NA,NA,"UTC"
"332937.11881-120.74453","3329","37.11881-120.74453","Front Office",-120.74453,37.11881,29.5656,"US",NA,NA,"UTC"
"333637.305-121.91792","3336","37.305-121.91792","Willow Glen West",-121.91792,37.305,45.72,"US",NA,NA,"UTC"
"337439.25209-121.07881","3374","39.25209-121.07881","Starlite Acres",-121.07881,39.25209,704.6976,"US",NA,NA,"UTC"
"339037.31998-119.62321","3390","37.31998-119.62321","Oakhurst 1",-119.62321,37.31998,773.8872,"US",NA,NA,"UTC"
"348734.05437-118.11611","3487","34.05437-118.11611","SCAP_19",-118.11611,34.05437,127.4064,"US",NA,NA,"UTC"
"353733.99938-117.41601","3537","33.99938-117.41601","RIVR_Co-loc9",-117.41601,33.99938,249.0216,"US",NA,NA,"UTC"
"358633.93592-118.14326","3586","33.93592-118.14326","Bico de Pato",-118.14326,33.93592,34.1376,"US",NA,NA,"UTC"
"363138.40765-122.83102","3631","38.40765-122.83102","Meadow Ct",-122.83102,38.40765,45.4152,"US",NA,NA,"UTC"
"366637.77044-122.41462","3666","37.77044-122.41462","Isis St",-122.41462,37.77044,6.096,"US",NA,NA,"UTC"
"367440.07279-123.78326","3674","40.07279-123.78326","Benbow  CA",-123.78326,40.07279,142.9512,"US",NA,NA,"UTC"
"377933.87225-118.34106","3779","33.87225-118.34106","North Torrance 405&amp;91",-118.34106,33.87225,22.2504,"US",NA,NA,"UTC"
"379138.13427-122.19782","3791","38.13427-122.19782","Columbus Parkway",-122.19782,38.13427,113.0808,"US",NA,NA,"UTC"
"384037.97438-122.55099","3840","37.97438-122.55099","San Anselmo",-122.55099,37.97438,41.7576,"US",NA,NA,"UTC"
"384639.7448-122.18415","3846","39.7448-122.18415","Orland",-122.18415,39.7448,77.1144,"US",NA,NA,"UTC"
"384838.2598-122.63819","3848","38.2598-122.63819","MARINCC",-122.63819,38.2598,14.6304,"US",NA,NA,"UTC"
"388438.67242-121.09101","3884","38.67242-121.09101","El Dorado Hills",-121.09101,38.67242,310.2864,"US",NA,NA,"UTC"
"389437.82208-121.92247","3894","37.82208-121.92247","Blackhawk",-121.92247,37.82208,226.1616,"US",NA,NA,"UTC"
"396438.07422-122.20023","3964","38.07422-122.20023","Topsail",-122.20023,38.07422,64.9224,"US",NA,NA,"UTC"
"409138.76618-122.89391","4091","38.76618-122.89391","Tasca di Stelle",-122.89391,38.76618,495.3,"US",NA,NA,"UTC"
"409337.39338-121.98701","4093","37.39338-121.98701","Sunnyvale home",-121.98701,37.39338,6.096,"US",NA,NA,"UTC"
"410337.23642-121.88754","4103","37.23642-121.88754","Almaden Valley",-121.88754,37.23642,72.8472,"US",NA,NA,"UTC"
"410934.20454-118.22038","4109","34.20454-118.22038","North_Glendale",-118.22038,34.20454,388.9248,"US",NA,NA,"UTC"
"413539.73198-121.77659","4135","39.73198-121.77659","352 Saint Augustine Drive",-121.77659,39.73198,92.0496,"US",NA,NA,"UTC"
"429937.2747-122.0229","4299","37.2747-122.0229","Saratoga Scotland near Glasgow Rd",-122.0229,37.2747,114.9096,"US",NA,NA,"UTC"
"430533.78275-117.35883","4305","33.78275-117.35883","Gavilan Hills CA",-117.35883,33.78275,662.94,"US",NA,NA,"UTC"
"431138.7581-121.20274","4311","38.7581-121.20274","Ashby",-121.20274,38.7581,96.012,"US",NA,NA,"UTC"
"433337.26342-122.04283","4333","37.26342-122.04283","Saratoga_Hills",-122.04283,37.26342,205.4352,"US",NA,NA,"UTC"
"433937.90827-122.1935","4339","37.90827-122.1935","Orinda",-122.1935,37.90827,217.3224,"US",NA,NA,"UTC"
"434337.33387-122.24799","4343","37.33387-122.24799","Luna Parc",-122.24799,37.33387,449.58,"US",NA,NA,"UTC"
"435536.96877-122.03442","4355","36.96877-122.03442","Santa Cruz High School",-122.03442,36.96877,14.9352,"US",NA,NA,"UTC"
"438937.84627-122.15729","4389","37.84627-122.15729","Orinda",-122.15729,37.84627,181.6608,"US",NA,NA,"UTC"
"439138.30041-122.0245","4391","38.30041-122.0245","Nik\u2019s House of Ill Repute",-122.0245,38.30041,42.672,"US",NA,NA,"UTC"
"439934.17715-118.10009","4399","34.17715-118.10009","East Altadena",-118.10009,34.17715,312.7248,"US",NA,NA,"UTC"
"441733.70755-118.29108","4417","33.70755-118.29108","Point Fermin",-118.29108,33.70755,40.2336,"US",NA,NA,"UTC"
"442137.88545-122.25068","4421","37.88545-122.25068","Terrace View  Fairlawn &amp; Columbia Circle  Berkeley Ca.",-122.25068,37.88545,337.7184,"US",NA,NA,"UTC"
"443137.24882-121.95026","4431","37.24882-121.95026","SchnauzerLogic Studios",-121.95026,37.24882,92.3544,"US",NA,NA,"UTC"
"444537.82753-121.94319","4445","37.82753-121.94319","Still Creek Pl",-121.94319,37.82753,199.9488,"US",NA,NA,"UTC"
"447838.57168-122.43616","4478","38.57168-122.43616","Pacific Union College",-122.43616,38.57168,552.9072,"US",NA,NA,"UTC"
"449138.09282-122.25122","4491","38.09282-122.25122","Vallejo Flood and Wastewater District",-122.25122,38.09282,3.6576,"US",NA,NA,"UTC"
"452035.26587-120.65855","4520","35.26587-120.65855","San Luis Obispo  Meadow Street",-120.65855,35.26587,66.1416,"US",NA,NA,"UTC"
"454934.16351-118.05551","4549","34.16351-118.05551","'Solar Vic's air quality sensor",-118.05551,34.16351,271.5768,"US",NA,NA,"UTC"
"457133.8655-118.39616","4571","33.8655-118.39616","Marineland Outdoor",-118.39616,33.8655,14.3256,"US",NA,NA,"UTC"
"457537.3668-121.83837","4575","37.3668-121.83837","Alum Rock (Pala Ave)",-121.83837,37.3668,44.5008,"US",NA,NA,"UTC"
"458833.61385-117.63171","4588","33.61385-117.63171","Pavion Park  Mission Viejo  CA",-117.63171,33.61385,228.6,"US",NA,NA,"UTC"
"460637.28064-122.11939","4606","37.28064-122.11939","Stevens Canyon",-122.11939,37.28064,332.232,"US",NA,NA,"UTC"
"461537.45771-122.22478","4615","37.45771-122.22478","Alexander_Ave",-122.22478,37.45771,17.0688,"US",NA,NA,"UTC"
"465837.96903-122.01588","4658","37.96903-122.01588","Concord",-122.01588,37.96903,35.052,"US",NA,NA,"UTC"
"471433.94189-117.3111","4714","33.94189-117.3111","SCSH_01",-117.3111,33.94189,500.1768,"US",NA,NA,"UTC"
"474634.08586-118.12516","4746","34.08586-118.12516","scap_26",-118.12516,34.08586,138.3792,"US",NA,NA,"UTC"
"474833.99952-117.41593","4748","33.99952-117.41593","RIVR_Co-loc10",-117.41593,33.99952,249.6312,"US",NA,NA,"UTC"
"479337.99822-122.63344","4793","37.99822-122.63344","Buckeye Circle",-122.63344,37.99822,244.4496,"US",NA,NA,"UTC"
"490437.71459-122.0851","4904","37.71459-122.0851","Castro Valley 37-122",-122.0851,37.71459,130.4544,"US",NA,NA,"UTC"
"492838.09035-122.23882","4928","38.09035-122.23882","1300 Block Lemon",-122.23882,38.09035,3.3528,"US",NA,NA,"UTC"
"497433.6013-117.8082","4974","33.6013-117.8082","Coastal Peak",-117.8082,33.6013,303.8856,"US",NA,NA,"UTC"
"498038.67877-120.98974","4980","38.67877-120.98974","Cameron Airpark",-120.98974,38.67877,375.2088,"US",NA,NA,"UTC"
"501633.85964-118.20071","5016","33.85964-118.20071","AQMD_NR_04",-118.20071,33.85964,14.6304,"US",NA,NA,"UTC"
"508437.52334-120.85545","5084","37.52334-120.85545","CSUStan Naraghi Roof",-120.85545,37.52334,33.8328,"US",NA,NA,"UTC"
"515137.86313-122.02302","5151","37.86313-122.02302","Alamo-Erselia Trail",-122.02302,37.86313,109.4232,"US",NA,NA,"UTC"
"521834.07487-118.14354","5218","34.07487-118.14354","SCAP_50",-118.14354,34.07487,136.8552,"US",NA,NA,"UTC"
"528033.99946-117.41594","5280","33.99946-117.41594","RIVR_Co-loc12",-117.41594,33.99946,249.3264,"US",NA,NA,"UTC"
"528433.99945-117.41591","5284","33.99945-117.41591","RIVR_Co-loc13",-117.41591,33.99945,249.3264,"US",NA,NA,"UTC"
"534038.55294-121.78546","5340","38.55294-121.78546","IEAS_SCANS_001_outdoor",-121.78546,38.55294,20.1168,"US",NA,NA,"UTC"
"544837.73049-122.44926","5448","37.73049-122.44926","Sunnyside Eagles Outside",-122.44926,37.73049,97.8408,"US",NA,NA,"UTC"
"548836.61803-121.91981","5488","36.61803-121.91981","Spruce @ 16th",-121.91981,36.61803,49.3776,"US",NA,NA,"UTC"
"549237.29711-121.76489","5492","37.29711-121.76489","Evergreen  San Jose  CA",-121.76489,37.29711,117.0432,"US",NA,NA,"UTC"
"550038.56451-121.35864","5500","38.56451-121.35864","La Riviera East",-121.35864,38.56451,15.5448,"US",NA,NA,"UTC"
"550434.3654-118.55242","5504","34.3654-118.55242","Adamsboro",-118.55242,34.3654,406.6032,"US",NA,NA,"UTC"
"557433.81347-118.19589","5574","33.81347-118.19589","CCA 31st and Chestnut",-118.19589,33.81347,6.7056,"US",NA,NA,"UTC"
"564237.85931-122.49727","5642","37.85931-122.49727","North Sausalito (Spring Street)",-122.49727,37.85931,46.0248,"US",NA,NA,"UTC"
"565036.981-122.012","5650","36.981-122.012","Midtown Santa Cruz",-122.012,36.981,24.6888,"US",NA,NA,"UTC"
"574434.41372-119.28503","5744","34.41372-119.28503","Alto",-119.28503,34.41372,269.1384,"US",NA,NA,"UTC"
"577637.75069-122.435","5776","37.75069-122.435","Jersey Noe Air Station Alpha",-122.435,37.75069,70.104,"US",NA,NA,"UTC"
"580034.41936-119.76352","5800","34.41936-119.76352","Hope Ranch",-119.76352,34.41936,114.6048,"US",NA,NA,"UTC"
"580433.98711-118.45132","5804","33.98711-118.45132","Oxford Triangle",-118.45132,33.98711,2.4384,"US",NA,NA,"UTC"
"581034.03836-118.51824","5810","34.03836-118.51824","Hunting Palisades",-118.51824,34.03836,81.0768,"US",NA,NA,"UTC"
"582035.11601-118.45592","5820","35.11601-118.45592","Tehachapi Alta Estates",-118.45592,35.11601,1245.108,"US",NA,NA,"UTC"
"584434.01726-118.48061","5844","34.01726-118.48061","Max's house",-118.48061,34.01726,35.052,"US",NA,NA,"UTC"
"586837.38532-122.19962","5868","37.38532-122.19962","Alpine Hills",-122.19962,37.38532,213.0552,"US",NA,NA,"UTC"
"591234.0571-118.18374","5912","34.0571-118.18374","USCEHC City Terrace Whiteside",-118.18374,34.0571,129.8448,"US",NA,NA,"UTC"
"608636.98005-119.65871","6086","36.98005-119.65871","Ruscello Ln",-119.65871,36.98005,197.8152,"US",NA,NA,"UTC"
"616233.8681-118.34815","6162","33.8681-118.34815","CCA\u00A0179th\u00A0and\u00A0Amie",-118.34815,33.8681,24.384,"US",NA,NA,"UTC"
"617034.02149-118.34324","6170","34.02149-118.34324","CCA Hillcrest and Obama",-118.34324,34.02149,32.6136,"US",NA,NA,"UTC"
"617833.83253-118.18794","6178","33.83253-118.18794","CCA\u00A0Carson\u00A0and\u00A0Elm",-118.18794,33.83253,32.004,"US",NA,NA,"UTC"
"618637.98879-121.6871","6186","37.98879-121.6871","CCA Michelangelo and Vitruvius",-121.6871,37.98879,5.1816,"US",NA,NA,"UTC"
"619436.74194-119.67384","6194","36.74194-119.67384","CCA\u00A0Douglas and Kerckhoff\u00A0",-119.67384,36.74194,101.8032,"US",NA,NA,"UTC"
"619833.88648-117.80529","6198","33.88648-117.80529","CCA Cam Verde and Via Sereno",-117.80529,33.88648,126.492,"US",NA,NA,"UTC"
"621433.86129-117.95829","6214","33.86129-117.95829","CCA\u00A0Locust and Southgate",-117.95829,33.86129,33.2232,"US",NA,NA,"UTC"
"638437.86577-122.50299","6384","37.86577-122.50299","Sausalito 2",-122.50299,37.86577,21.0312,"US",NA,NA,"UTC"
"640837.09569-121.63899","6408","37.09569-121.63899","Amberwood",-121.63899,37.09569,100.584,"US",NA,NA,"UTC"
"645634.45086-118.51963","6456","34.45086-118.51963","AQMD_NASA_37",-118.51963,34.45086,455.676,"US",NA,NA,"UTC"
"645834.17129-118.17784","6458","34.17129-118.17784","AQMD_NASA_33",-118.17784,34.17129,299.9232,"US",NA,NA,"UTC"
"647234.11119-118.21065","6472","34.11119-118.21065","AQMD_NASA_34",-118.21065,34.11119,174.9552,"US",NA,NA,"UTC"
"657237.35448-122.08019","6572","37.35448-122.08019","Heritage Oaks Park",-122.08019,37.35448,65.8368,"US",NA,NA,"UTC"
"664839.14925-121.62204","6648","39.14925-121.62204","FRAQMD office",-121.62204,39.14925,19.812,"US",NA,NA,"UTC"
"667034.48313-117.26594","6670","34.48313-117.26594","Spring Valley Lake South",-117.26594,34.48313,866.5464,"US",NA,NA,"UTC"
"673634.15206-117.93399","6736","34.15206-117.93399","Duarte Hills",-117.93399,34.15206,214.2744,"US",NA,NA,"UTC"
"676435.6564-120.37637","6764","35.6564-120.37637","SCNP_14_Shandon",-120.37637,35.6564,317.9064,"US",NA,NA,"UTC"
"680633.99958-117.41621","6806","33.99958-117.41621","RIVR_Co-loc14",-117.41621,33.99958,249.936,"US",NA,NA,"UTC"
"685033.94106-118.1901","6850","33.94106-118.1901","SCSG-14",-118.1901,33.94106,32.3088,"US",NA,NA,"UTC"
"685234.19939-118.17296","6852","34.19939-118.17296","AQMD_NASA_291",-118.17296,34.19939,341.6808,"US",NA,NA,"UTC"
"688633.90136-118.20506","6886","33.90136-118.20506","AQMD_Compton",-118.20506,33.90136,22.2504,"US",NA,NA,"UTC"
"689833.9807-117.9537","6898","33.9807-117.9537","AQMD_NASA_49",-117.9537,33.9807,232.5624,"US",NA,NA,"UTC"
"691034.26168-117.20624","6910","34.26168-117.20624","AQMD_NASA_47",-117.20624,34.26168,1606.296,"US",NA,NA,"UTC"
"691233.99948-117.41627","6912","33.99948-117.41627","RIVR_Co-loc15",-117.41627,33.99948,249.936,"US",NA,NA,"UTC"
"696237.89882-121.72282","6962","37.89882-121.72282","Brentwood Fiano Ln",-121.72282,37.89882,54.864,"US",NA,NA,"UTC"
"700437.4929-120.17398","7004","37.4929-120.17398","Taawe Bwia",-120.17398,37.4929,358.7496,"US",NA,NA,"UTC"
"702637.22076-119.6835","7026","37.22076-119.6835","SAW",-119.6835,37.22076,677.2656,"US",NA,NA,"UTC"
"712435.35019-119.09403","7124","35.35019-119.09403","CSUB",-119.09403,35.35019,115.824,"US",NA,NA,"UTC"
"719837.91887-122.49161","7198","37.91887-122.49161","Marin Country Day School",-122.49161,37.91887,6.4008,"US",NA,NA,"UTC"
"727233.78601-118.37841","7272","33.78601-118.37841","Rancho Palos Verdes (Silver Spur)",-118.37841,33.78601,277.6728,"US",NA,NA,"UTC"
"727838.65919-121.49993","7278","38.65919-121.49993","Natomas-Clayton Way",-121.49993,38.65919,4.8768,"US",NA,NA,"UTC"
"728237.58816-122.49687","7282","37.58816-122.49687","Linda Mar Valley",-122.49687,37.58816,12.4968,"US",NA,NA,"UTC"
"728436.86452-119.7458","7284","36.86452-119.7458","ShippAQWx",-119.7458,36.86452,113.3856,"US",NA,NA,"UTC"
"729034.18047-118.41769","7290","34.18047-118.41769","Hacienda",-118.41769,34.18047,207.5688,"US",NA,NA,"UTC"
"731637.85483-122.28938","7316","37.85483-122.28938","Ecole Bilingue de Berkeley",-122.28938,37.85483,13.716,"US",NA,NA,"UTC"
"742838.31245-122.34084","7428","38.31245-122.34084","Browns Valley",-122.34084,38.31245,55.1688,"US",NA,NA,"UTC"
"745634.22506-119.08463","7456","34.22506-119.08463","kamout",-119.08463,34.22506,61.2648,"US",NA,NA,"UTC"
"756634.19154-118.9561","7566","34.19154-118.9561","Newbury Park",-118.9561,34.19154,213.0552,"US",NA,NA,"UTC"
"780638.55365-121.73785","7806","38.55365-121.73785","Davis (Ivy Town 2)",-121.73785,38.55365,12.8016,"US",NA,NA,"UTC"
"784636.603-121.9294","7846","36.603-121.9294","Hillside Ave",-121.9294,36.603,116.1288,"US",NA,NA,"UTC"
"796439.16349-122.90181","7964","39.16349-122.90181","Upper Lake Middle School",-122.90181,39.16349,410.8704,"US",NA,NA,"UTC"
"796639.53165-122.19201","7966","39.53165-122.19201","CARB_SMOKE_GCAPCD_WILLOWS",-122.19201,39.53165,42.3672,"US",NA,NA,"UTC"
"796838.97451-122.83057","7968","38.97451-122.83057","CARB_SMOKE_LCAQMD_KV_HIGH",-122.83057,38.97451,434.0352,"US",NA,NA,"UTC"
"797440.98329-122.70673","7974","40.98329-122.70673","NC#76_Trinity Center",-122.70673,40.98329,765.3528,"US",NA,NA,"UTC"
"797640.69796-122.80617","7976","40.69796-122.80617","NC#75_Lewiston",-122.80617,40.69796,624.5352,"US",NA,NA,"UTC"
"798438.95952-122.64494","7984","38.95952-122.64494","CARB_SMOKE_LCAQMD_BURNS_VALLEY",-122.64494,38.95952,409.0416,"US",NA,NA,"UTC"
"803639.0595-122.91493","8036","39.0595-122.91493","CARB_SMOKE_LCAQMD_LAKEPORT_ELEMENTARY",-122.91493,39.0595,406.908,"US",NA,NA,"UTC"
"805638.35254-120.7672","8056","38.35254-120.7672","CARB_SMOKE_AAD_JACKSON",-120.7672,38.35254,377.3424,"US",NA,NA,"UTC"
"806439.08384-122.78951","8064","39.08384-122.78951","CARB_SMOKE_LCAQMD_LUCERNE_ELE",-122.78951,39.08384,406.2984,"US",NA,NA,"UTC"
"807639.93494-122.17329","8076","39.93494-122.17329","CARB_SMOKE_TCAPCD_CORNINGHIGHSCHOOL",-122.17329,39.93494,89.3064,"US",NA,NA,"UTC"
"808038.76628-120.58993","8080","38.76628-120.58993","CARB_SMOKE_EDCAQMD_Pollock Pines",-120.58993,38.76628,1191.4632,"US",NA,NA,"UTC"
"808638.88528-120.07311","8086","38.88528-120.07311","CARB SMOKE EDCAQMD Fallen Leaf",-120.07311,38.88528,1949.5008,"US",NA,NA,"UTC"
"809238.91195-120.82939","8092","38.91195-120.82939","CARB_SMOKE_EDCAQMD_Georgetown",-120.82939,38.91195,836.3712,"US",NA,NA,"UTC"
"811240.88998-122.38537","8112","40.88998-122.38537","CARB_SMOKE_SHASTAAQMD_LAKEHEADVOLFIRE",-122.38537,40.88998,342.2904,"US",NA,NA,"UTC"
"811640.55816-122.35098","8116","40.55816-122.35098","CARB_SMOKE_SHASTAAQMD_ENTERPRISEHSQUAD",-122.35098,40.55816,163.3728,"US",NA,NA,"UTC"
"812239.01521-122.88955","8122","39.01521-122.88955","CARB_SMOKE_LCAQMD_BVR_PRESCH",-122.88955,39.01521,408.7368,"US",NA,NA,"UTC"
"813038.99503-122.88405","8130","38.99503-122.88405","CARB_SMOKE_LCAQMD_LLOYD_HANCE",-122.88405,38.99503,413.9184,"US",NA,NA,"UTC"
"813239.15828-121.7489","8132","39.15828-121.7489","CARB_SMOKE_FRAQMD_SUTTER",-121.7489,39.15828,20.4216,"US",NA,NA,"UTC"
"813640.50342-122.54062","8136","40.50342-122.54062","CARB_SMOKE_SHASTAAQMD_IGOONOSCHOOL",-122.54062,40.50342,331.6224,"US",NA,NA,"UTC"
"814039.41495-121.70369","8140","39.41495-121.70369","CARB_SMOKE_BCAQMD_BIGGS",-121.70369,39.41495,28.956,"US",NA,NA,"UTC"
"815639.01108-121.42182","8156","39.01108-121.42182","CARB_SMOKE_FRAQMD_WHEATLAND",-121.42182,39.01108,25.2984,"US",NA,NA,"UTC"
"818639.50888-121.58838","8186","39.50888-121.58838","CARB_SMOKE_BCAQMD_THERMALITO",-121.58838,39.50888,68.8848,"US",NA,NA,"UTC"
"819239.78066-121.95567","8192","39.78066-121.95567","CARB_SMOKE_BCAQMD_NORD",-121.95567,39.78066,45.72,"US",NA,NA,"UTC"
"821838.76014-120.53089","8218","38.76014-120.53089","CARB SMOKE EDCAQMD Fresh Pond",-120.53089,38.76014,1101.5472,"US",NA,NA,"UTC"
"824239.73806-123.17335","8242","39.73806-123.17335","Covelo PA",-123.17335,39.73806,508.7112,"US",NA,NA,"UTC"
"826434.24194-116.4553","8264","34.24194-116.4553","MDAQMD-LANDERS-BDVWA",-116.4553,34.24194,1116.7872,"US",NA,NA,"UTC"
"826834.76599-117.32601","8268","34.76599-117.32601","MDAQMD-HLND-CSDPARK",-117.32601,34.76599,734.568,"US",NA,NA,"UTC"
"827234.47969-117.18916","8272","34.47969-117.18916","MDAQMD-AVUSD-ESC",-117.18916,34.47969,907.9992,"US",NA,NA,"UTC"
"828634.45756-116.93945","8286","34.45756-116.93945","MDAQMD-LVUSD-MHS",-116.93945,34.45756,878.1288,"US",NA,NA,"UTC"
"828834.89701-116.88852","8288","34.89701-116.88852","MDAQMD-SVUSD-SVHS",-116.88852,34.89701,601.0656,"US",NA,NA,"UTC"
"829235.25874-116.69843","8292","35.25874-116.69843","MDAQMD-SVUSD-FI-FIMS",-116.69843,35.25874,784.86,"US",NA,NA,"UTC"
"829434.86597-116.6617","8294","34.86597-116.6617","MDAQMD-SVUSD-NSES",-116.6617,34.86597,560.2224,"US",NA,NA,"UTC"
"829634.14682-115.12097","8296","34.14682-115.12097","MDAQMD-IRON-MOUNTAIN",-115.12097,34.14682,281.3304,"US",NA,NA,"UTC"
"830034.53341-117.27901","8300","34.53341-117.27901","MDAQMD-AV-LCER",-117.27901,34.53341,837.2856,"US",NA,NA,"UTC"
"831034.41647-117.28566","8310","34.41647-117.28566","MDAQMD-HES2",-117.28566,34.41647,967.1304,"US",NA,NA,"UTC"
"831234.90623-116.82424","8312","34.90623-116.82424","MDAQMD-SVUSD-YS",-116.82424,34.90623,590.7024,"US",NA,NA,"UTC"
"831634.39103-117.23801","8316","34.39103-117.23801","MDAQMD-AV-MWA",-117.23801,34.39103,892.1496,"US",NA,NA,"UTC"
"832035.26494-116.69812","8320","35.26494-116.69812","MDAQMD-SVUSD-FI-LE",-116.69812,35.26494,784.5552,"US",NA,NA,"UTC"
"832234.29076-114.17467","8322","34.29076-114.17467","MDAQMD-MWD-GC2",-114.17467,34.29076,236.22,"US",NA,NA,"UTC"
"832634.45072-117.64349","8326","34.45072-117.64349","MDAQMD-SJUSD-PH",-117.64349,34.45072,1177.1376,"US",NA,NA,"UTC"
"832835.14246-116.10343","8328","35.14246-116.10343","MDAQMD-ZZYZX-DesertStudiesCenter",-116.10343,35.14246,292.9128,"US",NA,NA,"UTC"
"833434.36143-117.63628","8334","34.36143-117.63628","MDAQMD-SJUSD-WRI",-117.63628,34.36143,1820.8752,"US",NA,NA,"UTC"
"834034.5045-117.37447","8340","34.5045-117.37447","MDAQMD-VVUHSD-HAWKS",-117.37447,34.5045,943.0512,"US",NA,NA,"UTC"
"834234.89394-117.02473","8342","34.89394-117.02473","MDAQMD-BAR1",-117.02473,34.89394,697.0776,"US",NA,NA,"UTC"
"836835.03303-120.5425","8368","35.03303-120.5425","Upper Vista Tesoro",-120.5425,35.03303,78.0288,"US",NA,NA,"UTC"
"844433.95342-117.69692","8444","33.95342-117.69692","Chino Hills (Alterra)",-117.69692,33.95342,243.2304,"US",NA,NA,"UTC"
"862834.86634-118.19447","8628","34.86634-118.19447","Rosamond csd",-118.19447,34.86634,723.2904,"US",NA,NA,"UTC"
"870235.64626-117.72372","8702","35.64626-117.72372","Ridgecrest Indian Wells Valley water district",-117.72372,35.64626,717.804,"US",NA,NA,"UTC"
"886635.77369-119.23843","8866","35.77369-119.23843","DELANO_Coloc",-119.23843,35.77369,99.3648,"US",NA,NA,"UTC"
"887036.95222-120.0417","8870","36.95222-120.0417","CCAC_SE_Madera",-120.0417,36.95222,81.0768,"US",NA,NA,"UTC"
"889236.76274-119.79868","8892","36.76274-119.79868","CCA Root Access Hackerspace #2",-119.79868,36.76274,90.2208,"US",NA,NA,"UTC"
"889833.97103-118.2406","8898","33.97103-118.2406","CCA 76th and Whitsett",-118.2406,33.97103,44.8056,"US",NA,NA,"UTC"
"891434.10474-118.34616","8914","34.10474-118.34616","CCA Hillside and La Brea",-118.34616,34.10474,144.1704,"US",NA,NA,"UTC"
"895633.77166-118.12528","8956","33.77166-118.12528","CCA 4th and Los Altos",-118.12528,33.77166,15.24,"US",NA,NA,"UTC"
"898838.02858-122.0301","8988","38.02858-122.0301","321 Wellington Ave  Clyde  CA",-122.0301,38.02858,9.7536,"US",NA,NA,"UTC"
"899633.83734-118.38025","8996","33.83734-118.38025","CCA Irena and Opal",-118.38025,33.83734,33.8328,"US",NA,NA,"UTC"
"911636.77316-121.66286","9116","36.77316-121.66286","CCA Cross and Cunha",-121.66286,36.77316,12.4968,"US",NA,NA,"UTC"
"912433.86719-118.15143","9124","33.86719-118.15143","CCA Downey and Janice",-118.15143,33.86719,16.4592,"US",NA,NA,"UTC"
"914039.24273-121.00093","9140","39.24273-121.00093","CCA Big Blue and Gracie",-121.00093,39.24273,928.116,"US",NA,NA,"UTC"
"914638.64558-121.29781","9146","38.64558-121.29781","CCA Ladera and Milroy",-121.29781,38.64558,50.5968,"US",NA,NA,"UTC"
"915437.96156-121.69294","9154","37.96156-121.69294","CCA Arroyo Seco and Lone Tree",-121.69294,37.96156,19.2024,"US",NA,NA,"UTC"
"915634.15174-118.21818","9156","34.15174-118.21818","CCA Hollister and Scholl",-118.21818,34.15174,237.1344,"US",NA,NA,"UTC"
"915833.72417-116.29173","9158","33.72417-116.29173","CCA Carnes and Seeley",-116.29173,33.72417,33.2232,"US",NA,NA,"UTC"
"916236.98806-121.58136","9162","36.98806-121.58136","CCA Semilon and Viognier",-121.58136,36.98806,84.4296,"US",NA,NA,"UTC"
"916434.19638-118.65899","9164","34.19638-118.65899","CCA Castle Peak and Sunset Ridge",-118.65899,34.19638,279.8064,"US",NA,NA,"UTC"
"916834.09818-118.28198","9168","34.09818-118.28198","CCA Bates and Sunset",-118.28198,34.09818,107.2896,"US",NA,NA,"UTC"
"917233.76662-117.45601","9172","33.76662-117.45601","Temescal",-117.45601,33.76662,381.6096,"US",NA,NA,"UTC"
"918033.76176-117.49799","9180","33.76176-117.49799","SCTV_30",-117.49799,33.76176,390.7536,"US",NA,NA,"UTC"
"919036.53722-121.79822","9190","36.53722-121.79822","CCA Tierra Grande and Via Paloma",-121.79822,36.53722,221.2848,"US",NA,NA,"UTC"
"919633.79911-117.52763","9196","33.79911-117.52763","SCTV_12",-117.52763,33.79911,440.436,"US",NA,NA,"UTC"
"920633.74709-117.46061","9206","33.74709-117.46061","SCTV_27",-117.46061,33.74709,416.6616,"US",NA,NA,"UTC"
"920833.75318-117.46886","9208","33.75318-117.46886","SCTV_26",-117.46886,33.75318,374.2944,"US",NA,NA,"UTC"
"921235.35462-120.04015","9212","35.35462-120.04015","CARB_SMOKE_SLOAPCD_CARRIZO_PLAIN",-120.04015,35.35462,613.2576,"US",NA,NA,"UTC"
"921435.6209-120.6745","9214","35.6209-120.6745","SCPR_25",-120.6745,35.6209,241.4016,"US",NA,NA,"UTC"
"922035.67587-120.59995","9220","35.67587-120.59995","SCPR_19 Jardine",-120.59995,35.67587,256.3368,"US",NA,NA,"UTC"
"922633.99939-117.41634","9226","33.99939-117.41634","RIVR_Co-loc16",-117.41634,33.99939,249.3264,"US",NA,NA,"UTC"
"924433.96143-117.6786","9244","33.96143-117.6786","SCPLB_04",-117.6786,33.96143,171.9072,"US",NA,NA,"UTC"
"925635.27047-120.66213","9256","35.27047-120.66213","Dr. Know",-120.66213,35.27047,56.0832,"US",NA,NA,"UTC"
"927434.1338-118.47423","9274","34.1338-118.47423","CCA Crownridge and Royal Woods",-118.47423,34.1338,340.1568,"US",NA,NA,"UTC"
"928434.00462-117.81691","9284","34.00462-117.81691","Purpleair sensor",-117.81691,34.00462,291.3888,"US",NA,NA,"UTC"
"929438.39922-122.20406","9294","38.39922-122.20406","CCA 121 and Waters",-122.20406,38.39922,341.376,"US",NA,NA,"UTC"
"931433.75001-117.4686","9314","33.75001-117.4686","SCTV_31",-117.4686,33.75001,383.4384,"US",NA,NA,"UTC"
"931834.06561-118.44649","9318","34.06561-118.44649","Westwood  CA",-118.44649,34.06561,109.1184,"US",NA,NA,"UTC"
"932434.11179-117.14936","9324","34.11179-117.14936","highland",-117.14936,34.11179,447.4464,"US",NA,NA,"UTC"
"932834.02593-117.13402","9328","34.02593-117.13402","Scah-001",-117.13402,34.02593,633.0696,"US",NA,NA,"UTC"
"933633.76369-117.4976","9336","33.76369-117.4976","SCTV_42",-117.4976,33.76369,371.856,"US",NA,NA,"UTC"
"935633.76389-117.45995","9356","33.76389-117.45995","Oz Terramor",-117.45995,33.76389,354.4824,"US",NA,NA,"UTC"
"935833.99932-117.41638","9358","33.99932-117.41638","RIVR_Co-loc17",-117.41638,33.99932,248.7168,"US",NA,NA,"UTC"
"936433.77723-117.50397","9364","33.77723-117.50397","SCTV_39",-117.50397,33.77723,362.4072,"US",NA,NA,"UTC"
"937633.78484-117.50535","9376","33.78484-117.50535","SCTV_43",-117.50535,33.78484,338.0232,"US",NA,NA,"UTC"
"938633.79926-117.52982","9386","33.79926-117.52982","SCTV_22",-117.52982,33.79926,442.2648,"US",NA,NA,"UTC"
"939033.71994-117.42265","9390","33.71994-117.42265","SCTV_09",-117.42265,33.71994,481.8888,"US",NA,NA,"UTC"
"939233.76107-117.48144","9392","33.76107-117.48144","SCTV_45",-117.48144,33.76107,336.1944,"US",NA,NA,"UTC"
"939833.74639-117.46041","9398","33.74639-117.46041","Sctv_03",-117.46041,33.74639,414.528,"US",NA,NA,"UTC"
"940833.73609-117.44975","9408","33.73609-117.44975","SCTV_36 (Sky View)",-117.44975,33.73609,426.72,"US",NA,NA,"UTC"
"959434.25239-119.14318","9594","34.25239-119.14318","VCAPCD ER",-119.14318,34.25239,35.6616,"US",NA,NA,"UTC"
"975037.20891-122.06513","9750","37.20891-122.06513","Las Cumbres",-122.06513,37.20891,845.2104,"US",NA,NA,"UTC"
"1009237.85757-121.97286","10092","37.85757-121.97286","Alamo  CA 94507",-121.97286,37.85757,195.3768,"US",NA,NA,"UTC"
"1020433.72064-117.41661","10204","33.72064-117.41661","Horsethief - Temescal Valley",-117.41661,33.72064,449.58,"US",NA,NA,"UTC"
"1054433.78223-118.26753","10544","33.78223-118.26753","R1180_UMCW",-118.26753,33.78223,10.0584,"US",NA,NA,"UTC"
"1087233.81913-118.21148","10872","33.81913-118.21148","R1180_SLKE",-118.21148,33.81913,7.9248,"US",NA,NA,"UTC"
"1087434.1549-118.56879","10874","34.1549-118.56879","AQMD_NASA_",-118.56879,34.1549,359.3592,"US",NA,NA,"UTC"
"1089034.22107-118.05719","10890","34.22107-118.05719","CLARS",-118.05719,34.22107,1624.584,"US",NA,NA,"UTC"
"1102433.8437-118.29507","11024","33.8437-118.29507","DAAC Budlong and Milton",-118.29507,33.8437,10.9728,"US",NA,NA,"UTC"
"1103236.83655-121.37074","11032","36.83655-121.37074","Hollister_snnyslp_ln",-121.37074,36.83655,127.1016,"US",NA,NA,"UTC"
"1103433.83798-118.33137","11034","33.83798-118.33137","R1180_ELMA",-118.33137,33.83798,31.6992,"US",NA,NA,"UTC"
"1103633.84206-118.29277","11036","33.84206-118.29277","DAAC Berendo and Torrance",-118.29277,33.84206,10.3632,"US",NA,NA,"UTC"
"1111636.45404-118.89061","11116","36.45404-118.89061","River House",-118.89061,36.45404,281.3304,"US",NA,NA,"UTC"
"1111836.45345-118.90955","11118","36.45345-118.90955","Holzem Holler",-118.90955,36.45345,278.2824,"US",NA,NA,"UTC"
"1125832.60434-115.4941","11258","32.60434-115.4941","AYUNTAMIENTO DE MEXICALI - ESTACION BARCELONA",-115.4941,32.60434,3.048,"US",NA,NA,"UTC"
"1127632.61452-115.51012","11276","32.61452-115.51012","AYUNTAMIENTO DE MEXICALI - ESTACION PAPAGO",-115.51012,32.61452,3.6576,"US",NA,NA,"UTC"
"1134441.72832-122.52183","11344","41.72832-122.52183","CARB_SMOKE_SCAPCD_MONTAGUE_ELEMENTARY",-122.52183,41.72832,780.288,"US",NA,NA,"UTC"
"1135441.52829-122.3642","11354","41.52829-122.3642","CARB_SMOKE_LAKE_SHASTINA_CSD",-122.3642,41.52829,871.1184,"US",NA,NA,"UTC"
"1140638.59525-121.51833","11406","38.59525-121.51833","West Sacramento YS",-121.51833,38.59525,6.096,"US",NA,NA,"UTC"
"1141438.53396-121.94542","11414","38.53396-121.94542","El Rio YS",-121.94542,38.53396,38.4048,"US",NA,NA,"UTC"
"1141638.52555-121.96753","11416","38.52555-121.96753","Winters YS",-121.96753,38.52555,39.0144,"US",NA,NA,"UTC"
"1142438.66098-121.73263","11424","38.66098-121.73263","East Woodland YS",-121.73263,38.66098,11.2776,"US",NA,NA,"UTC"
"1142638.68049-121.76231","11426","38.68049-121.76231","Woodland YS",-121.76231,38.68049,18.8976,"US",NA,NA,"UTC"
"1146832.28794-115.10283","11468","32.28794-115.10283","AYUNTAMIENTO DE MEXICALI - ESTACION BOMBEROS GPE. VICTORIA",-115.10283,32.28794,13.4112,"US",NA,NA,"UTC"
"1165834.22814-118.84939","11658","34.22814-118.84939","Sunset Hills",-118.84939,34.22814,370.9416,"US",NA,NA,"UTC"
"1167232.57736-115.40223","11672","32.57736-115.40223","AYUNTAMIENTO DE MEXICALI - EST. ROBLEDO*",-115.40223,32.57736,8.5344,"US",NA,NA,"UTC"
"1172637.84631-122.26612","11726","37.84631-122.26612","North Oakland IAQ house",-122.26612,37.84631,37.1856,"US",NA,NA,"UTC"
"1176432.66752-115.40884","11764","32.66752-115.40884","AYUNTAMIENTO DE MEXICALI - ESTACION PIMSA I",-115.40884,32.66752,6.7056,"US",NA,NA,"UTC"
"1178439.23399-121.05573","11784","39.23399-121.05573","Grass Valley Litton 2",-121.05573,39.23399,852.5256,"US",NA,NA,"UTC"
"1184241.79469-123.37367","11842","41.79469-123.37367","CARB_SMOKE_SCAPCD_HAPPY_CAMP_ELEMENTARY",-123.37367,41.79469,345.0336,"US",NA,NA,"UTC"
"1184441.31301-122.3128","11844","41.31301-122.3128","CARB_SMOKE_SCAPCD_MT_SHASTA",-122.3128,41.31301,1085.088,"US",NA,NA,"UTC"
"1184640.30292-120.53262","11846","40.30292-120.53262","CARB_SMOKE_LCAPCD_JANESVILLE",-120.53262,40.30292,1310.64,"US",NA,NA,"UTC"
"1184841.25192-122.13784","11848","41.25192-122.13784","CARB_SMOKE_SCAPCD_McCLOUD_CSD",-122.13784,41.25192,986.3328,"US",NA,NA,"UTC"
"1185635.30082-120.65955","11856","35.30082-120.65955","CARB_SMOKE_SLOAPCD_CALPOLY",-120.65955,35.30082,108.5088,"US",NA,NA,"UTC"
"1186641.96329-121.92443","11866","41.96329-121.92443","CARB_SMOKE_SCAPCD_BVUSD_DORRIS",-121.92443,41.96329,1292.352,"US",NA,NA,"UTC"
"1187641.95589-121.47909","11876","41.95589-121.47909","CARB_SMOKE_SCAPCD_TULELAKE_ELEMENTARY",-121.47909,41.95589,1229.5632,"US",NA,NA,"UTC"
"1187841.5838-121.9133","11878","41.5838-121.9133","CARB_SCAPCD_TENNANT",-121.9133,41.5838,1463.3448,"US",NA,NA,"UTC"
"1188441.64555-122.52496","11884","41.64555-122.52496","CARB_SMOKE_SCAPCD_GRENADA_ELEMENTARY",-122.52496,41.64555,784.5552,"US",NA,NA,"UTC"
"1188641.14111-123.14084","11886","41.14111-123.14084","CARB_SMOKE_SISKIYOU_APCD_CECILVILLE",-123.14084,41.14111,706.5264,"US",NA,NA,"UTC"
"1189241.61042-122.84309","11892","41.61042-122.84309","CARB_Smoke_SCAPCD_Fort Jones",-122.84309,41.61042,835.152,"US",NA,NA,"UTC"
"1190440.70865-122.63577","11904","40.70865-122.63577","CARB_SMOKE_SHASTAAQMD_FRENCHGULCH",-122.63577,40.70865,421.5384,"US",NA,NA,"UTC"
"1191641.30101-123.13801","11916","41.30101-123.13801","CARB_SMOKE_SCAPCD_SRRC_SAWYERSBAR",-123.13801,41.30101,660.1968,"US",NA,NA,"UTC"
"1193638.54529-120.74328","11936","38.54529-120.74328","CARB_River_Pines_Tower",-120.74328,38.54529,618.1344,"US",NA,NA,"UTC"
"1194837.42379-120.10115","11948","37.42379-120.10115","CARB_SMOKE_MCAPCD_SFSC_CV",-120.10115,37.42379,372.4656,"US",NA,NA,"UTC"
"1196235.79159-120.74353","11962","35.79159-120.74353","Camp Robert's Fire Station",-120.74353,35.79159,195.072,"US",NA,NA,"UTC"
"1196437.48838-119.96771","11964","37.48838-119.96771","CARB_SMOKE_MCAPCD_DAOUT",-119.96771,37.48838,620.5728,"US",NA,NA,"UTC"
"1199038.05809-122.15756","11990","38.05809-122.15756","Benicia Shannon",-122.15756,38.05809,63.7032,"US",NA,NA,"UTC"
"1200241.04711-123.67523","12002","41.04711-123.67523","Hoopa HS",-123.67523,41.04711,107.8992,"US",NA,NA,"UTC"
"1208437.43214-118.59396","12084","37.43214-118.59396","CARB_S_GBUAPCD_RoundValley",-118.59396,37.43214,1423.1112,"US",NA,NA,"UTC"
"1210038.25462-119.22863","12100","38.25462-119.22863","CARB_S_GBUAPCD_Bridgeport",-119.22863,38.25462,1974.1896,"US",NA,NA,"UTC"
"1210637.81715-118.47681","12106","37.81715-118.47681","CARB_S_GBUAPCD_BENTON",-118.47681,37.81715,1640.4336,"US",NA,NA,"UTC"
"1211038.56712-119.50817","12110","38.56712-119.50817","CARB_S_GBUAPCD_ColevilleElementary",-119.50817,38.56712,1572.768,"US",NA,NA,"UTC"
"1211232.60977-115.48622","12112","32.60977-115.48622","MV_Aire Baja California-00008 https:\/\/www.facebook.com\/Airebajacalifornia\/",-115.48622,32.60977,1.524,"US",NA,NA,"UTC"
"1212838.39955-120.80896","12128","38.39955-120.80896","CARB_SMOKE_AAD_SUTTER_CREEK1",-120.80896,38.39955,372.7704,"US",NA,NA,"UTC"
"1213234.61725-118.19558","12132","34.61725-118.19558","AV-EAGLES",-118.19558,34.61725,802.5384,"US",NA,NA,"UTC"
"1213634.65164-118.23021","12136","34.65164-118.23021","AV-JETS",-118.23021,34.65164,749.5032,"US",NA,NA,"UTC"
"1214237.7831-119.07319","12142","37.7831-119.07319","CARB_S_GBUAPCD_JuneLake",-119.07319,37.7831,2347.8744,"US",NA,NA,"UTC"
"1221633.77037-118.08684","12216","33.77037-118.08684","SCSB_32",-118.08684,33.77037,2.7432,"US",NA,NA,"UTC"
"1226841.62443-122.40546","12268","41.62443-122.40546","CARB_SMOKE_SCAPCD_BIG_SPRINGS_ELEMENTARY",-122.40546,41.62443,808.3296,"US",NA,NA,"UTC"
"1227234.08287-118.18951","12272","34.08287-118.18951","Huntington",-118.18951,34.08287,134.112,"US",NA,NA,"UTC"
"1228834.40426-118.80991","12288","34.40426-118.80991","VCAPCD PU",-118.80991,34.40426,189.5856,"US",NA,NA,"UTC"
"1230240.37167-120.63871","12302","40.37167-120.63871","CARB_SMOKE_LCAPCD_RICHMOND",-120.63871,40.37167,1292.0472,"US",NA,NA,"UTC"
"1254539.06234-120.13282","12545","39.06234-120.13282","Tahoma",-120.13282,39.06234,1943.1,"US",NA,NA,"UTC"
"1266933.7959-118.34845","12669","33.7959-118.34845","Eleda Drive",-118.34845,33.7959,59.436,"US",NA,NA,"UTC"
"1268135.51839-120.52318","12681","35.51839-120.52318","CARB_SMOKE_SLOAPCD_CRESTON",-120.52318,35.51839,342.2904,"US",NA,NA,"UTC"
"1271935.56515-121.09628","12719","35.56515-121.09628","SLOAPCD_Cambria",-121.09628,35.56515,15.8496,"US",NA,NA,"UTC"
"1273538.39834-120.52625","12735","38.39834-120.52625","CARB_CCAPCD_WPOINT",-120.52625,38.39834,851.6112,"US",NA,NA,"UTC"
"1274334.27632-118.68369","12743","34.27632-118.68369","VCAPCD SV",-118.68369,34.27632,310.2864,"US",NA,NA,"UTC"
"1281137.40637-122.06243","12811","37.40637-122.06243","6Sixty  Mountain View  CA 94043",-122.06243,37.40637,12.4968,"US",NA,NA,"UTC"
"1282536.28073-118.77715","12825","36.28073-118.77715","Blue Ridge",-118.77715,36.28073,1064.9712,"US",NA,NA,"UTC"
"1286534.13615-117.65941","12865","34.13615-117.65941","Upland-North-McCarthy",-117.65941,34.13615,517.5504,"US",NA,NA,"UTC"
"1293140.98936-124.10305","12931","40.98936-124.10305","NC#102_McKinleyville",-124.10305,40.98936,59.436,"US",NA,NA,"UTC"
"1293940.80094-124.15859","12939","40.80094-124.15859","NC#100_Eureka_NCUAQMD",-124.15859,40.80094,19.812,"US",NA,NA,"UTC"
"1294538.80238-119.79385","12945","38.80238-119.79385","Sunrise",-119.79385,38.80238,1658.112,"US",NA,NA,"UTC"
"1297133.07377-117.2061","12971","33.07377-117.2061","Olivenhain  CA",-117.2061,33.07377,151.1808,"US",NA,NA,"UTC"
"1297538.80277-121.23686","12975","38.80277-121.23686","MountainView",-121.23686,38.80277,85.344,"US",NA,NA,"UTC"
"1301538.58488-121.34694","13015","38.58488-121.34694","Kipling Drive  Carmichael",-121.34694,38.58488,17.0688,"US",NA,NA,"UTC"
"1302137.32555-122.05785","13021","37.32555-122.05785","K6TD",-122.05785,37.32555,100.8888,"US",NA,NA,"UTC"
"1303940.75494-122.32341","13039","40.75494-122.32341","Bridge Bay at Shasta Lake",-122.32341,40.75494,330.4032,"US",NA,NA,"UTC"
"1307737.40664-119.8943","13077","37.40664-119.8943","Crone Corner Woodview Lane",-119.8943,37.40664,566.0136,"US",NA,NA,"UTC"
"1314338.00632-122.63065","13143","38.00632-122.63065","120 pine ave",-122.63065,38.00632,184.7088,"US",NA,NA,"UTC"
"1316539.26578-119.94444","13165","39.26578-119.94444","Incline Village Eastern Slope",-119.94444,39.26578,2085.1368,"US",NA,NA,"UTC"
"1317337.76224-121.89888","13173","37.76224-121.89888","Windemere",-121.89888,37.76224,172.8216,"US",NA,NA,"UTC"
"1317534.5494-117.94089","13175","34.5494-117.94089","Littlerock",-117.94089,34.5494,845.5152,"US",NA,NA,"UTC"
"1318339.00803-120.11764","13183","39.00803-120.11764","Rubicon Bay",-120.11764,39.00803,1949.5008,"US",NA,NA,"UTC"
"1318538.91473-120.01757","13185","38.91473-120.01757","Gardner Mtn - Shady",-120.01757,38.91473,1937.3088,"US",NA,NA,"UTC"
"1318739.30133-121.03118","13187","39.30133-121.03118","Ehman",-121.03118,39.30133,761.6952,"US",NA,NA,"UTC"
"1318940.50053-121.84215","13189","40.50053-121.84215","Shingletown  CA",-121.84215,40.50053,1106.424,"US",NA,NA,"UTC"
"1319137.50727-119.98792","13191","37.50727-119.98792","FC-Mariposa",-119.98792,37.50727,694.3344,"US",NA,NA,"UTC"
"1319733.99352-117.84028","13197","33.99352-117.84028","1701 Cliffbranch Drive  Diamond Bar",-117.84028,33.99352,237.4392,"US",NA,NA,"UTC"
"1320137.88379-122.10053","13201","37.88379-122.10053","Shurtz residence",-122.10053,37.88379,126.492,"US",NA,NA,"UTC"
"1320738.65181-120.95341","13207","38.65181-120.95341","Shingle Springs  MCC Yard",-120.95341,38.65181,415.1376,"US",NA,NA,"UTC"
"1326938.16896-121.28892","13269","38.16896-121.28892","Acampo",-121.28892,38.16896,14.6304,"US",NA,NA,"UTC"
"1328737.6254-118.98138","13287","37.6254-118.98138","Mammoth Lakes",-118.98138,37.6254,2434.1328,"US",NA,NA,"UTC"
"1339532.60923-115.45039","13395","32.60923-115.45039","AYUNTAMIENTO DE MEXICALI - COBACH MIGUEL HIDALGO",-115.45039,32.60923,-0.9144,"US",NA,NA,"UTC"
"1339932.57017-115.00042","13399","32.57017-115.00042","AYUNTAMIENTO DE MEXICALI - DELEGACI\u00D3N BENITO JUAREZ",-115.00042,32.57017,25.2984,"US",NA,NA,"UTC"
"1340332.53749-116.92199","13403","32.53749-116.92199","N 19 \/ Estaci\u00F3n de bomberos #4  Otay Industrial \/ AYUNTAMIENTO DE TIJUA",-116.92199,32.53749,136.5504,"US",NA,NA,"UTC"
"1341540.0288-124.06535","13415","40.0288-124.06535","NCUAQMD_118_Shelter Cove",-124.06535,40.0288,120.396,"US",NA,NA,"UTC"
"1345132.61904-115.4786","13451","32.61904-115.4786","AYUNTAMIENTO DE MEXICALI - INFONAVIT CUCAPAH",-115.4786,32.61904,4.2672,"US",NA,NA,"UTC"
"1345732.49432-116.86873","13457","32.49432-116.86873","N\u00B021 | Estacion de Bomberos #11  El Dorado | AYUNTAMIENTO DE TIJUANA",-116.86873,32.49432,202.9968,"US",NA,NA,"UTC"
"1346132.19501-115.00098","13461","32.19501-115.00098","AYUNTAMIENTO DE MEXICALI - DELEGACI\u00D3N CIUDAD COAHUILA",-115.00098,32.19501,12.4968,"US",NA,NA,"UTC"
"1346936.48757-117.87108","13469","36.48757-117.87108","CARB_S_GBUAPCD_Keeler",-117.87108,36.48757,1104.9,"US",NA,NA,"UTC"
"1347335.35662-119.06261","13473","35.35662-119.06261","AMTS Bakersfield",-119.06261,35.35662,119.4816,"US",NA,NA,"UTC"
"1347532.64016-115.47507","13475","32.64016-115.47507","AYUNTAMIENTO DE MEXICALI - PALACIO MUNICIPAL",-115.47507,32.64016,1.524,"US",NA,NA,"UTC"
"1347933.27364-115.98359","13479","33.27364-115.98359","Salton City UFJ #3",-115.98359,33.27364,8.2296,"US",NA,NA,"UTC"
"1349132.58115-115.58356","13491","32.58115-115.58356","AYUNTAMIENTO DE MEXICALI - ESTACI\u00D3N DE BOMBEROS COLONIA PROGRESO",-115.58356,32.58115,6.096,"US",NA,NA,"UTC"
"1349532.63675-115.4929","13495","32.63675-115.4929","AYUNTAMIENTO DE MEXICALI - AVENIDA COSALA",-115.4929,32.63675,3.3528,"US",NA,NA,"UTC"
"1350332.4193-115.19222","13503","32.4193-115.19222","AYUNTAMIENTO DE MEXICALI - ESTACION BOMBEROS NUEVO LEON",-115.19222,32.4193,9.7536,"US",NA,NA,"UTC"
"1351737.85374-122.2266","13517","37.85374-122.2266","Hiller",-122.2266,37.85374,294.132,"US",NA,NA,"UTC"
"1396734.10655-118.32698","13967","34.10655-118.32698","Vedanta Courtyard",-118.32698,34.10655,150.876,"US",NA,NA,"UTC"
"1398738.68429-121.79665","13987","38.68429-121.79665","Greengate school exterior",-121.79665,38.68429,21.6408,"US",NA,NA,"UTC"
"1398940.3969-122.40578","13989","40.3969-122.40578","West Valley High School",-122.40578,40.3969,171.9072,"US",NA,NA,"UTC"
"1399538.69929-122.02129","13995","38.69929-122.02129","Esparto YS",-122.02129,38.69929,57.912,"US",NA,NA,"UTC"
"1399737.83431-122.22653","13997","37.83431-122.22653","Hilltop",-122.22653,37.83431,196.596,"US",NA,NA,"UTC"
"1402938.41608-121.52648","14029","38.41608-121.52648","Clarksburg YS",-121.52648,38.41608,7.0104,"US",NA,NA,"UTC"
"1404538.52267-121.97376","14045","38.52267-121.97376","Wolfskill High YS",-121.97376,38.52267,41.7576,"US",NA,NA,"UTC"
"1404738.69196-122.01637","14047","38.69196-122.01637","Esparto High YS",-122.01637,38.69196,59.7408,"US",NA,NA,"UTC"
"1405938.83054-122.19327","14059","38.83054-122.19327","Guinda YS",-122.19327,38.83054,109.4232,"US",NA,NA,"UTC"
"1406338.57256-121.43887","14063","38.57256-121.43887","Sutter Park (w\/VOC)",-121.43887,38.57256,9.7536,"US",NA,NA,"UTC"
"1407138.29919-120.82975","14071","38.29919-120.82975","Jackson Pardee Res",-120.82975,38.29919,285.5976,"US",NA,NA,"UTC"
"1407337.18675-122.02116","14073","37.18675-122.02116","Briggs Creek Ridge 1600ft alt",-122.02116,37.18675,490.1184,"US",NA,NA,"UTC"
"1408540.80423-122.30325","14085","40.80423-122.30325","Lake Shasta Caverns Gift Store",-122.30325,40.80423,333.1464,"US",NA,NA,"UTC"
"1411339.43239-119.79479","14113","39.43239-119.79479","Diamond J",-119.79479,39.43239,1458.468,"US",NA,NA,"UTC"
"1411740.59561-122.32199","14117","40.59561-122.32199","Redding School of the Arts",-122.32199,40.59561,198.4248,"US",NA,NA,"UTC"
"1412740.54188-122.47262","14127","40.54188-122.47262","Grant School",-122.47262,40.54188,270.0528,"US",NA,NA,"UTC"
"1414137.9554-121.94019","14141","37.9554-121.94019","Reign outdoor",-121.94019,37.9554,128.3208,"US",NA,NA,"UTC"
"1417740.86531-122.3958","14177","40.86531-122.3958","Tsasdi Resort",-122.3958,40.86531,331.6224,"US",NA,NA,"UTC"
"1419337.64744-119.704","14193","37.64744-119.704","NatureBridge NESC",-119.704,37.64744,1872.3864,"US",NA,NA,"UTC"
"1423941.30242-123.53818","14239","41.30242-123.53818","NC#105_Orleans_MKWC",-123.53818,41.30242,121.92,"US",NA,NA,"UTC"
"1424341.08565-122.71191","14243","41.08565-122.71191","NC#104_Coffee Creek",-122.71191,41.08565,764.4384,"US",NA,NA,"UTC"
"1426933.02613-117.04432","14269","33.02613-117.04432","Poway  CA",-117.04432,33.02613,208.788,"US",NA,NA,"UTC"
"1429540.614-123.45241","14295","40.614-123.45241","NC#109_Hyampom",-123.45241,40.614,387.4008,"US",NA,NA,"UTC"
"1433338.03781-120.23829","14333","38.03781-120.23829","Twain Harte  Ca",-120.23829,38.03781,1128.0648,"US",NA,NA,"UTC"
"1433538.43662-122.50873","14335","38.43662-122.50873","Sugarloaf Ridge State Park",-122.50873,38.43662,378.5616,"US",NA,NA,"UTC"
"1433739.7516-121.82237","14337","39.7516-121.82237","LONGFELLOW TERRACE",-121.82237,39.7516,69.7992,"US",NA,NA,"UTC"
"1433937.90879-122.27498","14339","37.90879-122.27498","Out",-122.27498,37.90879,226.4664,"US",NA,NA,"UTC"
"1436137.86435-122.09053","14361","37.86435-122.09053","Burton Valley  CA",-122.09053,37.86435,136.5504,"US",NA,NA,"UTC"
"1436540.57351-122.30454","14365","40.57351-122.30454","California Soccer Park",-122.30454,40.57351,182.2704,"US",NA,NA,"UTC"
"1446134.10734-118.32167","14461","34.10734-118.32167","Beachwood Canyon",-118.32167,34.10734,145.6944,"US",NA,NA,"UTC"
"1447538.52096-121.38007","14475","38.52096-121.38007","Sac5183",-121.38007,38.52096,14.0208,"US",NA,NA,"UTC"
"1447938.7535-122.17298","14479","38.7535-122.17298","Brooks  CA",-122.17298,38.7535,111.5568,"US",NA,NA,"UTC"
"1448933.8105-118.38084","14489","33.8105-118.38084","Hollywood_Riviera",-118.38084,33.8105,69.1896,"US",NA,NA,"UTC"
"1451338.7602-122.15165","14513","38.7602-122.15165","Yocha Dehe Wintun Nation",-122.15165,38.7602,89.6112,"US",NA,NA,"UTC"
"1454539.0187-122.9133","14545","39.0187-122.9133","CARB_SMOKE_LCAQMD_LCAQMDOFFICE_REF",-122.9133,39.0187,409.0416,"US",NA,NA,"UTC"
"1460135.34952-119.03718","14601","35.34952-119.03718","Hwy58 &amp;Hwy99",-119.03718,35.34952,117.348,"US",NA,NA,"UTC"
"1461737.32875-120.46203","14617","37.32875-120.46203","Merced_Science",-120.46203,37.32875,55.4736,"US",NA,NA,"UTC"
"1463337.27556-121.96413","14633","37.27556-121.96413","Hazelwood canary",-121.96413,37.27556,67.3608,"US",NA,NA,"UTC"
"1469337.00943-121.59573","14693","37.00943-121.59573","Gilroy  California  Cedar Court",-121.59573,37.00943,70.104,"US",NA,NA,"UTC"
"1485934.04271-118.47522","14859","34.04271-118.47522","CAZIER-SM-016",-118.47522,34.04271,96.6216,"US",NA,NA,"UTC"
"1488537.87395-122.16776","14885","37.87395-122.16776","Martha Rd.",-122.16776,37.87395,216.408,"US",NA,NA,"UTC"
"1493340.58237-122.30905","14933","40.58237-122.30905","Columbia Elementary School",-122.30905,40.58237,190.8048,"US",NA,NA,"UTC"
"1497334.00077-118.48549","14973","34.00077-118.48549","CAZIER-SM-008",-118.48549,34.00077,6.096,"US",NA,NA,"UTC"
"1500339.03199-119.71242","15003","39.03199-119.71242","Upper Johnson Lane",-119.71242,39.03199,1482.2424,"US",NA,NA,"UTC"
"1503737.87834-122.09637","15037","37.87834-122.09637","HARM",-122.09637,37.87834,112.776,"US",NA,NA,"UTC"
"1505141.97174-121.37176","15051","41.97174-121.37176","H&amp;M Gopher Control",-121.37176,41.97174,1231.6968,"US",NA,NA,"UTC"
"1512341.49213-120.54073","15123","41.49213-120.54073","Modoc High School",-120.54073,41.49213,1332.5856,"US",NA,NA,"UTC"
"1513340.22465-121.13783","15133","40.22465-121.13783","Lake Almanor Peninsula",-121.13783,40.22465,1373.7336,"US",NA,NA,"UTC"
"1513540.61006-122.35844","15135","40.61006-122.35844","Bethel Church of Redding",-122.35844,40.61006,208.4832,"US",NA,NA,"UTC"
"1514935.99934-114.81705","15149","35.99934-114.81705","lake mead view",-114.81705,35.99934,617.5248,"US",NA,NA,"UTC"
"1518936.81641-119.63992","15189","36.81641-119.63992","Bonadelle",-119.63992,36.81641,120.396,"US",NA,NA,"UTC"
"1523537.88468-122.12302","15235","37.88468-122.12302","Boyer Circle",-122.12302,37.88468,156.972,"US",NA,NA,"UTC"
"1524135.71623-118.30741","15241","35.71623-118.30741","Weldon  CA",-118.30741,35.71623,1053.3888,"US",NA,NA,"UTC"
"1524239.01354-121.14006","15242","39.01354-121.14006","Auburn Valley Country Club - Air",-121.14006,39.01354,352.044,"US",NA,NA,"UTC"
"1524537.22836-121.86348","15245","37.22836-121.86348","Sunrise Almaden",-121.86348,37.22836,69.4944,"US",NA,NA,"UTC"
"1525137.9991-122.63538","15251","37.9991-122.63538","Woodacre upper Redwood",-122.63538,37.9991,218.8464,"US",NA,NA,"UTC"
"1547140.62433-122.31776","15471","40.62433-122.31776","Shasta College Athletics",-122.31776,40.62433,185.928,"US",NA,NA,"UTC"
"1554539.36183-119.82915","15545","39.36183-119.82915","Montreux Galena Creek",-119.82915,39.36183,1723.644,"US",NA,NA,"UTC"
"1555338.00066-122.60186","15553","38.00066-122.60186","Canon Village",-122.60186,38.00066,61.2648,"US",NA,NA,"UTC"
"1562737.44208-120.00111","15627","37.44208-120.00111","wl7coo QTH",-120.00111,37.44208,490.1184,"US",NA,NA,"UTC"
"1563339.23454-121.05583","15633","39.23454-121.05583","Grass Valley Litton",-121.05583,39.23454,851.3064,"US",NA,NA,"UTC"
"1564137.37965-121.81301","15641","37.37965-121.81301","East Foothills",-121.81301,37.37965,138.0744,"US",NA,NA,"UTC"
"1564537.80103-122.18855","15645","37.80103-122.18855","Redwood Heights  Oakland",-122.18855,37.80103,137.4648,"US",NA,NA,"UTC"
"1564938.7472-120.5789","15649","38.7472-120.5789","EDCAQMD Sierra Ridge",-120.5789,38.7472,1192.0728,"US",NA,NA,"UTC"
"1565138.58104-120.57752","15651","38.58104-120.57752","EDCAQMD Omo Ranch",-120.57752,38.58104,1098.804,"US",NA,NA,"UTC"
"1566938.0889-122.51801","15669","38.0889-122.51801","263 Montego Key",-122.51801,38.0889,3.3528,"US",NA,NA,"UTC"
"1567139.69629-121.55867","15671","39.69629-121.55867","Yankee Hill AQM",-121.55867,39.69629,359.9688,"US",NA,NA,"UTC"
"1569338.72694-120.82691","15693","38.72694-120.82691","EDCAQMD Office Outdoor",-120.82691,38.72694,578.5104,"US",NA,NA,"UTC"
"1569738.55985-120.98215","15697","38.55985-120.98215","EDCAQMD Latrobe",-120.98215,38.55985,237.1344,"US",NA,NA,"UTC"
"1569938.80289-120.01493","15699","38.80289-120.01493","EDCAQMD Christmas Valley",-120.01493,38.80289,1976.9328,"US",NA,NA,"UTC"
"1570338.93681-121.08784","15703","38.93681-121.08784","North Auburn",-121.08784,38.93681,457.8096,"US",NA,NA,"UTC"
"1570738.87271-120.03346","15707","38.87271-120.03346","EDCAQMD Washoe Meadows",-120.03346,38.87271,1964.436,"US",NA,NA,"UTC"
"1571538.6056-120.71307","15715","38.6056-120.71307","EDCAQMD Mt. Aukum",-120.71307,38.6056,614.172,"US",NA,NA,"UTC"
"1571738.91981-120.86378","15717","38.91981-120.86378","EDCAQMD Georgetown Airport",-120.86378,38.91981,797.052,"US",NA,NA,"UTC"
"1572338.61914-120.72095","15723","38.61914-120.72095","EDCAQMD OUTINGDALE RD.",-120.72095,38.61914,524.256,"US",NA,NA,"UTC"
"1572538.67713-120.83917","15725","38.67713-120.83917","EDCAQMD Koki Ln.",-120.83917,38.67713,522.732,"US",NA,NA,"UTC"
"1576937.87698-122.24854","15769","37.87698-122.24854","Weather Tower",-122.24854,37.87698,273.1008,"US",NA,NA,"UTC"
"1579538.00248-122.56478","15795","38.00248-122.56478","D&amp;DsMonkeyHouse",-122.56478,38.00248,96.012,"US",NA,NA,"UTC"
"1580337.32883-120.53489","15803","37.32883-120.53489","Joe Stefani Elementary School",-120.53489,37.32883,49.6824,"US",NA,NA,"UTC"
"1580737.47806-122.23708","15807","37.47806-122.23708","Hudson Street",-122.23708,37.47806,7.62,"US",NA,NA,"UTC"
"1585537.99589-122.58356","15855","37.99589-122.58356","OSD",-122.58356,37.99589,183.7944,"US",NA,NA,"UTC"
"1588539.01069-121.42955","15885","39.01069-121.42955","Wheatland Elementary",-121.42955,39.01069,25.908,"US",NA,NA,"UTC"
"1589538.71378-120.59142","15895","38.71378-120.59142","EDCAQMD Sly Park",-120.59142,38.71378,1096.3656,"US",NA,NA,"UTC"
"1590134.14978-118.38303","15901","34.14978-118.38303","Colfax Meadows",-118.38303,34.14978,185.6232,"US",NA,NA,"UTC"
"1590735.03876-120.55183","15907","35.03876-120.55183","Bea Court",-120.55183,35.03876,73.7616,"US",NA,NA,"UTC"
"1591140.55191-122.16919","15911","40.55191-122.16919","Millville Elementary School",-122.16919,40.55191,159.4104,"US",NA,NA,"UTC"
"1592940.62889-122.39887","15929","40.62889-122.39887","Redding STEM Academy",-122.39887,40.62889,224.028,"US",NA,NA,"UTC"
"1595741.29955-122.29319","15957","41.29955-122.29319","Mt. Shasta Uplands",-122.29319,41.29955,1159.1544,"US",NA,NA,"UTC"
"1596540.60843-122.42242","15965","40.60843-122.42242","River Ridge",-122.42242,40.60843,205.4352,"US",NA,NA,"UTC"
"1597533.82088-117.13215","15975","33.82088-117.13215","Nuview Union School District  - District Office",-117.13215,33.82088,444.7032,"US",NA,NA,"UTC"
"1605940.55263-122.23718","16059","40.55263-122.23718","Junction Elementary School",-122.23718,40.55263,136.8552,"US",NA,NA,"UTC"
"1606537.32125-119.56401","16065","37.32125-119.56401","Summit adventure",-119.56401,37.32125,1033.5768,"US",NA,NA,"UTC"
"1607140.47434-122.45379","16071","40.47434-122.45379","Happy Valley Primary School",-122.45379,40.47434,253.2888,"US",NA,NA,"UTC"
"1607337.44796-122.14682","16073","37.44796-122.14682","Lincoln and Channing",-122.14682,37.44796,9.144,"US",NA,NA,"UTC"
"1607540.44688-122.40883","16075","40.44688-122.40883","Happy Valley Elementary School",-122.40883,40.44688,233.172,"US",NA,NA,"UTC"
"1613136.22784-119.34329","16131","36.22784-119.34329","Tulare outside",-119.34329,36.22784,86.868,"US",NA,NA,"UTC"
"1613737.44147-122.1553","16137","37.44147-122.1553","Professorville - Ramona and Addison",-122.1553,37.44147,13.716,"US",NA,NA,"UTC"
"1614937.4453-122.14617","16149","37.4453-122.14617","Melville and Fulton",-122.14617,37.4453,8.5344,"US",NA,NA,"UTC"
"1617737.81256-122.21226","16177","37.81256-122.21226","Arden Pl",-122.21226,37.81256,108.5088,"US",NA,NA,"UTC"
"1640540.68226-122.36575","16405","40.68226-122.36575","City of Shasta Lake",-122.36575,40.68226,243.2304,"US",NA,NA,"UTC"
"1645534.22436-118.21172","16455","34.22436-118.21172","Pilsner Urquell on Tap here",-118.21172,34.22436,582.7776,"US",NA,NA,"UTC"
"1650738.49769-122.93829","16507","38.49769-122.93829","NoSoCoAir_SummerHomePark_CARB",-122.93829,38.49769,60.3504,"US",NA,NA,"UTC"
"1651938.49857-123.01508","16519","38.49857-123.01508","Old cazadero road comparison",-123.01508,38.49857,29.8704,"US",NA,NA,"UTC"
"1655938.35127-121.99448","16559","38.35127-121.99448","Vacaville YS",-121.99448,38.35127,53.9496,"US",NA,NA,"UTC"
"1656138.67934-121.97124","16561","38.67934-121.97124","Madison High YS",-121.97124,38.67934,46.6344,"US",NA,NA,"UTC"
"1656338.73144-121.80827","16563","38.73144-121.80827","Cache Creek High School YS",-121.80827,38.73144,23.7744,"US",NA,NA,"UTC"
"1656538.73921-122.14301","16565","38.73921-122.14301","Brooks YS",-122.14301,38.73921,129.2352,"US",NA,NA,"UTC"
"1657138.45805-121.81981","16571","38.45805-121.81981","Dixon YS",-121.81981,38.45805,18.8976,"US",NA,NA,"UTC"
"1661739.43546-121.53991","16617","39.43546-121.53991","CARB_SMOKE_BCAQMD_PALERMO",-121.53991,39.43546,57.6072,"US",NA,NA,"UTC"
"1662539.76046-121.62237","16625","39.76046-121.62237","CARB_SMOKE_BCAQMD_PARADISE_REC_CENTER",-121.62237,39.76046,537.6672,"US",NA,NA,"UTC"
"1664934.86053-116.88999","16649","34.86053-116.88999","MDAQMD-SVUSD-AEC",-116.88999,34.86053,624.5352,"US",NA,NA,"UTC"
"1665934.39858-117.36201","16659","34.39858-117.36201","MDAQMD-HUSD-MESQUITE_ES",-117.36201,34.39858,1082.3448,"US",NA,NA,"UTC"
"1673534.60582-120.07507","16735","34.60582-120.07507","CARB_Smoke_SBCAPCD_Santa Ynez",-120.07507,34.60582,198.4248,"US",NA,NA,"UTC"
"1674735.00359-117.69343","16747","35.00359-117.69343","EKAPCD -WBES-sn-8",-117.69343,35.00359,735.4824,"US",NA,NA,"UTC"
"1675138.89728-121.07643","16751","38.89728-121.07643","CARB_PCAPCD_SMOKE_AUBURN",-121.07643,38.89728,373.9896,"US",NA,NA,"UTC"
"1675339.01004-120.8434","16753","39.01004-120.8434","Foresthill Divide",-120.8434,39.01004,926.8968,"US",NA,NA,"UTC"
"1677935.00449-117.65377","16779","35.00449-117.65377","EKAPCD-sn-9-BJSHS",-117.65377,35.00449,747.6744,"US",NA,NA,"UTC"
"1680735.7569-118.41682","16807","35.7569-118.41682","EKAPCD-sn-7-Kernville Elementary",-118.41682,35.7569,836.3712,"US",NA,NA,"UTC"
"1690337.73706-122.3922","16903","37.73706-122.3922","Newcomb at Phelps",-122.3922,37.73706,13.1064,"US",NA,NA,"UTC"
"1692737.74605-122.41415","16927","37.74605-122.41415","Manchester Street- Bernal",-122.41415,37.74605,36.576,"US",NA,NA,"UTC"
"1694737.74033-122.41516","16947","37.74033-122.41516","Anderson at Eugenia Streets",-122.41516,37.74033,82.6008,"US",NA,NA,"UTC"
"1703135.38852-118.94917","17031","35.38852-118.94917","Kent",-118.94917,35.38852,193.2432,"US",NA,NA,"UTC"
"1707938.41351-122.55213","17079","38.41351-122.55213","Kenwood village",-122.55213,38.41351,127.1016,"US",NA,NA,"UTC"
"1710137.3738-122.08826","17101","37.3738-122.08826","Mountain View Sladky",-122.08826,37.3738,43.5864,"US",NA,NA,"UTC"
"1727333.79451-116.29131","17273","33.79451-116.29131","TimTownOut",-116.29131,33.79451,41.148,"US",NA,NA,"UTC"
"1730941.32628-122.3446","17309","41.32628-122.3446","N. Old Stage &amp; Rainbow",-122.3446,41.32628,1082.04,"US",NA,NA,"UTC"
"1731340.38606-122.29115","17313","40.38606-122.29115","Cottonwood Union School District - DO",-122.29115,40.38606,136.8552,"US",NA,NA,"UTC"
"1739537.53147-120.84096","17395","37.53147-120.84096","Earl ES-CSUS",-120.84096,37.53147,35.3568,"US",NA,NA,"UTC"
"1745537.50909-120.84753","17455","37.50909-120.84753","Crowell ES-CSUS",-120.84753,37.50909,33.8328,"US",NA,NA,"UTC"
"1749737.4993-120.82716","17497","37.4993-120.82716","Julien ES-CSUS",-120.82716,37.4993,35.9664,"US",NA,NA,"UTC"
"1750337.47745-120.85161","17503","37.47745-120.85161","Cunningham ES-CSUS",-120.85161,37.47745,31.3944,"US",NA,NA,"UTC"
"1751337.52647-120.85829","17513","37.52647-120.85829","CSUSTAN-CDC",-120.85829,37.52647,33.8328,"US",NA,NA,"UTC"
"1756736.60582-119.44981","17567","36.60582-119.44981","Ponderosa.Frankwood",-119.44981,36.60582,107.8992,"US",NA,NA,"UTC"
"1756936.64346-119.48486","17569","36.64346-119.48486","Lincoln &amp; Lac Jac",-119.48486,36.64346,113.0808,"US",NA,NA,"UTC"
"1770539.10213-121.33471","17705","39.10213-121.33471","Beale AFB (Housing)",-121.33471,39.10213,93.2688,"US",NA,NA,"UTC"
"1777937.3849-118.4204","17779","37.3849-118.4204","CARB_S_GBUAPCD_Meadowcreek",-118.4204,37.3849,1276.5024,"US",NA,NA,"UTC"
"1779334.10424-118.3317","17793","34.10424-118.3317","Hollywood (KD8DRX-PAII-1)",-118.3317,34.10424,126.492,"US",NA,NA,"UTC"
"1780137.73959-122.38693","17801","37.73959-122.38693","Hudson at Mendell",-122.38693,37.73959,8.5344,"US",NA,NA,"UTC"
"1780938.45606-122.72131","17809","38.45606-122.72131","SRJC STEM SR SITE",-122.72131,38.45606,48.1584,"US",NA,NA,"UTC"
"1781137.87925-122.07067","17811","37.87925-122.07067","Honey Locust",-122.07067,37.87925,89.3064,"US",NA,NA,"UTC"
"1781737.84519-122.21056","17817","37.84519-122.21056","Valley View",-122.21056,37.84519,254.2032,"US",NA,NA,"UTC"
"1782138.25677-122.61117","17821","38.25677-122.61117","CKhome",-122.61117,38.25677,23.7744,"US",NA,NA,"UTC"
"1782937.8051-121.88258","17829","37.8051-121.88258","Blackhawk Falls 5",-121.88258,37.8051,249.6312,"US",NA,NA,"UTC"
"1783539.12897-123.16544","17835","39.12897-123.16544","Mendocino County Office of Education",-123.16544,39.12897,194.7672,"US",NA,NA,"UTC"
"1783739.26741-123.21932","17837","39.26741-123.21932","Eagle Peak Middle School",-123.21932,39.26741,246.5832,"US",NA,NA,"UTC"
"1783937.85292-122.02251","17839","37.85292-122.02251","Austin Lane",-122.02251,37.85292,92.6592,"US",NA,NA,"UTC"
"1784138.51439-122.48634","17841","38.51439-122.48634","CIA Greystone",-122.48634,38.51439,132.2832,"US",NA,NA,"UTC"
"1785734.08064-118.63482","17857","34.08064-118.63482","Topanga Saddle Peak",-118.63482,34.08064,755.2944,"US",NA,NA,"UTC"
"1786737.55599-122.33226","17867","37.55599-122.33226","Baywood",-122.33226,37.55599,32.6136,"US",NA,NA,"UTC"
"1787339.68599-123.48296","17873","39.68599-123.48296","Laytonville Unified School District",-123.48296,39.68599,503.8344,"US",NA,NA,"UTC"
"1787937.52752-122.28136","17879","37.52752-122.28136","Sterling Downs",-122.28136,37.52752,3.9624,"US",NA,NA,"UTC"
"1789537.53806-122.01384","17895","37.53806-122.01384","Glenmoor",-122.01384,37.53806,10.3632,"US",NA,NA,"UTC"
"1790939.39874-123.35823","17909","39.39874-123.35823","Willits Unified School District",-123.35823,39.39874,430.6824,"US",NA,NA,"UTC"
"1792737.81764-122.27246","17927","37.81764-122.27246","West Oakland",-122.27246,37.81764,10.0584,"US",NA,NA,"UTC"
"1793138.22525-122.61497","17931","38.22525-122.61497","Quarry Heights",-122.61497,38.22525,35.052,"US",NA,NA,"UTC"
"1793937.76231-122.45475","17939","37.76231-122.45475","Edgewood",-122.45475,37.76231,158.8008,"US",NA,NA,"UTC"
"1795437.36482-122.07861","17954","37.36482-122.07861","Sirius-Outdoor",-122.07861,37.36482,52.4256,"US",NA,NA,"UTC"
"1797538.50483-122.75608","17975","38.50483-122.75608","Deerwood",-122.75608,38.50483,49.6824,"US",NA,NA,"UTC"
"1826337.30794-121.89096","18263","37.30794-121.89096","Willow Glen - Minnesota \/ Bird",-121.89096,37.30794,35.3568,"US",NA,NA,"UTC"
"1828737.87797-122.27921","18287","37.87797-122.27921","Jaynes Street Outdoor",-122.27921,37.87797,38.4048,"US",NA,NA,"UTC"
"1829937.25106-122.0113","18299","37.25106-122.0113","Fruitvalle",-122.0113,37.25106,167.0304,"US",NA,NA,"UTC"
"1832934.20015-118.19724","18329","34.20015-118.19724","Central La Canada Flintridge",-118.19724,34.20015,371.5512,"US",NA,NA,"UTC"
"1835939.34095-120.18151","18359","39.34095-120.18151","Truckee",-120.18151,39.34095,1819.3512,"US",NA,NA,"UTC"
"1839537.28167-121.98334","18395","37.28167-121.98334","Baird House",-121.98334,37.28167,72.8472,"US",NA,NA,"UTC"
"1840137.58432-122.35955","18401","37.58432-122.35955","Burlingame Terrace",-122.35955,37.58432,3.6576,"US",NA,NA,"UTC"
"1840537.21571-121.83767","18405","37.21571-121.83767","Almaden Greystone",-121.83767,37.21571,86.5632,"US",NA,NA,"UTC"
"1843137.13831-121.58963","18431","37.13831-121.58963","Jackson Oaks",-121.58963,37.13831,344.7288,"US",NA,NA,"UTC"
"1843537.96231-122.00711","18435","37.96231-122.00711","Babel",-122.00711,37.96231,44.8056,"US",NA,NA,"UTC"
"1843937.93299-122.5332","18439","37.93299-122.5332","Larkspur",-122.5332,37.93299,9.144,"US",NA,NA,"UTC"
"1844337.23568-122.34573","18443","37.23568-122.34573","Pescadero  Ranch Road  Outside",-122.34573,37.23568,220.6752,"US",NA,NA,"UTC"
"1844738.22234-122.64352","18447","38.22234-122.64352","doleboz",-122.64352,38.22234,27.432,"US",NA,NA,"UTC"
"1844938.62528-122.8613","18449","38.62528-122.8613","Healdsburg",-122.8613,38.62528,56.0832,"US",NA,NA,"UTC"
"1845137.26982-121.98189","18451","37.26982-121.98189","Regina",-121.98189,37.26982,76.5048,"US",NA,NA,"UTC"
"1845337.90381-122.09429","18453","37.90381-122.09429","La Maison du Chat",-122.09429,37.90381,97.2312,"US",NA,NA,"UTC"
"1847137.38584-122.09025","18471","37.38584-122.09025","Air Patrol",-122.09025,37.38584,33.528,"US",NA,NA,"UTC"
"1847337.65421-121.78133","18473","37.65421-121.78133","Stonebridge Rd",-121.78133,37.65421,148.4376,"US",NA,NA,"UTC"
"1849337.70781-121.97493","18493","37.70781-121.97493","Ridgeline Place",-121.97493,37.70781,314.2488,"US",NA,NA,"UTC"
"1850537.35545-122.02135","18505","37.35545-122.02135","Sunnyarts",-122.02135,37.35545,41.4528,"US",NA,NA,"UTC"
"1851138.28786-122.46615","18511","38.28786-122.46615","Sonoma  SVH-Outside",-122.46615,38.28786,22.5552,"US",NA,NA,"UTC"
"1851738.66119-121.16262","18517","38.66119-121.16262","Ridgeview",-121.16262,38.66119,85.0392,"US",NA,NA,"UTC"
"1852737.84989-122.01644","18527","37.84989-122.01644","Alamo",-122.01644,37.84989,120.0912,"US",NA,NA,"UTC"
"1853137.33028-122.06036","18531","37.33028-122.06036","Cupertino",-122.06036,37.33028,83.2104,"US",NA,NA,"UTC"
"1853937.75274-122.13086","18539","37.75274-122.13086","Knowland Park \/ Elvessa",-122.13086,37.75274,202.0824,"US",NA,NA,"UTC"
"1855138.3781-122.88113","18551","38.3781-122.88113","Tilton Road",-122.88113,38.3781,126.7968,"US",NA,NA,"UTC"
"1855337.522-122.03948","18553","37.522-122.03948","Newark  CA",-122.03948,37.522,5.1816,"US",NA,NA,"UTC"
"1855538.93516-119.91031","18555","38.93516-119.91031","9150 Feet  South Lake Tahoe",-119.91031,38.93516,2786.4816,"US",NA,NA,"UTC"
"1856136.59141-121.83396","18561","36.59141-121.83396","Del Rey Oaks",-121.83396,36.59141,47.5488,"US",NA,NA,"UTC"
"1856937.496-120.8374","18569","37.496-120.8374","Hollister House",-120.8374,37.496,32.9184,"US",NA,NA,"UTC"
"1862536.81895-119.71606","18625","36.81895-119.71606","908 Villa 1",-119.71606,36.81895,108.8136,"US",NA,NA,"UTC"
"1864536.81904-119.71599","18645","36.81904-119.71599","908 Villa 2",-119.71599,36.81904,110.0328,"US",NA,NA,"UTC"
"1864736.8191-119.71599","18647","36.8191-119.71599","908 Villa 3",-119.71599,36.8191,109.728,"US",NA,NA,"UTC"
"1867338.01989-122.54754","18673","38.01989-122.54754","MS Salvador Way",-122.54754,38.01989,70.4088,"US",NA,NA,"UTC"
"1867738.45648-122.6875","18677","38.45648-122.6875","Santa_Rosa_Proctor_Heights",-122.6875,38.45648,127.1016,"US",NA,NA,"UTC"
"1868538.67837-121.03035","18685","38.67837-121.03035","CARB Smoke EDCAQMD Serrano",-121.03035,38.67837,367.5888,"US",NA,NA,"UTC"
"1868938.6915-121.10378","18689","38.6915-121.10378","CARB Smoke EDCAQMD Promontory",-121.10378,38.6915,136.2456,"US",NA,NA,"UTC"
"1869138.70906-120.83009","18691","38.70906-120.83009","CARB Smoke EDCAQMD Forni Rd.",-120.83009,38.70906,536.7528,"US",NA,NA,"UTC"
"1869338.71743-120.8016","18693","38.71743-120.8016","CARB Smoke EDCAQMD Big Cut",-120.8016,38.71743,625.4496,"US",NA,NA,"UTC"
"1870538.60734-120.95312","18705","38.60734-120.95312","CARB Smoke EDCAQMD Coyote Pass",-120.95312,38.60734,350.2152,"US",NA,NA,"UTC"
"1870938.61863-120.86373","18709","38.61863-120.86373","CARB Smoke EDCAQMD Logtown",-120.86373,38.61863,477.3168,"US",NA,NA,"UTC"
"1871938.80078-120.69541","18719","38.80078-120.69541","CARB_SMOKE_EDCAQMD_MOSQUITO",-120.69541,38.80078,966.5208,"US",NA,NA,"UTC"
"1872338.57493-120.72612","18723","38.57493-120.72612","CARB SMOKE EDCAQMD Mt. Aukum",-120.72612,38.57493,780.288,"US",NA,NA,"UTC"
"1873537.89172-122.28361","18735","37.89172-122.28361","Thousand Oaks",-122.28361,37.89172,46.0248,"US",NA,NA,"UTC"
"1873737.3125-122.07081","18737","37.3125-122.07081","IH",-122.07081,37.3125,142.3416,"US",NA,NA,"UTC"
"1875537.90689-122.07958","18755","37.90689-122.07958","Acalanes Ridge",-122.07958,37.90689,135.3312,"US",NA,NA,"UTC"
"1875932.50924-115.40205","18759","32.50924-115.40205","AYUNTAMIENTO DE MEXICALI - SECUNDARIA 77",-115.40205,32.50924,9.144,"US",NA,NA,"UTC"
"1878138.37138-122.65258","18781","38.37138-122.65258","Crane Canyon",-122.65258,38.37138,155.1432,"US",NA,NA,"UTC"
"1878737.81276-122.00024","18787","37.81276-122.00024","Sheri Lane",-122.00024,37.81276,131.9784,"US",NA,NA,"UTC"
"1879337.57688-122.06559","18793","37.57688-122.06559","Ojai Loop",-122.06559,37.57688,4.2672,"US",NA,NA,"UTC"
"1879532.63139-115.43188","18795","32.63139-115.43188","AYUNTAMIENTO E MEXICALI - INDEPENDENCIA *",-115.43188,32.63139,5.7912,"US",NA,NA,"UTC"
"1882133.29915-115.98821","18821","33.29915-115.98821","Salton City #2 UFJ",-115.98821,33.29915,-5.1816,"US",NA,NA,"UTC"
"1883734.04723-118.51949","18837","34.04723-118.51949","Iliff St",-118.51949,34.04723,107.8992,"US",NA,NA,"UTC"
"1884933.88074-118.38882","18849","33.88074-118.38882","East Manhattan Beach",-118.38882,33.88074,53.6448,"US",NA,NA,"UTC"
"1886137.75191-122.41531","18861","37.75191-122.41531","Moonbase Unicorn",-122.41531,37.75191,20.7264,"US",NA,NA,"UTC"
"1887737.14337-122.01382","18877","37.14337-122.01382","Los Gatos  CA",-122.01382,37.14337,503.8344,"US",NA,NA,"UTC"
"1888138.48815-121.53639","18881","38.48815-121.53639","PSPS_4",-121.53639,38.48815,2.1336,"US",NA,NA,"UTC"
"1888337.29709-121.97856","18883","37.29709-121.97856","Hathaway Park",-121.97856,37.29709,63.7032,"US",NA,NA,"UTC"
"1888538.49377-122.74054","18885","38.49377-122.74054","Cardinal Newman High School (outside)",-122.74054,38.49377,52.7304,"US",NA,NA,"UTC"
"1890337.73711-122.46551","18903","37.73711-122.46551","St Francis Wood",-122.46551,37.73711,111.5568,"US",NA,NA,"UTC"
"1891338.78722-121.38834","18913","38.78722-121.38834","Primrose",-121.38834,38.78722,28.6512,"US",NA,NA,"UTC"
"1891738.36916-122.96631","18917","38.36916-122.96631","Burl Lane",-122.96631,38.36916,170.688,"US",NA,NA,"UTC"
"1897338.84276-121.21992","18973","38.84276-121.21992","RETSEOK",-121.21992,38.84276,179.2224,"US",NA,NA,"UTC"
"1897538.5254-122.7795","18975","38.5254-122.7795","Shiloh@Old_Red",-122.7795,38.5254,41.4528,"US",NA,NA,"UTC"
"1898538.31984-122.70097","18985","38.31984-122.70097","Cotati - ORH",-122.70097,38.31984,38.4048,"US",NA,NA,"UTC"
"1898737.5625-122.0281","18987","37.5625-122.0281","Fremont: Cabrillo",-122.0281,37.5625,11.5824,"US",NA,NA,"UTC"
"1899137.91399-122.30215","18991","37.91399-122.30215","ECPC",-122.30215,37.91399,33.8328,"US",NA,NA,"UTC"
"1899537.36549-122.20921","18995","37.36549-122.20921","PVRanch - Coalmine",-122.20921,37.36549,235.9152,"US",NA,NA,"UTC"
"1900138.41871-122.68823","19001","38.41871-122.68823","Sonoma Academy",-122.68823,38.41871,92.3544,"US",NA,NA,"UTC"
"1900740.85992-115.74253","19007","40.85992-115.74253","National Weather Service Elko",-115.74253,40.85992,1592.2752,"US",NA,NA,"UTC"
"1901738.58739-121.49034","19017","38.58739-121.49034","The Creamery",-121.49034,38.58739,7.62,"US",NA,NA,"UTC"
"1902537.70998-122.0668","19025","37.70998-122.0668","Castro Valley - Haley Dr.",-122.0668,37.70998,113.3856,"US",NA,NA,"UTC"
"1904838.77826-121.14009","19048","38.77826-121.14009","Los Lagos",-121.14009,38.77826,162.4584,"US",NA,NA,"UTC"
"1905138.98723-121.04176","19051","38.98723-121.04176","Winchester",-121.04176,38.98723,582.4728,"US",NA,NA,"UTC"
"1905437.41596-122.15807","19054","37.41596-122.15807","Stanford  CA",-122.15807,37.41596,30.7848,"US",NA,NA,"UTC"
"1906337.22767-121.96063","19063","37.22767-121.96063","Kennedy north",-121.96063,37.22767,116.4336,"US",NA,NA,"UTC"
"1913737.94634-122.32627","19137","37.94634-122.32627","Bouquet",-122.32627,37.94634,35.3568,"US",NA,NA,"UTC"
"1915137.56081-122.25183","19151","37.56081-122.25183","Shad Park",-122.25183,37.56081,1.8288,"US",NA,NA,"UTC"
"1915337.77331-122.43026","19153","37.77331-122.43026","Alamosquare",-122.43026,37.77331,59.436,"US",NA,NA,"UTC"
"1916737.33257-122.01745","19167","37.33257-122.01745","AirKnows",-122.01745,37.33257,56.0832,"US",NA,NA,"UTC"
"1917137.43985-122.2551","19171","37.43985-122.2551","Woodside Glens",-122.2551,37.43985,146.9136,"US",NA,NA,"UTC"
"1917337.72165-122.39986","19173","37.72165-122.39986","Bayview_Wedge",-122.39986,37.72165,35.9664,"US",NA,NA,"UTC"
"1918537.44907-122.12741","19185","37.44907-122.12741","Wildwood and Ivy(O)",-122.12741,37.44907,3.9624,"US",NA,NA,"UTC"
"1921136.96733-121.88514","19211","36.96733-121.88514","SempleAve",-121.88514,36.96733,57.912,"US",NA,NA,"UTC"
"1923337.86092-122.25236","19233","37.86092-122.25236","St. John's Childcare Berkeley",-122.25236,37.86092,84.7344,"US",NA,NA,"UTC"
"1923939.98402-123.97575","19239","39.98402-123.97575","Whale Gulch School",-123.97575,39.98402,427.3296,"US",NA,NA,"UTC"
"1924938.71772-123.36733","19249","38.71772-123.36733","Horicon Elementary School",-123.36733,38.71772,222.1992,"US",NA,NA,"UTC"
"1925139.86487-123.7168","19251","39.86487-123.7168","Leggett",-123.7168,39.86487,286.8168,"US",NA,NA,"UTC"
"1926537.28867-122.2255","19265","37.28867-122.2255","Tar Water Ridge  Alpine Road",-122.2255,37.28867,393.4968,"US",NA,NA,"UTC"
"1926939.77143-121.82482","19269","39.77143-121.82482","Sycamore Creek Neighborhood",-121.82482,39.77143,68.8848,"US",NA,NA,"UTC"
"1927337.82116-122.20937","19273","37.82116-122.20937","Sims Drive",-122.20937,37.82116,192.6336,"US",NA,NA,"UTC"
"1927537.82365-122.23086","19275","37.82365-122.23086","Piedmont  CA",-122.23086,37.82365,91.7448,"US",NA,NA,"UTC"
"1928138.33677-122.42865","19281","38.33677-122.42865","Gehricke Rd",-122.42865,38.33677,326.7456,"US",NA,NA,"UTC"
"1928338.64534-121.07704","19283","38.64534-121.07704","EDH EV",-121.07704,38.64534,181.6608,"US",NA,NA,"UTC"
"1928933.99432-118.46365","19289","33.99432-118.46365","Casa Blanca",-118.46365,33.99432,4.2672,"US",NA,NA,"UTC"
"1929337.44948-122.16416","19293","37.44948-122.16416","Waverley and Hawthorne",-122.16416,37.44948,17.9832,"US",NA,NA,"UTC"
"1929937.76693-122.23806","19299","37.76693-122.23806","Alameda Everett",-122.23806,37.76693,7.0104,"US",NA,NA,"UTC"
"1930337.38909-122.23942","19303","37.38909-122.23942","Portola Rd at Hayfields Rd",-122.23942,37.38909,128.9304,"US",NA,NA,"UTC"
"1931138.59599-122.90741","19311","38.59599-122.90741","Starlight Grove",-122.90741,38.59599,85.344,"US",NA,NA,"UTC"
"1931337.34067-121.9739","19313","37.34067-121.9739","Santa Clara City Library",-121.9739,37.34067,30.48,"US",NA,NA,"UTC"
"1931737.3974-122.07755","19317","37.3974-122.07755","Jackson Park",-122.07755,37.3974,19.2024,"US",NA,NA,"UTC"
"1933338.29164-120.27657","19333","38.29164-120.27657","Dorrington",-120.27657,38.29164,1445.9712,"US",NA,NA,"UTC"
"1933537.78561-122.4829","19335","37.78561-122.4829","23rd &amp; Lake",-122.4829,37.78561,39.0144,"US",NA,NA,"UTC"
"1933938.57245-121.75005","19339","38.57245-121.75005","Northstar Park",-121.75005,38.57245,12.8016,"US",NA,NA,"UTC"
"1934937.63565-121.89352","19349","37.63565-121.89352","H1 Castlewood",-121.89352,37.63565,144.78,"US",NA,NA,"UTC"
"1936137.90816-122.29094","19361","37.90816-122.29094","Havenside Number Two",-122.29094,37.90816,70.4088,"US",NA,NA,"UTC"
"1936937.43165-122.19491","19369","37.43165-122.19491","Oak Knoll",-122.19491,37.43165,35.052,"US",NA,NA,"UTC"
"1937337.47319-121.91591","19373","37.47319-121.91591","Pixel &amp; Mochi's house",-121.91591,37.47319,23.4696,"US",NA,NA,"UTC"
"1937938.50046-122.03456","19379","38.50046-122.03456","Positastan",-122.03456,38.50046,94.488,"US",NA,NA,"UTC"
"1938537.88013-120.40217","19385","37.88013-120.40217","Lazy H Ranch  Stent area of Jamestown  CA",-120.40217,37.88013,393.4968,"US",NA,NA,"UTC"
"1938937.36267-122.05984","19389","37.36267-122.05984","Svale",-122.05984,37.36267,55.4736,"US",NA,NA,"UTC"
"1939137.46095-122.17907","19391","37.46095-122.17907","Menlo Atherton",-122.17907,37.46095,17.3736,"US",NA,NA,"UTC"
"1941341.79374-124.17786","19413","41.79374-124.17786","Crescent City",-124.17786,41.79374,12.8016,"US",NA,NA,"UTC"
"1942537.22823-122.05479","19425","37.22823-122.05479","Sanborn Park",-122.05479,37.22823,462.9912,"US",NA,NA,"UTC"
"1943138.31324-122.47819","19431","38.31324-122.47819","Boyes Hot Springs",-122.47819,38.31324,47.8536,"US",NA,NA,"UTC"
"1943337.76731-122.43557","19433","37.76731-122.43557","Duboce Triangle",-122.43557,37.76731,71.9328,"US",NA,NA,"UTC"
"1943538.47854-122.65292","19435","38.47854-122.65292","Helm's Deep",-122.65292,38.47854,113.3856,"US",NA,NA,"UTC"
"1944737.86041-122.23691","19447","37.86041-122.23691","Gravatt - Outdoor",-122.23691,37.86041,261.8232,"US",NA,NA,"UTC"
"1945139.22325-120.98359","19451","39.22325-120.98359","Lee Lane",-120.98359,39.22325,978.408,"US",NA,NA,"UTC"
"1945536.20581-115.32996","19455","36.20581-115.32996","Sun City Summerlin",-115.32996,36.20581,922.6296,"US",NA,NA,"UTC"
"1945736.9859-121.95652","19457","36.9859-121.95652","Soquel Elementary",-121.95652,36.9859,12.4968,"US",NA,NA,"UTC"
"1946336.97847-122.02638","19463","36.97847-122.02638","downtown on River Street",-122.02638,36.97847,6.096,"US",NA,NA,"UTC"
"1947137.7755-122.26367","19471","37.7755-122.26367","Sherman Station",-122.26367,37.7755,6.4008,"US",NA,NA,"UTC"
"1947937.6826-122.04551","19479","37.6826-122.04551","Fairview",-122.04551,37.6826,150.5712,"US",NA,NA,"UTC"
"1948137.45276-122.19569","19481","37.45276-122.19569","Emilie Avenue",-122.19569,37.45276,22.5552,"US",NA,NA,"UTC"
"1948733.98597-116.53965","19487","33.98597-116.53965","Mountain_View_Estates@Mission_Lakes",-116.53965,33.98597,412.3944,"US",NA,NA,"UTC"
"1949137.47109-121.10921","19491","37.47109-121.10921","Patterson (Orange Ave)",-121.10921,37.47109,27.1272,"US",NA,NA,"UTC"
"1949339.22986-123.73652","19493","39.22986-123.73652","Albion Ridge G",-123.73652,39.22986,158.496,"US",NA,NA,"UTC"
"1949538.45242-122.81605","19495","38.45242-122.81605","Olivet Road",-122.81605,38.45242,27.7368,"US",NA,NA,"UTC"
"1949737.19602-121.84057","19497","37.19602-121.84057","Scarsdale Place",-121.84057,37.19602,121.92,"US",NA,NA,"UTC"
"1950737.2029-121.85098","19507","37.2029-121.85098","Glen Crest - Almaden",-121.85098,37.2029,102.7176,"US",NA,NA,"UTC"
"1950937.7707-122.1643","19509","37.7707-122.1643","Eastmont Hills",-122.1643,37.7707,130.7592,"US",NA,NA,"UTC"
"1951537.95937-122.53909","19515","37.95937-122.53909","Poplar Kentfield",-122.53909,37.95937,34.1376,"US",NA,NA,"UTC"
"1952534.22092-119.01086","19525","34.22092-119.01086","Adolfo Glenn",-119.01086,34.22092,49.3776,"US",NA,NA,"UTC"
"1953337.59145-122.46303","19533","37.59145-122.46303","Park Pacifica",-122.46303,37.59145,113.3856,"US",NA,NA,"UTC"
"1953537.90011-122.53498","19535","37.90011-122.53498","Tamalpais Park",-122.53498,37.90011,11.5824,"US",NA,NA,"UTC"
"1954738.16472-120.41254","19547","38.16472-120.41254","Meadowview",-120.41254,38.16472,1019.2512,"US",NA,NA,"UTC"
"1957137.86895-122.04391","19571","37.86895-122.04391","North Alamo",-122.04391,37.86895,66.1416,"US",NA,NA,"UTC"
"1957337.35568-122.09781","19573","37.35568-122.09781","660LosAltos",-122.09781,37.35568,80.1624,"US",NA,NA,"UTC"
"1957737.31852-122.06606","19577","37.31852-122.06606","Palo Vista",-122.06606,37.31852,119.1768,"US",NA,NA,"UTC"
"1958137.89922-122.05177","19581","37.89922-122.05177","WC Walker and Homestead",-122.05177,37.89922,41.4528,"US",NA,NA,"UTC"
"1958537.00723-121.55959","19585","37.00723-121.55959","City of Gilroy",-121.55959,37.00723,59.1312,"US",NA,NA,"UTC"
"1959337.68471-122.47665","19593","37.68471-122.47665","Daly City  CA USA - St. Francis Heights",-122.47665,37.68471,97.2312,"US",NA,NA,"UTC"
"1960333.12284-117.19734","19603","33.12284-117.19734","Lake San Marcos",-117.19734,33.12284,174.9552,"US",NA,NA,"UTC"
"1961337.65457-122.02869","19613","37.65457-122.02869","Hayward Hills  sagehouse",-122.02869,37.65457,302.6664,"US",NA,NA,"UTC"
"1961938.80866-121.25177","19619","38.80866-121.25177","Rocklin Sunset Heights",-121.25177,38.80866,112.776,"US",NA,NA,"UTC"
"1962737.25814-121.99571","19627","37.25814-121.99571","MistryLand",-121.99571,37.25814,127.1016,"US",NA,NA,"UTC"
"1963337.40195-122.11873","19633","37.40195-122.11873","Los Altos Ave.",-122.11873,37.40195,22.86,"US",NA,NA,"UTC"
"1963537.95209-121.91911","19635","37.95209-121.91911","Windmill Canyon - Oakhurst - Clayton",-121.91911,37.95209,232.8672,"US",NA,NA,"UTC"
"1963937.34815-122.0285","19639","37.34815-122.0285","south central Sunnyvale",-122.0285,37.34815,52.1208,"US",NA,NA,"UTC"
"1964938.54691-122.7946","19649","38.54691-122.7946","DozerNode",-122.7946,38.54691,43.8912,"US",NA,NA,"UTC"
"1965534.19694-118.81825","19655","34.19694-118.81825","North Ranch Park",-118.81825,34.19694,376.7328,"US",NA,NA,"UTC"
"1965737.77401-122.41548","19657","37.77401-122.41548","Western SoMa (Outside)",-122.41548,37.77401,11.8872,"US",NA,NA,"UTC"
"1966139.35382-121.68085","19661","39.35382-121.68085","Bartlett Resort",-121.68085,39.35382,29.5656,"US",NA,NA,"UTC"
"1966338.09694-122.85445","19663","38.09694-122.85445","Inverness Volunteer Fire Department",-122.85445,38.09694,8.8392,"US",NA,NA,"UTC"
"1966437.79424-122.23632","19664","37.79424-122.23632","Side yard",-122.23632,37.79424,38.7096,"US",NA,NA,"UTC"
"1966937.0506-122.15799","19669","37.0506-122.15799","Country Estates",-122.15799,37.0506,421.5384,"US",NA,NA,"UTC"
"1967737.8638-122.13438","19677","37.8638-122.13438","Rheem Valley",-122.13438,37.8638,208.788,"US",NA,NA,"UTC"
"1968337.54209-122.00043","19683","37.54209-122.00043","Glenmoor Gardens",-122.00043,37.54209,13.4112,"US",NA,NA,"UTC"
"1969137.1974-121.99481","19691","37.1974-121.99481","Lower Montevina \/ Lyndon Canyon \/ Elev 710'",-121.99481,37.1974,204.8256,"US",NA,NA,"UTC"
"1969337.8693-122.24809","19693","37.8693-122.24809","59 Arden",-122.24809,37.8693,187.1472,"US",NA,NA,"UTC"
"1969739.27055-121.65424","19697","39.27055-121.65424","LO House",-121.65424,39.27055,24.384,"US",NA,NA,"UTC"
"1970939.12864-123.71566","19709","39.12864-123.71566","South Downtown Elk",-123.71566,39.12864,48.768,"US",NA,NA,"UTC"
"1971937.08536-122.04737","19719","37.08536-122.04737","Zayante Creek Market and Deli",-122.04737,37.08536,121.6152,"US",NA,NA,"UTC"
"1972737.78855-122.48873","19727","37.78855-122.48873","Sea Cliff Avenue",-122.48873,37.78855,28.6512,"US",NA,NA,"UTC"
"1974338.43144-122.86809","19743","38.43144-122.86809","Graton Outdoors",-122.86809,38.43144,39.624,"US",NA,NA,"UTC"
"1976737.03155-121.52225","19767","37.03155-121.52225","Gilroy- East Side",-121.52225,37.03155,74.9808,"US",NA,NA,"UTC"
"1997937.97032-121.76145","19979","37.97032-121.76145","Copper Hill Ct",-121.76145,37.97032,46.6344,"US",NA,NA,"UTC"
"1998337.58147-122.03945","19983","37.58147-122.03945","Home Outside",-122.03945,37.58147,8.2296,"US",NA,NA,"UTC"
"1999337.33029-122.0262","19993","37.33029-122.0262","Merritt Dr",-122.0262,37.33029,64.3128,"US",NA,NA,"UTC"
"2000337.50883-122.2831","20003","37.50883-122.2831","San Carlos - Wellington Dr",-122.2831,37.50883,82.9056,"US",NA,NA,"UTC"
"2007937.91662-122.59392","20079","37.91662-122.59392","West Point Inn",-122.59392,37.91662,550.164,"US",NA,NA,"UTC"
"2008338.55388-121.75652","20083","38.55388-121.75652","Central Davis",-121.75652,38.55388,14.9352,"US",NA,NA,"UTC"
"2010338.54803-121.748","20103","38.54803-121.748","A Street",-121.748,38.54803,15.5448,"US",NA,NA,"UTC"
"2010937.59145-120.29133","20109","37.59145-120.29133","Lake McClure",-120.29133,37.59145,316.992,"US",NA,NA,"UTC"
"2011537.41182-122.13171","20115","37.41182-122.13171","Los Robles",-122.13171,37.41182,16.4592,"US",NA,NA,"UTC"
"2012337.23765-121.98174","20123","37.23765-121.98174","LG Dave's",-121.98174,37.23765,127.7112,"US",NA,NA,"UTC"
"2013339.0288-123.67885","20133","39.0288-123.67885","Alta Mesa",-123.67885,39.0288,241.4016,"US",NA,NA,"UTC"
"2013937.95654-120.23628","20139","37.95654-120.23628","CARB_SMOKE_TCAPCD_TUOLUMNE",-120.23628,37.95654,801.624,"US",NA,NA,"UTC"
"2014137.41243-122.14178","20141","37.41243-122.14178","Palo Alto - Barron Park",-122.14178,37.41243,17.3736,"US",NA,NA,"UTC"
"2014738.97378-119.90866","20147","38.97378-119.90866","Kingsbury Highlands",-119.90866,38.97378,2107.0824,"US",NA,NA,"UTC"
"2015537.36501-122.08704","20155","37.36501-122.08704","Stanley Outside",-122.08704,37.36501,54.864,"US",NA,NA,"UTC"
"2015737.27248-121.81587","20157","37.27248-121.81587","Weird Hill",-121.81587,37.27248,87.1728,"US",NA,NA,"UTC"
"2015937.52658-122.29013","20159","37.52658-122.29013","932 Anita Ave Outside",-122.29013,37.52658,32.9184,"US",NA,NA,"UTC"
"2016336.99082-122.00607","20163","36.99082-122.00607","Lance Ct",-122.00607,36.99082,39.624,"US",NA,NA,"UTC"
"2016739.23313-120.07179","20167","39.23313-120.07179","Carnelian Bay  California",-120.07179,39.23313,1933.956,"US",NA,NA,"UTC"
"2017137.31044-121.99782","20171","37.31044-121.99782","outside",-121.99782,37.31044,60.96,"US",NA,NA,"UTC"
"2017937.7333-122.4293","20179","37.7333-122.4293","Castle Bosworth",-122.4293,37.7333,50.9016,"US",NA,NA,"UTC"
"2018338.46342-122.72337","20183","38.46342-122.72337","Major Air",-122.72337,38.46342,45.72,"US",NA,NA,"UTC"
"2018738.05503-122.15768","20187","38.05503-122.15768","El Pats",-122.15768,38.05503,24.384,"US",NA,NA,"UTC"
"2018937.39579-122.07174","20189","37.39579-122.07174","Central&amp;Orchard",-122.07174,37.39579,21.336,"US",NA,NA,"UTC"
"2019337.46418-122.23888","20193","37.46418-122.23888","Truman Street",-122.23888,37.46418,17.3736,"US",NA,NA,"UTC"
"2019938.38755-122.83888","20199","38.38755-122.83888","Germone Road",-122.83888,38.38755,84.7344,"US",NA,NA,"UTC"
"2020937.57804-122.38727","20209","37.57804-122.38727","BurlingameHills",-122.38727,37.57804,109.1184,"US",NA,NA,"UTC"
"2021737.35812-121.99206","20217","37.35812-121.99206","RATs house",-121.99206,37.35812,24.0792,"US",NA,NA,"UTC"
"2025539.36359-121.24538","20255","39.36359-121.24538","CARB SMOKE FRAQMD YESCharter",-121.24538,39.36359,485.8512,"US",NA,NA,"UTC"
"2038337.10173-121.90174","20383","37.10173-121.90174","Firhaven Ln",-121.90174,37.10173,589.1784,"US",NA,NA,"UTC"
"2046937.26549-121.98085","20469","37.26549-121.98085","Campbell 85",-121.98085,37.26549,78.3336,"US",NA,NA,"UTC"
"2047337.47137-122.16119","20473","37.47137-122.16119","Willows Triangle",-122.16119,37.47137,7.3152,"US",NA,NA,"UTC"
"2050537.88089-122.5426","20505","37.88089-122.5426","Tam Valley",-122.5426,37.88089,20.7264,"US",NA,NA,"UTC"
"2051337.34675-122.00068","20513","37.34675-122.00068","Cotswald Ct. (outdoors)",-122.00068,37.34675,35.052,"US",NA,NA,"UTC"
"2051537.92285-122.52801","20515","37.92285-122.52801","Chapman Park",-122.52801,37.92285,16.4592,"US",NA,NA,"UTC"
"2052737.24206-122.04796","20527","37.24206-122.04796","Bohlman",-122.04796,37.24206,513.588,"US",NA,NA,"UTC"
"2054337.57126-122.31995","20543","37.57126-122.31995","20 S Grant",-122.31995,37.57126,5.1816,"US",NA,NA,"UTC"
"2056339.73284-121.8732","20563","39.73284-121.8732","Almendia",-121.8732,39.73284,52.1208,"US",NA,NA,"UTC"
"2056537.53624-121.9931","20565","37.53624-121.9931","topchem",-121.9931,37.53624,13.4112,"US",NA,NA,"UTC"
"2057337.24651-122.12646","20573","37.24651-122.12646","Madrone Place AQI",-122.12646,37.24651,684.5808,"US",NA,NA,"UTC"
"2058937.85631-122.0381","20589","37.85631-122.0381","Ridgewood Road",-122.0381,37.85631,74.676,"US",NA,NA,"UTC"
"2059337.87867-122.52477","20593","37.87867-122.52477","Cardinal Rd  Tam Valley",-122.52477,37.87867,2.1336,"US",NA,NA,"UTC"
"2060137.40694-122.09431","20601","37.40694-122.09431","Mountain View\u2013Monta Loma (Snorlax nest)",-122.09431,37.40694,11.2776,"US",NA,NA,"UTC"
"2060937.28334-122.05363","20609","37.28334-122.05363","Saratoga Country Club",-122.05363,37.28334,197.8152,"US",NA,NA,"UTC"
"2062139.12087-123.49599","20621","39.12087-123.49599","Nash Mill Rd",-123.49599,39.12087,158.8008,"US",NA,NA,"UTC"
"2062737.35122-122.0401","20627","37.35122-122.0401","Bend Dr",-122.0401,37.35122,54.5592,"US",NA,NA,"UTC"
"2065937.13301-121.95076","20659","37.13301-121.95076","End of Timmus Ln.",-121.95076,37.13301,443.1792,"US",NA,NA,"UTC"
"2070034.15729-118.38509","20700","34.15729-118.38509","Gallery Lane",-118.38509,34.15729,188.976,"US",NA,NA,"UTC"
"2070434.10556-118.21524","20704","34.10556-118.21524","Mt. Washington School",-118.21524,34.10556,276.1488,"US",NA,NA,"UTC"
"2070737.38192-122.10676","20707","37.38192-122.10676","olfie",-122.10676,37.38192,48.768,"US",NA,NA,"UTC"
"2070937.7514-122.43694","20709","37.7514-122.43694","24th and Diamond",-122.43694,37.7514,77.4192,"US",NA,NA,"UTC"
"2072137.74603-122.41578","20721","37.74603-122.41578","Bernal Breathe",-122.41578,37.74603,55.7784,"US",NA,NA,"UTC"
"2072538.4648-123.01236","20725","38.4648-123.01236","Rio Vista Ter Monte Rio",-123.01236,38.4648,35.052,"US",NA,NA,"UTC"
"2072738.31879-122.70587","20727","38.31879-122.70587","8833 Lund Hill Lane  Cotati CA 94931",-122.70587,38.31879,53.0352,"US",NA,NA,"UTC"
"2073333.04219-117.2556","20733","33.04219-117.2556","Horizon",-117.2556,33.04219,86.5632,"US",NA,NA,"UTC"
"2074737.83898-122.20549","20747","37.83898-122.20549","1000ft Montclair",-122.20549,37.83898,301.4472,"US",NA,NA,"UTC"
"2075737.31086-121.7654","20757","37.31086-121.7654","Charmes 2 Outside",-121.7654,37.31086,121.6152,"US",NA,NA,"UTC"
"2080137.49381-122.25286","20801","37.49381-122.25286","San Carlos  CA",-122.25286,37.49381,11.8872,"US",NA,NA,"UTC"
"2080539.25807-119.93707","20805","39.25807-119.93707","Alpine View",-119.93707,39.25807,2043.0744,"US",NA,NA,"UTC"
"2082937.84752-122.00369","20829","37.84752-122.00369","Hagen Oaks Alamo",-122.00369,37.84752,160.9344,"US",NA,NA,"UTC"
"2085737.41176-122.16199","20857","37.41176-122.16199","Valdez Place",-122.16199,37.41176,49.9872,"US",NA,NA,"UTC"
"2087337.40772-121.8607","20873","37.40772-121.8607","Knights Bridge",-121.8607,37.40772,41.4528,"US",NA,NA,"UTC"
"2088938.57104-121.42493","20889","38.57104-121.42493","River Park: Shepard &amp; Sandburg",-121.42493,38.57104,10.9728,"US",NA,NA,"UTC"
"2090138.01379-122.56409","20901","38.01379-122.56409","Count of Montecillo",-122.56409,38.01379,27.1272,"US",NA,NA,"UTC"
"2091938.31061-122.32667","20919","38.31061-122.32667","Pinewood",-122.32667,38.31061,52.4256,"US",NA,NA,"UTC"
"2092537.95223-121.73385","20925","37.95223-121.73385","Brentwood",-121.73385,37.95223,37.1856,"US",NA,NA,"UTC"
"2095137.79927-122.19466","20951","37.79927-122.19466","Scott outside",-122.19466,37.79927,125.2728,"US",NA,NA,"UTC"
"2095539.33004-120.24888","20955","39.33004-120.24888","Olympic Donner Lake",-120.24888,39.33004,1832.4576,"US",NA,NA,"UTC"
"2097138.43988-122.66097","20971","38.43988-122.66097","Summerield",-122.66097,38.43988,72.8472,"US",NA,NA,"UTC"
"2099738.28965-122.4322","20997","38.28965-122.4322","Buena Vista",-122.4322,38.28965,38.4048,"US",NA,NA,"UTC"
"2105537.3817-122.099","21055","37.3817-122.099","nr Almond School (garage)",-122.099,37.3817,43.5864,"US",NA,NA,"UTC"
"2109739.33988-120.2174","21097","39.33988-120.2174","Lucky Tree Cabin",-120.2174,39.33988,1924.2024,"US",NA,NA,"UTC"
"2125137.89057-122.20529","21251","37.89057-122.20529","Orinda Oaks Berkeley",-122.20529,37.89057,167.0304,"US",NA,NA,"UTC"
"2125337.87412-122.53271","21253","37.87412-122.53271","Deertrail Lane",-122.53271,37.87412,103.3272,"US",NA,NA,"UTC"
"2128537.82143-122.18901","21285","37.82143-122.18901","Melville",-122.18901,37.82143,402.0312,"US",NA,NA,"UTC"
"2129334.13421-118.1651","21293","34.13421-118.1651","MM Arroyo Blvd",-118.1651,34.13421,223.1136,"US",NA,NA,"UTC"
"2130334.08406-118.33992","21303","34.08406-118.33992","717 n citrus ave",-118.33992,34.08406,80.4672,"US",NA,NA,"UTC"
"2131337.66869-121.78787","21313","37.66869-121.78787","Los Alamos",-121.78787,37.66869,140.208,"US",NA,NA,"UTC"
"2131534.12278-118.1887","21315","34.12278-118.1887","Springvale",-118.1887,34.12278,229.5144,"US",NA,NA,"UTC"
"2135137.90535-122.49533","21351","37.90535-122.49533","Buckwheat 2",-122.49533,37.90535,73.7616,"US",NA,NA,"UTC"
"2137138.08576-122.56646","21371","38.08576-122.56646","Sbirdee",-122.56646,38.08576,9.4488,"US",NA,NA,"UTC"
"2139134.44165-119.6955","21391","34.44165-119.6955","Franceschi Rd",-119.6955,34.44165,253.8984,"US",NA,NA,"UTC"
"2139938.58299-122.58027","21399","38.58299-122.58027","Calistoga High School",-122.58027,38.58299,110.3376,"US",NA,NA,"UTC"
"2142337.29801-122.09865","21423","37.29801-122.09865","Swiss Creek",-122.09865,37.29801,407.8224,"US",NA,NA,"UTC"
"2142737.62259-122.42097","21427","37.62259-122.42097","Grundy Park",-122.42097,37.62259,26.2128,"US",NA,NA,"UTC"
"2143137.44051-122.13573","21431","37.44051-122.13573","Palo Alto Leland Manor",-122.13573,37.44051,6.096,"US",NA,NA,"UTC"
"2143634.50206-117.25166","21436","34.50206-117.25166","Apl Vly Riverbend Sahale Ct",-117.25166,34.50206,862.584,"US",NA,NA,"UTC"
"2143937.41659-122.12779","21439","37.41659-122.12779","Keys Middle School",-122.12779,37.41659,11.8872,"US",NA,NA,"UTC"
"2144937.26836-122.02985","21449","37.26836-122.02985","Saratoga  CA",-122.02985,37.26836,133.8072,"US",NA,NA,"UTC"
"2146537.71463-122.12985","21465","37.71463-122.12985","Okie Hill @580 Outside",-122.12985,37.71463,51.2064,"US",NA,NA,"UTC"
"2147738.11238-122.5131","21477","38.11238-122.5131","Crest Road Deck",-122.5131,38.11238,58.2168,"US",NA,NA,"UTC"
"2157937.40682-121.89747","21579","37.40682-121.89747","Hazelnut",-121.89747,37.40682,11.5824,"US",NA,NA,"UTC"
"2158532.60139-115.37785","21585","32.60139-115.37785","CARB - Ayuntamiento de Mexicali - Villa Verde",-115.37785,32.60139,10.0584,"US",NA,NA,"UTC"
"2159332.51655-117.05975","21593","32.51655-117.05975","10 | Subdelegaci\u00F3n Francisco Villa | AYUNTAMIENTO DE TIJUANA",-117.05975,32.51655,196.9008,"US",NA,NA,"UTC"
"2162937.85259-122.25652","21629","37.85259-122.25652","Regent Stbetween Woolsey\/Alcartaz",-122.25652,37.85259,60.3504,"US",NA,NA,"UTC"
"2164537.87902-122.25789","21645","37.87902-122.25789","Hilgard &amp; Le Roy",-122.25789,37.87902,144.78,"US",NA,NA,"UTC"
"2167932.44719-116.9093","21679","32.44719-116.9093","N\u00B025 | Estacion de Bomberos #9  La Presa | AYUNTAMIENTO DE TIJUANA",-116.9093,32.44719,124.968,"US",NA,NA,"UTC"
"2170132.52701-116.99378","21701","32.52701-116.99378","17 | Proteccion Civil Tijuana | AYUNTAMIENTO DE TIJUANA",-116.99378,32.52701,145.0848,"US",NA,NA,"UTC"
"2170738.31652-122.44967","21707","38.31652-122.44967","Norrbom Rd",-122.44967,38.31652,222.8088,"US",NA,NA,"UTC"
"2171338.3736-122.6397","21713","38.3736-122.6397","SouthEast Taylor Mountain",-122.6397,38.3736,246.5832,"US",NA,NA,"UTC"
"2173337.35788-122.07361","21733","37.35788-122.07361","Miravalle Ave",-122.07361,37.35788,57.912,"US",NA,NA,"UTC"
"2175732.47232-116.8517","21757","32.47232-116.8517","N\u00B022 | Sub Delegacion Florido-Mariano | AYUNTAMIENTO DE TIJUANA",-116.8517,32.47232,188.0616,"US",NA,NA,"UTC"
"2178337.90066-122.26313","21783","37.90066-122.26313","Woodmont",-122.26313,37.90066,291.9984,"US",NA,NA,"UTC"
"2178937.43215-122.1098","21789","37.43215-122.1098","Kenneth Drive South",-122.1098,37.43215,2.1336,"US",NA,NA,"UTC"
"2185137.5599-122.35636","21851","37.5599-122.35636","Outside Library",-122.35636,37.5599,99.3648,"US",NA,NA,"UTC"
"2187932.52132-117.11267","21879","32.52132-117.11267","N\u00B06 | Estacion de Bomberos #10  Playas de Tijuana | AYUNTAMIENTO DE TIJUA",-117.11267,32.52132,38.4048,"US",NA,NA,"UTC"
"2188736.96738-122.043","21887","36.96738-122.043","Fish",-122.043,36.96738,28.6512,"US",NA,NA,"UTC"
"2199739.40113-123.32632","21997","39.40113-123.32632","End of County Road",-123.32632,39.40113,422.4528,"US",NA,NA,"UTC"
"2203338.53836-121.42701","22033","38.53836-121.42701","CBJ4lyfe",-121.42701,38.53836,11.8872,"US",NA,NA,"UTC"
"2203537.3372-122.09089","22035","37.3372-122.09089","Rancho San Antonio",-122.09089,37.3372,104.8512,"US",NA,NA,"UTC"
"2203737.41548-122.16677","22037","37.41548-122.16677","Mirada Stanford CA USA",-122.16677,37.41548,57.912,"US",NA,NA,"UTC"
"2205137.73233-122.44327","22051","37.73233-122.44327","Joost-by-the-Congo",-122.44327,37.73233,104.8512,"US",NA,NA,"UTC"
"2205337.34269-122.06866","22053","37.34269-122.06866","MH Outside",-122.06866,37.34269,73.4568,"US",NA,NA,"UTC"
"2205737.45085-122.15576","22057","37.45085-122.15576","JAL",-122.15576,37.45085,13.716,"US",NA,NA,"UTC"
"2205939.7089-121.84555","22059","39.7089-121.84555","Marian-Stanley",-121.84555,39.7089,55.1688,"US",NA,NA,"UTC"
"2206337.86455-122.17311","22063","37.86455-122.17311","Moraga Way near McDonnell Nursery",-122.17311,37.86455,165.2016,"US",NA,NA,"UTC"
"2206737.81612-122.23267","22067","37.81612-122.23267","Lakeshore and Park Lane- Outside",-122.23267,37.81612,35.9664,"US",NA,NA,"UTC"
"2207138.32797-122.70473","22071","38.32797-122.70473","Arthur st",-122.70473,38.32797,34.4424,"US",NA,NA,"UTC"
"2207937.88482-122.26878","22079","37.88482-122.26878","Live Oak Park",-122.26878,37.88482,88.392,"US",NA,NA,"UTC"
"2208639.22128-120.87727","22086","39.22128-120.87727","Chalk Bluff",-120.87727,39.22128,1065.5808,"US",NA,NA,"UTC"
"2209937.91038-122.50587","22099","37.91038-122.50587","Home",-122.50587,37.91038,26.8224,"US",NA,NA,"UTC"
"2228737.73547-122.41814","22287","37.73547-122.41814","Bernal air",-122.41814,37.73547,61.2648,"US",NA,NA,"UTC"
"2235137.88866-122.2497","22351","37.88866-122.2497","Ajax",-122.2497,37.88866,381.9144,"US",NA,NA,"UTC"
"2235338.71605-120.64357","22353","38.71605-120.64357","Rancho del Sol",-120.64357,38.71605,968.0448,"US",NA,NA,"UTC"
"2236940.3582-122.21882","22369","40.3582-122.21882","Rio Alto Water District",-122.21882,40.3582,181.6608,"US",NA,NA,"UTC"
"2237138.98678-120.98477","22371","38.98678-120.98477","Boole Rd.",-120.98477,38.98678,536.7528,"US",NA,NA,"UTC"
"2239332.57301-117.03513","22393","32.57301-117.03513","NBC7 (Chula Vista)",-117.03513,32.57301,104.8512,"US",NA,NA,"UTC"
"2239938.64414-122.9223","22399","38.64414-122.9223","West Dry Creek Valley",-122.9223,38.64414,72.8472,"US",NA,NA,"UTC"
"2240737.60038-122.39196","22407","37.60038-122.39196","Downtown Millbrae",-122.39196,37.60038,8.2296,"US",NA,NA,"UTC"
"2242337.81384-122.22369","22423","37.81384-122.22369","Clarendon 2",-122.22369,37.81384,99.6696,"US",NA,NA,"UTC"
"2242736.25456-121.81609","22427","36.25456-121.81609","BigSurMiddleRoad",-121.81609,36.25456,193.2432,"US",NA,NA,"UTC"
"2244538.49889-122.90847","22445","38.49889-122.90847","Dell Rio Hills",-122.90847,38.49889,36.576,"US",NA,NA,"UTC"
"2245138.07962-122.15521","22451","38.07962-122.15521","Benicia  Skillman Park",-122.15521,38.07962,93.2688,"US",NA,NA,"UTC"
"2246337.87416-122.25645","22463","37.87416-122.25645","UCB Stanley Hall out 451A",-122.25645,37.87416,109.728,"US",NA,NA,"UTC"
"2247137.49095-121.91113","22471","37.49095-121.91113","Zapotec",-121.91113,37.49095,109.728,"US",NA,NA,"UTC"
"2247338.48559-121.35073","22473","38.48559-121.35073","Gerber Creek",-121.35073,38.48559,16.1544,"US",NA,NA,"UTC"
"2247735.12155-120.57294","22477","35.12155-120.57294","SeeOda-ArroyoGrande",-120.57294,35.12155,38.7096,"US",NA,NA,"UTC"
"2248137.18671-121.54711","22481","37.18671-121.54711","Coe Ranch",-121.54711,37.18671,804.3672,"US",NA,NA,"UTC"
"2249337.88436-122.27846","22493","37.88436-122.27846","Northbrae Outside",-122.27846,37.88436,52.1208,"US",NA,NA,"UTC"
"2250938.01317-122.68609","22509","38.01317-122.68609","Forest Dr",-122.68609,38.01317,88.6968,"US",NA,NA,"UTC"
"2266737.33603-121.73574","22667","37.33603-121.73574","Halls Valley",-121.73574,37.33603,693.1152,"US",NA,NA,"UTC"
"2267534.02697-118.38708","22675","34.02697-118.38708","Turning Point School",-118.38708,34.02697,31.3944,"US",NA,NA,"UTC"
"2269334.03857-118.14883","22693","34.03857-118.14883","SCAP_94",-118.14883,34.03857,83.2104,"US",NA,NA,"UTC"
"2270934.09298-118.13092","22709","34.09298-118.13092","SCAP_97",-118.13092,34.09298,147.828,"US",NA,NA,"UTC"
"2272134.10202-118.12592","22721","34.10202-118.12592","SCAP_73",-118.12592,34.10202,153.924,"US",NA,NA,"UTC"
"2272734.04496-118.15918","22727","34.04496-118.15918","SCAP_83",-118.15918,34.04496,103.9368,"US",NA,NA,"UTC"
"2273534.07062-118.14937","22735","34.07062-118.14937","SCAP_78",-118.14937,34.07062,131.9784,"US",NA,NA,"UTC"
"2275136.80738-119.79611","22751","36.80738-119.79611","#ValleyClimate",-119.79611,36.80738,100.2792,"US",NA,NA,"UTC"
"2276139.3125-120.38276","22761","39.3125-120.38276","Cascade SL",-120.38276,39.3125,2123.5416,"US",NA,NA,"UTC"
"2287337.72714-122.44277","22873","37.72714-122.44277","By Balboa Park Pool",-122.44277,37.72714,56.9976,"US",NA,NA,"UTC"
"2291138.42653-122.58108","22911","38.42653-122.58108","2 Plantowers",-122.58108,38.42653,142.6464,"US",NA,NA,"UTC"
"2295938.56734-121.45883","22959","38.56734-121.45883","East Sac AQ Watch",-121.45883,38.56734,9.7536,"US",NA,NA,"UTC"
"2296337.46546-122.1647","22963","37.46546-122.1647","Menlo Oaks",-122.1647,37.46546,12.192,"US",NA,NA,"UTC"
"2296538.57581-121.43721","22965","38.57581-121.43721","51st Street",-121.43721,38.57581,9.7536,"US",NA,NA,"UTC"
"2306538.46285-122.70924","23065","38.46285-122.70924","Hyland Dr",-122.70924,38.46285,79.5528,"US",NA,NA,"UTC"
"2308337.72723-122.44035","23083","37.72723-122.44035","NeuJohnstein2",-122.44035,37.72723,49.3776,"US",NA,NA,"UTC"
"2308537.88036-122.54823","23085","37.88036-122.54823","Laguna Rd Outside",-122.54823,37.88036,57.6072,"US",NA,NA,"UTC"
"2308934.18797-118.17923","23089","34.18797-118.17923","Hillside School outdoors",-118.17923,34.18797,328.5744,"US",NA,NA,"UTC"
"2309537.02637-121.60415","23095","37.02637-121.60415","Luigi Aprea outside",-121.60415,37.02637,69.7992,"US",NA,NA,"UTC"
"2310134.04672-118.15533","23101","34.04672-118.15533","SCAP-70",-118.15533,34.04672,130.7592,"US",NA,NA,"UTC"
"2310537.76154-122.48824","23105","37.76154-122.48824","29th Avenue and Judah Street",-122.48824,37.76154,65.532,"US",NA,NA,"UTC"
"2318134.24003-118.24872","23181","34.24003-118.24872","Brookhill St  Crescenta Highlands",-118.24872,34.24003,576.3768,"US",NA,NA,"UTC"
"2318534.07264-118.11551","23185","34.07264-118.11551","SCAP_69",-118.11551,34.07264,121.6152,"US",NA,NA,"UTC"
"2318937.7424-121.11471","23189","37.7424-121.11471","near Stouffer Park outside",-121.11471,37.7424,21.9456,"US",NA,NA,"UTC"
"2319137.34871-119.69832","23191","37.34871-119.69832","46576 Eastwood Dr North  Oakhurst  CA",-119.69832,37.34871,782.7264,"US",NA,NA,"UTC"
"2319334.07227-118.11613","23193","34.07227-118.11613","SCAP_72",-118.11613,34.07227,122.2248,"US",NA,NA,"UTC"
"2319537.92843-122.53216","23195","37.92843-122.53216","MPMS Outside",-122.53216,37.92843,19.5072,"US",NA,NA,"UTC"
"2322734.06641-118.10945","23227","34.06641-118.10945","SCAP-63",-118.10945,34.06641,110.6424,"US",NA,NA,"UTC"
"2324134.08069-118.12811","23241","34.08069-118.12811","Scap_91",-118.12811,34.08069,131.064,"US",NA,NA,"UTC"
"2324534.05456-118.08819","23245","34.05456-118.08819","SCAP_61",-118.08819,34.05456,82.296,"US",NA,NA,"UTC"
"2325334.06124-118.11652","23253","34.06124-118.11652","SCAP_58",-118.11652,34.06124,113.6904,"US",NA,NA,"UTC"
"2326534.04387-118.14552","23265","34.04387-118.14552","SCAP_103",-118.14552,34.04387,115.824,"US",NA,NA,"UTC"
"2328333.78991-116.54694","23283","33.78991-116.54694","the mesa",-116.54694,33.78991,187.1472,"US",NA,NA,"UTC"
"2328734.08439-118.12783","23287","34.08439-118.12783","SCAP_100",-118.12783,34.08439,136.5504,"US",NA,NA,"UTC"
"2329134.05866-118.13519","23291","34.05866-118.13519","SCAP_57",-118.13519,34.05866,143.5608,"US",NA,NA,"UTC"
"2329534.06894-118.15808","23295","34.06894-118.15808","SCAP_112",-118.15808,34.06894,132.2832,"US",NA,NA,"UTC"
"2334734.07223-118.10899","23347","34.07223-118.10899","SCAP_109",-118.10899,34.07223,109.728,"US",NA,NA,"UTC"
"2341734.07689-118.11532","23417","34.07689-118.11532","SCAP_99",-118.11532,34.07689,118.872,"US",NA,NA,"UTC"
"2342934.07705-118.15674","23429","34.07705-118.15674","SCAP_52",-118.15674,34.07705,133.8072,"US",NA,NA,"UTC"
"2359738.09737-122.25919","23597","38.09737-122.25919","VallejoWaterfrontOutside",-122.25919,38.09737,3.048,"US",NA,NA,"UTC"
"2363533.96655-118.3914","23635","33.96655-118.3914","Westchester",-118.3914,33.96655,39.9288,"US",NA,NA,"UTC"
"2379336.79301-120.43946","23793","36.79301-120.43946","San Diego &amp; Ashlan",-120.43946,36.79301,52.7304,"US",NA,NA,"UTC"
"2391537.7374-122.02718","23915","37.7374-122.02718","Norris Canyon  Castro Valley",-122.02718,37.7374,150.876,"US",NA,NA,"UTC"
"2392737.74737-122.41322","23927","37.74737-122.41322","Precita Park",-122.41322,37.74737,20.7264,"US",NA,NA,"UTC"
"2393738.42426-122.58438","23937","38.42426-122.58438","Oakmont 2",-122.58438,38.42426,153.0096,"US",NA,NA,"UTC"
"2396334.0341-118.51798","23963","34.0341-118.51798","Lower SMonica Canyon (outside)",-118.51798,34.0341,18.288,"US",NA,NA,"UTC"
"2396537.85431-122.256","23965","37.85431-122.256","2509 Prince St",-122.256,37.85431,64.3128,"US",NA,NA,"UTC"
"2401137.47201-122.27647","24011","37.47201-122.27647","Ferndale Way",-122.27647,37.47201,84.1248,"US",NA,NA,"UTC"
"2401932.987-117.24905","24019","32.987-117.24905","Avocado - Del Mar",-117.24905,32.987,75.2856,"US",NA,NA,"UTC"
"2403735.41881-118.85146","24037","35.41881-118.85146","Raphael Ave.",-118.85146,35.41881,282.2448,"US",NA,NA,"UTC"
"2422738.30307-122.73172","24227","38.30307-122.73172","Everett road",-122.73172,38.30307,81.0768,"US",NA,NA,"UTC"
"2423734.99449-119.18549","24237","34.99449-119.18549","Wind Wolves Preserve",-119.18549,34.99449,440.1312,"US",NA,NA,"UTC"
"2427933.05047-117.28024","24279","33.05047-117.28024","Kristen Court Encinitas",-117.28024,33.05047,68.2752,"US",NA,NA,"UTC"
"2428937.87073-122.01693","24289","37.87073-122.01693","Turner Ct Outside",-122.01693,37.87073,129.54,"US",NA,NA,"UTC"
"2515534.00413-118.3981","25155","34.00413-118.3981","Lindberg Park",-118.3981,34.00413,13.4112,"US",NA,NA,"UTC"
"2524138.62648-121.78631","25241","38.62648-121.78631","County Rd 26 Yolo",-121.78631,38.62648,20.1168,"US",NA,NA,"UTC"
"2530137.48668-122.28668","25301","37.48668-122.28668","Nisley Home",-122.28668,37.48668,239.5728,"US",NA,NA,"UTC"
"2530340.7105-120.26939","25303","40.7105-120.26939","TM Lodge External",-120.26939,40.7105,1790.0904,"US",NA,NA,"UTC"
"2540738.36083-122.78487","25407","38.36083-122.78487","Gravenstein School",-122.78487,38.36083,40.5384,"US",NA,NA,"UTC"
"2541334.68305-118.08017","25413","34.68305-118.08017","Columbia",-118.08017,34.68305,734.8728,"US",NA,NA,"UTC"
"2545138.38852-123.00691","25451","38.38852-123.00691","Occidental",-123.00691,38.38852,293.2176,"US",NA,NA,"UTC"
"2548738.63253-121.41821","25487","38.63253-121.41821","Hagginwood",-121.41821,38.63253,15.8496,"US",NA,NA,"UTC"
"2548938.01297-122.55044","25489","38.01297-122.55044","Terra Linda",-122.55044,38.01297,11.8872,"US",NA,NA,"UTC"
"2551337.84198-122.10722","25513","37.84198-122.10722","SMC_BROH_GEN",-122.10722,37.84198,188.0616,"US",NA,NA,"UTC"
"2557534.43682-119.8817","25575","34.43682-119.8817","Goleta El Encanto Del Norte 7200 block",-119.8817,34.43682,33.2232,"US",NA,NA,"UTC"
"2573938.19275-119.98777","25739","38.19275-119.98777","Pinecrest Air",-119.98777,38.19275,1715.4144,"US",NA,NA,"UTC"
"2574537.8403-122.26781","25745","37.8403-122.26781","bushrod-ext",-122.26781,37.8403,30.1752,"US",NA,NA,"UTC"
"2575538.90559-121.05723","25755","38.90559-121.05723","Olive Orchard Dr",-121.05723,38.90559,409.3464,"US",NA,NA,"UTC"
"2575938.01975-120.32037","25759","38.01975-120.32037","Foothill Horizons Outdoor School",-120.32037,38.01975,764.4384,"US",NA,NA,"UTC"
"2577537.84202-122.2069","25775","37.84202-122.2069","6375 Thornhill Dr",-122.2069,37.84202,225.8568,"US",NA,NA,"UTC"
"2583733.80212-118.3525","25837","33.80212-118.3525","South Torrance",-118.3525,33.80212,38.4048,"US",NA,NA,"UTC"
"2584938.53181-123.08557","25849","38.53181-123.08557","Cazadero Volunteer Fire Department #1",-123.08557,38.53181,33.8328,"US",NA,NA,"UTC"
"2585133.75364-117.85664","25851","33.75364-117.85664","Orozco Residence",-117.85664,33.75364,42.672,"US",NA,NA,"UTC"
"2600536.66276-121.76265","26005","36.66276-121.76265","Marina  CA",-121.76265,36.66276,58.2168,"US",NA,NA,"UTC"
"2602335.57527-118.46751","26023","35.57527-118.46751","Bodfish California",-118.46751,35.57527,988.7712,"US",NA,NA,"UTC"
"2603333.71374-117.86316","26033","33.71374-117.86316","Capacete Residence",-117.86316,33.71374,17.3736,"US",NA,NA,"UTC"
"2605533.96919-117.59724","26055","33.96919-117.59724","VS-D4B3",-117.59724,33.96919,194.4624,"US",NA,NA,"UTC"
"2605739.54899-119.81291","26057","39.54899-119.81291","Nevada Athletics",-119.81291,39.54899,1398.4224,"US",NA,NA,"UTC"
"2612733.73371-117.42936","26127","33.73371-117.42936","Temescal Valley  CA",-117.42936,33.73371,411.48,"US",NA,NA,"UTC"
"2615734.23361-118.24376","26157","34.23361-118.24376","AQMD_NASA_275",-118.24376,34.23361,539.1912,"US",NA,NA,"UTC"
"2623137.8478-122.2403","26231","37.8478-122.2403","Brookside",-122.2403,37.8478,106.9848,"US",NA,NA,"UTC"
"2624136.81423-119.75921","26241","36.81423-119.75921","Fresno State Bulldog Stadium",-119.75921,36.81423,108.204,"US",NA,NA,"UTC"
"2630134.30163-119.29137","26301","34.30163-119.29137","De Anza Academy of the Arts and Technology",-119.29137,34.30163,28.3464,"US",NA,NA,"UTC"
"2631733.73002-117.79443","26317","33.73002-117.79443","Tustin",-117.79443,33.73002,30.1752,"US",NA,NA,"UTC"
"2632334.28899-119.30631","26323","34.28899-119.30631","Sheridan Way Elementary School",-119.30631,34.28899,10.9728,"US",NA,NA,"UTC"
"2632537.09826-122.086","26325","37.09826-122.086","Love Creek",-122.086,37.09826,119.4816,"US",NA,NA,"UTC"
"2635337.74718-122.1269","26353","37.74718-122.1269","Ettrick\/Bemis",-122.1269,37.74718,215.7984,"US",NA,NA,"UTC"
"2636338.34834-122.78992","26363","38.34834-122.78992","Geek Orchard",-122.78992,38.34834,66.4464,"US",NA,NA,"UTC"
"2637938.22468-122.63116","26379","38.22468-122.63116","78 Feet High in Petaluma",-122.63116,38.22468,31.6992,"US",NA,NA,"UTC"
"2640538.54246-121.33304","26405","38.54246-121.33304","ECOC - ROOF",-121.33304,38.54246,13.716,"US",NA,NA,"UTC"
"2643134.2713-119.24626","26431","34.2713-119.24626","Anacapa Middle School",-119.24626,34.2713,42.672,"US",NA,NA,"UTC"
"2647333.89016-118.40145","26473","33.89016-118.40145","Manhattan Beach Air Monitoring Station",-118.40145,33.89016,42.672,"US",NA,NA,"UTC"
"2647934.14562-118.46077","26479","34.14562-118.46077","Valley Vista Blvd and Stone Canyon Ave  Sherman Oaks",-118.46077,34.14562,231.0384,"US",NA,NA,"UTC"
"2648734.01559-117.74822","26487","34.01559-117.74822","Rolling Ridge - Le Parc",-117.74822,34.01559,268.8336,"US",NA,NA,"UTC"
"2650138.7446-120.71881","26501","38.7446-120.71881","Madro\u00F1a",-120.71881,38.7446,894.588,"US",NA,NA,"UTC"
"2652133.72868-117.85469","26521","33.72868-117.85469","Casa Bautista",-117.85469,33.72868,25.908,"US",NA,NA,"UTC"
"2655333.99406-116.9621","26553","33.99406-116.9621","Apple Tree Lane",-116.9621,33.99406,1020.7752,"US",NA,NA,"UTC"
"2656140.88153-124.0769","26561","40.88153-124.0769","Terrace Avenue - Arcata CA (outdoor)",-124.0769,40.88153,89.3064,"US",NA,NA,"UTC"
"2658937.36244-122.0728","26589","37.36244-122.0728","Newton Drive",-122.0728,37.36244,54.5592,"US",NA,NA,"UTC"
"2659934.27716-119.21536","26599","34.27716-119.21536","Buena High School",-119.21536,34.27716,79.248,"US",NA,NA,"UTC"
"2664538.30734-122.02406","26645","38.30734-122.02406","PVE Ridge",-122.02406,38.30734,54.5592,"US",NA,NA,"UTC"
"2707533.74917-117.86334","27075","33.74917-117.86334","Martinez Residence",-117.86334,33.74917,39.0144,"US",NA,NA,"UTC"
"2708933.73104-117.85478","27089","33.73104-117.85478","Lighthouse Center Wilshire St.",-117.85478,33.73104,27.7368,"US",NA,NA,"UTC"
"2709933.98098-118.34045","27099","33.98098-118.34045","AQMD North Inglewood",-118.34045,33.98098,58.5216,"US",NA,NA,"UTC"
"2710133.80244-118.21993","27101","33.80244-118.21993","Hudson Air Monitoring Station",-118.21993,33.80244,5.4864,"US",NA,NA,"UTC"
"2710934.16477-118.59115","27109","34.16477-118.59115","AQMD_NASA_248",-118.59115,34.16477,281.6352,"US",NA,NA,"UTC"
"2711136.8511-119.89152","27111","36.8511-119.89152","SAN JOAQUIN RIVER",-119.89152,36.8511,96.012,"US",NA,NA,"UTC"
"2714533.6132-117.8535","27145","33.6132-117.8535","AQMD_NASA_254",-117.8535,33.6132,115.824,"US",NA,NA,"UTC"
"2722937.95945-122.55836","27229","37.95945-122.55836","Ross",-122.55836,37.95945,30.7848,"US",NA,NA,"UTC"
"2723137.76092-122.45216","27231","37.76092-122.45216","Cole Valley",-122.45216,37.76092,142.3416,"US",NA,NA,"UTC"
"2733337.35552-122.10995","27333","37.35552-122.10995","Princess Elleena",-122.10995,37.35552,84.1248,"US",NA,NA,"UTC"
"2735737.31452-119.63796","27357","37.31452-119.63796","Meadowview Oakhurst",-119.63796,37.31452,777.5448,"US",NA,NA,"UTC"
"2740334.29826-119.29871","27403","34.29826-119.29871","N. Olive St",-119.29871,34.29826,20.1168,"US",NA,NA,"UTC"
"2742934.15615-118.00066","27429","34.15615-118.00066","AQMD_NASA_242",-118.00066,34.15615,200.2536,"US",NA,NA,"UTC"
"2745733.76988-118.13505","27457","33.76988-118.13505","Colorado Lagoon",-118.13505,33.76988,5.4864,"US",NA,NA,"UTC"
"2750133.50815-117.64435","27501","33.50815-117.64435","AQMD_NASA_204",-117.64435,33.50815,38.1,"US",NA,NA,"UTC"
"2760937.92765-121.94119","27609","37.92765-121.94119","Diablo Downs",-121.94119,37.92765,171.9072,"US",NA,NA,"UTC"
"2772337.92925-121.94025","27723","37.92925-121.94025","CHA6",-121.94025,37.92925,157.2768,"US",NA,NA,"UTC"
"2778738.43631-122.76156","27787","38.43631-122.76156","Baggett",-122.76156,38.43631,31.0896,"US",NA,NA,"UTC"
"2792337.21878-121.93522","27923","37.21878-121.93522","Kennedy Trail",-121.93522,37.21878,248.7168,"US",NA,NA,"UTC"
"2828140.88327-124.00042","28281","40.88327-124.00042","BLR Water Barn",-124.00042,40.88327,23.7744,"US",NA,NA,"UTC"
"2831133.97127-117.72423","28311","33.97127-117.72423","AQMD_NASA_214",-117.72423,33.97127,228.6,"US",NA,NA,"UTC"
"2837734.93445-119.60947","28377","34.93445-119.60947","SBCAPCD_Info",-119.60947,34.93445,692.5056,"US",NA,NA,"UTC"
"2838534.41738-119.72043","28385","34.41738-119.72043","SBCAPCD_Info_26",-119.72043,34.41738,27.432,"US",NA,NA,"UTC"
"2839138.51799-121.3951","28391","38.51799-121.3951","DP LAB PM 1",-121.3951,38.51799,13.1064,"US",NA,NA,"UTC"
"2839334.86132-120.44286","28393","34.86132-120.44286","SBCAPCD_Info",-120.44286,34.86132,107.5944,"US",NA,NA,"UTC"
"2839934.62056-120.20695","28399","34.62056-120.20695","CARB_Smoke_SBCAPCD_Buellton",-120.20695,34.62056,113.6904,"US",NA,NA,"UTC"
"2841734.43127-119.79475","28417","34.43127-119.79475","SBCAPCD_Info_20",-119.79475,34.43127,10.9728,"US",NA,NA,"UTC"
"2842134.42971-119.89658","28421","34.42971-119.89658","SBCAPCD_Info_17",-119.89658,34.42971,27.432,"US",NA,NA,"UTC"
"2843534.39085-119.50694","28435","34.39085-119.50694","SBCAPCD_Info_21",-119.50694,34.39085,17.3736,"US",NA,NA,"UTC"
"2843734.95758-120.57827","28437","34.95758-120.57827","SBCAPCD_Info",-120.57827,34.95758,25.2984,"US",NA,NA,"UTC"
"2848738.24598-121.98715","28487","38.24598-121.98715","503 Acapulco ct. Suisun City",-121.98715,38.24598,8.2296,"US",NA,NA,"UTC"
"2850333.78896-118.33263","28503","33.78896-118.33263","Hillsiade",-118.33263,33.78896,56.388,"US",NA,NA,"UTC"
"2851534.13388-118.0182","28515","34.13388-118.0182","AQMD_NASA_221",-118.0182,34.13388,136.2456,"US",NA,NA,"UTC"
"2852933.77723-118.24309","28529","33.77723-118.24309","R1180_LEEW",-118.24309,33.77723,3.3528,"US",NA,NA,"UTC"
"2854133.70707-117.87135","28541","33.70707-117.87135","Heredia residence",-117.87135,33.70707,12.4968,"US",NA,NA,"UTC"
"2856133.6713-117.67326","28561","33.6713-117.67326","AQMD_LF_11B",-117.67326,33.6713,232.8672,"US",NA,NA,"UTC"
"2859333.72356-117.8626","28593","33.72356-117.8626","Sierra Home",-117.8626,33.72356,22.2504,"US",NA,NA,"UTC"
"2866737.25536-121.8867","28667","37.25536-121.8867","Hammer",-121.8867,37.25536,58.2168,"US",NA,NA,"UTC"
"2866937.78165-122.48012","28669","37.78165-122.48012","21stAtClement",-122.48012,37.78165,45.4152,"US",NA,NA,"UTC"
"2870132.77283-117.07811","28701","32.77283-117.07811","SDSU Athletics",-117.07811,32.77283,134.112,"US",NA,NA,"UTC"
"2870537.52851-122.34213","28705","37.52851-122.34213","Hail to The Chief",-122.34213,37.52851,130.1496,"US",NA,NA,"UTC"
"2871337.49993-118.62346","28713","37.49993-118.62346","Swall Meadows",-118.62346,37.49993,1812.3408,"US",NA,NA,"UTC"
"2893533.63936-117.87932","28935","33.63936-117.87932","AQMD_NASA_271",-117.87932,33.63936,35.9664,"US",NA,NA,"UTC"
"2896538.05305-122.65874","28965","38.05305-122.65874","Lucas Valley",-122.65874,38.05305,207.5688,"US",NA,NA,"UTC"
"2897333.94305-117.99817","28973","33.94305-117.99817","AQMD_NASA_de0",-117.99817,33.94305,74.676,"US",NA,NA,"UTC"
"2918134.03703-117.36534","29181","34.03703-117.36534","CCA A-Z Bus Sales",-117.36534,34.03703,267.6144,"US",NA,NA,"UTC"
"2918938.62386-121.04973","29189","38.62386-121.04973","CCA Candlewood and Idlewood",-121.04973,38.62386,180.7464,"US",NA,NA,"UTC"
"2919333.63648-117.82848","29193","33.63648-117.82848","AQMD_NASA_265",-117.82848,33.63648,74.3712,"US",NA,NA,"UTC"
"2919734.1852-118.8381","29197","34.1852-118.8381","Ice House Zebra",-118.8381,34.1852,311.2008,"US",NA,NA,"UTC"
"2921534.07217-117.74963","29215","34.07217-117.74963","AirHead",-117.74963,34.07217,281.94,"US",NA,NA,"UTC"
"2922533.73333-117.85938","29225","33.73333-117.85938","Rea Residence",-117.85938,33.73333,29.5656,"US",NA,NA,"UTC"
"2922934.11478-117.74776","29229","34.11478-117.74776","Piedmond Mesa Claremont",-117.74776,34.11478,382.8288,"US",NA,NA,"UTC"
"2926534.2401-118.64297","29265","34.2401-118.64297","Chatsworth Lake Manor",-118.64297,34.2401,313.6392,"US",NA,NA,"UTC"
"2929534.13873-118.2608","29295","34.13873-118.2608","CCA Columbus and Riverdale",-118.2608,34.13873,148.1328,"US",NA,NA,"UTC"
"2934936.90546-121.65945","29349","36.90546-121.65945","Front Porch Aromas",-121.65945,36.90546,61.8744,"US",NA,NA,"UTC"
"2941939.34898-120.25497","29419","39.34898-120.25497","Skislope Way",-120.25497,39.34898,2072.64,"US",NA,NA,"UTC"
"2962738.16161-120.05701","29627","38.16161-120.05701","Cold Springs",-120.05701,38.16161,1731.264,"US",NA,NA,"UTC"
"2964133.73284-117.87969","29641","33.73284-117.87969","Campos Residence",-117.87969,33.73284,22.2504,"US",NA,NA,"UTC"
"2969734.23818-118.52834","29697","34.23818-118.52834","CSUN Live Oak",-118.52834,34.23818,264.5664,"US",NA,NA,"UTC"
"2986936.7417-119.75049","29869","36.7417-119.75049","4250 E Tulare",-119.75049,36.7417,93.2688,"US",NA,NA,"UTC"
"3005138.23187-120.37277","30051","38.23187-120.37277","Dacha",-120.37277,38.23187,1193.292,"US",NA,NA,"UTC"
"3012934.41743-119.86842","30129","34.41743-119.86842","SBCAPCD_Info_16",-119.86842,34.41743,9.4488,"US",NA,NA,"UTC"
"3015138.69978-120.99889","30151","38.69978-120.99889","Skinners",-120.99889,38.69978,420.9288,"US",NA,NA,"UTC"
"3034738.41357-121.46032","30347","38.41357-121.46032","CCA Lake Terrace and Lakeland",-121.46032,38.41357,5.7912,"US",NA,NA,"UTC"
"3040937.34927-121.96589","30409","37.34927-121.96589","Marcus",-121.96589,37.34927,24.0792,"US",NA,NA,"UTC"
"3060937.81217-122.03378","30609","37.81217-122.03378","Las Trampas Regional Wilderness  San Ramon  CA",-122.03378,37.81217,383.7432,"US",NA,NA,"UTC"
"3073734.13552-118.24416","30737","34.13552-118.24416","Adams Square",-118.24416,34.13552,154.8384,"US",NA,NA,"UTC"
"3092935.78976-117.36282","30929","35.78976-117.36282","PIONEER POINT AIR QUALITY",-117.36282,35.78976,510.2352,"US",NA,NA,"UTC"
"3115137.75118-122.12777","31151","37.75118-122.12777","Laszlo\u2019s Purple Air",-122.12777,37.75118,177.6984,"US",NA,NA,"UTC"
"3115538.36373-122.47169","31155","38.36373-122.47169","Upper Cavedale",-122.47169,38.36373,526.6944,"US",NA,NA,"UTC"
"3118937.22451-121.97487","31189","37.22451-121.97487","Los Gatos High School Helm Field",-121.97487,37.22451,108.8136,"US",NA,NA,"UTC"
"3128733.70318-117.78162","31287","33.70318-117.78162","SPLA_002",-117.78162,33.70318,32.9184,"US",NA,NA,"UTC"
"3139934.08528-117.9609","31399","34.08528-117.9609","COI5467",-117.9609,34.08528,113.9952,"US",NA,NA,"UTC"
"3153333.77248-118.19539","31533","33.77248-118.19539","WindhamAQ",-118.19539,33.77248,9.7536,"US",NA,NA,"UTC"
"3153937.982-121.81094","31539","37.982-121.81094","Doral Ct.",-121.81094,37.982,50.9016,"US",NA,NA,"UTC"
"3162938.54755-121.43121","31629","38.54755-121.43121","PSU STAR Lab Tahoe Terrace",-121.43121,38.54755,11.2776,"US",NA,NA,"UTC"
"3183738.33566-122.27425","31837","38.33566-122.27425","Napa McKinley",-122.27425,38.33566,16.1544,"US",NA,NA,"UTC"
"3206739.15833-119.76337","32067","39.15833-119.76337","Bryan Building 2",-119.76337,39.15833,1418.2344,"US",NA,NA,"UTC"
"3212337.9737-121.98428","32123","37.9737-121.98428","Woodcrest Drive",-121.98428,37.9737,58.5216,"US",NA,NA,"UTC"
"3233934.11664-118.22908","32339","34.11664-118.22908","Ackerman",-118.22908,34.11664,139.5984,"US",NA,NA,"UTC"
"3254738.34107-122.67905","32547","38.34107-122.67905","Sonoma State University",-122.67905,38.34107,43.5864,"US",NA,NA,"UTC"
"3259934.01707-118.46499","32599","34.01707-118.46499","Sunset Park",-118.46499,34.01707,45.1104,"US",NA,NA,"UTC"
"3296133.96336-118.40659","32961","33.96336-118.40659","Kentwood South",-118.40659,33.96336,39.3192,"US",NA,NA,"UTC"
"3296934.12212-118.36022","32969","34.12212-118.36022","Nichols Canyon Road",-118.36022,34.12212,311.8104,"US",NA,NA,"UTC"
"3302138.58318-122.82774","33021","38.58318-122.82774","Maya",-122.82774,38.58318,64.3128,"US",NA,NA,"UTC"
"3302932.81652-117.24981","33029","32.81652-117.24981","Orchid House",-117.24981,32.81652,117.0432,"US",NA,NA,"UTC"
"3306337.88514-122.50145","33063","37.88514-122.50145","Club at Harbor Point",-122.50145,37.88514,0.9144,"US",NA,NA,"UTC"
"3308138.56765-121.38987","33081","38.56765-121.38987","Sierra Oaks 1",-121.38987,38.56765,12.192,"US",NA,NA,"UTC"
"3312237.57762-121.98531","33122","37.57762-121.98531","Niles 2nd Street",-121.98531,37.57762,19.812,"US",NA,NA,"UTC"
"3313537.33265-121.94035","33135","37.33265-121.94035","Cory Home",-121.94035,37.33265,32.6136,"US",NA,NA,"UTC"
"3315537.45456-122.14417","33155","37.45456-122.14417","back",-122.14417,37.45456,8.8392,"US",NA,NA,"UTC"
"3315737.3366-121.8443","33157","37.3366-121.8443","ultrafine particulates (0.3) @ 280 &amp; 101 downwind",-121.8443,37.3366,32.3088,"US",NA,NA,"UTC"
"3318134.07385-118.43859","33181","34.07385-118.43859","Little Holmby",-118.43859,34.07385,142.0368,"US",NA,NA,"UTC"
"3323533.83581-118.17562","33235","33.83581-118.17562","CCA Maury and Tehachapi 2",-118.17562,33.83581,25.6032,"US",NA,NA,"UTC"
"3324733.6483-117.841","33247","33.6483-117.841","Aldrich Hall",-117.841,33.6483,24.9936,"US",NA,NA,"UTC"
"3328940.39707-122.38555","33289","40.39707-122.38555","Peacemaker Ranch",-122.38555,40.39707,175.5648,"US",NA,NA,"UTC"
"3329933.63963-117.84985","33299","33.63963-117.84985","UCI EH&amp;S",-117.84985,33.63963,38.1,"US",NA,NA,"UTC"
"3335941.04192-123.66473","33359","41.04192-123.66473","Kimaw-out",-123.66473,41.04192,112.4712,"US",NA,NA,"UTC"
"3346337.40211-122.04791","33463","37.40211-122.04791","SRA1",-122.04791,37.40211,12.4968,"US",NA,NA,"UTC"
"3360937.40137-122.04752","33609","37.40137-122.04752","SRA2",-122.04752,37.40137,13.716,"US",NA,NA,"UTC"
"3362134.06786-118.12929","33621","34.06786-118.12929","Outdoor Ynez",-118.12929,34.06786,123.7488,"US",NA,NA,"UTC"
"3362938.06226-122.69801","33629","38.06226-122.69801","Nicasio Volunteer Fire Department",-122.69801,38.06226,60.3504,"US",NA,NA,"UTC"
"3363337.7919-122.44697","33633","37.7919-122.44697","3130 Pacific Ave",-122.44697,37.7919,107.2896,"US",NA,NA,"UTC"
"3364338.62705-121.26367","33643","38.62705-121.26367","Three Sequoias",-121.26367,38.62705,30.7848,"US",NA,NA,"UTC"
"3364737.95558-122.06198","33647","37.95558-122.06198","Cynthia Dr. Outdoor",-122.06198,37.95558,13.4112,"US",NA,NA,"UTC"
"3367336.5681-121.96127","33673","36.5681-121.96127","Fairhaven",-121.96127,36.5681,26.5176,"US",NA,NA,"UTC"
"3372538.55195-121.42834","33725","38.55195-121.42834","CSC Roof",-121.42834,38.55195,12.4968,"US",NA,NA,"UTC"
"3374137.34784-122.02438","33741","37.34784-122.02438","Cheshire Way",-122.02438,37.34784,49.6824,"US",NA,NA,"UTC"
"3374338.90518-119.75459","33743","38.90518-119.75459","Springfield",-119.75459,38.90518,1462.7352,"US",NA,NA,"UTC"
"3385534.06748-118.1384","33855","34.06748-118.1384","Alhambra",-118.1384,34.06748,127.4064,"US",NA,NA,"UTC"
"3394536.3053-119.151","33945","36.3053-119.151","FAFE Manor",-119.151,36.3053,117.9576,"US",NA,NA,"UTC"
"3400337.96197-120.23878","34003","37.96197-120.23878","Tuolumne Fire District",-120.23878,37.96197,786.384,"US",NA,NA,"UTC"
"3403137.97888-120.3912","34031","37.97888-120.3912","Tuolumne County Superintendent of Schools",-120.3912,37.97888,524.5608,"US",NA,NA,"UTC"
"3410337.83289-122.1331","34103","37.83289-122.1331","The Saklan School",-122.1331,37.83289,146.9136,"US",NA,NA,"UTC"
"3412536.61798-121.90805","34125","36.61798-121.90805","PG-Lighthouse",-121.90805,36.61798,39.624,"US",NA,NA,"UTC"
"3424138.49075-121.54793","34241","38.49075-121.54793","River Isle Outside",-121.54793,38.49075,2.1336,"US",NA,NA,"UTC"
"3440137.45406-122.1589","34401","37.45406-122.1589","Palo Alto Ave between Fulton St and Everett Ave",-122.1589,37.45406,14.0208,"US",NA,NA,"UTC"
"3442133.74697-118.31464","34421","33.74697-118.31464","Eastview South",-118.31464,33.74697,133.8072,"US",NA,NA,"UTC"
"3443738.54079-121.48722","34437","38.54079-121.48722","SCC Hughes Stadium",-121.48722,38.54079,7.9248,"US",NA,NA,"UTC"
"3444538.10675-122.22689","34445","38.10675-122.22689","Lassen St &amp; Springs Rd Vallejo",-122.22689,38.10675,13.1064,"US",NA,NA,"UTC"
"3446133.9819-118.37517","34461","33.9819-118.37517","CCA Frank D Parent Elem",-118.37517,33.9819,42.0624,"US",NA,NA,"UTC"
"3448133.97184-118.42094","34481","33.97184-118.42094","Playa Vista",-118.42094,33.97184,6.7056,"US",NA,NA,"UTC"
"3449533.99551-118.39796","34495","33.99551-118.39796","Blanco Way",-118.39796,33.99551,9.7536,"US",NA,NA,"UTC"
"3450537.37293-122.0358","34505","37.37293-122.0358","South Mathilda-external",-122.0358,37.37293,34.4424,"US",NA,NA,"UTC"
"3451734.1295-118.48601","34517","34.1295-118.48601","Westland School",-118.48601,34.1295,404.7744,"US",NA,NA,"UTC"
"3452337.53249-122.26841","34523","37.53249-122.26841","Belmont - Island Park - California Cottages",-122.26841,37.53249,3.048,"US",NA,NA,"UTC"
"3456338.69787-120.61865","34563","38.69787-120.61865","Sierra Springs\/Red Robin",-120.61865,38.69787,966.8256,"US",NA,NA,"UTC"
"3457138.11574-122.26144","34571","38.11574-122.26144","Carter St. Vallejo",-122.26144,38.11574,38.7096,"US",NA,NA,"UTC"
"3458338.17554-122.1368","34583","38.17554-122.1368","342-Outdoor",-122.1368,38.17554,14.9352,"US",NA,NA,"UTC"
"3463737.84325-122.0004","34637","37.84325-122.0004","Piedmont Ln",-122.0004,37.84325,164.592,"US",NA,NA,"UTC"
"3465334.03894-118.4823","34653","34.03894-118.4823","Santa Monica",-118.4823,34.03894,74.676,"US",NA,NA,"UTC"
"3470539.33435-121.09858","34705","39.33435-121.09858","ivey",-121.09858,39.33435,614.172,"US",NA,NA,"UTC"
"3471137.79896-122.20467","34711","37.79896-122.20467","Murple",-122.20467,37.79896,76.5048,"US",NA,NA,"UTC"
"3471937.89715-122.5508","34719","37.89715-122.5508","Homestead Valley",-122.5508,37.89715,55.7784,"US",NA,NA,"UTC"
"3472937.3657-121.98905","34729","37.3657-121.98905","Stanford Place",-121.98905,37.3657,19.2024,"US",NA,NA,"UTC"
"3473337.64621-121.87638","34733","37.64621-121.87638","San Juan Way",-121.87638,37.64621,113.9952,"US",NA,NA,"UTC"
"3473537.33113-121.97166","34735","37.33113-121.97166","Santa Clara - San Tomas Woods",-121.97166,37.33113,34.4424,"US",NA,NA,"UTC"
"3487137.28786-121.94602","34871","37.28786-121.94602","Downtown Campbell",-121.94602,37.28786,60.96,"US",NA,NA,"UTC"
"3487334.10777-118.2163","34873","34.10777-118.2163","Sea View Avenue",-118.2163,34.10777,263.3472,"US",NA,NA,"UTC"
"3487734.09525-118.40884","34877","34.09525-118.40884","Laundry",-118.40884,34.09525,230.4288,"US",NA,NA,"UTC"
"3488537.85884-122.28276","34885","37.85884-122.28276","Acton btwn Derby &amp; Carleton",-122.28276,37.85884,22.86,"US",NA,NA,"UTC"
"3492337.78351-122.19521","34923","37.78351-122.19521","Camden Outdoor",-122.19521,37.78351,74.3712,"US",NA,NA,"UTC"
"3494539.13096-120.15466","34945","39.13096-120.15466","Sunnyside",-120.15466,39.13096,1904.0856,"US",NA,NA,"UTC"
"3494737.86594-122.28265","34947","37.86594-122.28265","Deck",-122.28265,37.86594,29.5656,"US",NA,NA,"UTC"
"3497537.64545-122.11885","34975","37.64545-122.11885","Hayward West",-122.11885,37.64545,9.7536,"US",NA,NA,"UTC"
"3498737.29524-121.81271","34987","37.29524-121.81271","Ramblewood",-121.81271,37.29524,51.816,"US",NA,NA,"UTC"
"3499337.92241-122.56601","34993","37.92241-122.56601","Ho Ko E Koo",-122.56601,37.92241,257.8608,"US",NA,NA,"UTC"
"3500534.16927-118.06915","35005","34.16927-118.06915","Upper Hastings Ranch - N Tropical Ave",-118.06915,34.16927,335.8896,"US",NA,NA,"UTC"
"3502138.33375-122.67353","35021","38.33375-122.67353","Amanita",-122.67353,38.33375,51.5112,"US",NA,NA,"UTC"
"3502734.05531-118.4213","35027","34.05531-118.4213","Comstock-Dunkirk",-118.4213,34.05531,71.0184,"US",NA,NA,"UTC"
"3502937.38135-122.10738","35029","37.38135-122.10738","outside",-122.10738,37.38135,49.3776,"US",NA,NA,"UTC"
"3505138.50761-121.35667","35051","38.50761-121.35667","SPA Outside",-121.35667,38.50761,17.6784,"US",NA,NA,"UTC"
"3512338.4714-120.05019","35123","38.4714-120.05019","Bear Valley",-120.05019,38.4714,2252.1672,"US",NA,NA,"UTC"
"3515541.37846-122.4186","35155","41.37846-122.4186","Hammond Ranch - 3840 Elevation",-122.4186,41.37846,1173.1752,"US",NA,NA,"UTC"
"3519333.74717-116.96762","35193","33.74717-116.96762","COH_CITYHALL",-116.96762,33.74717,489.5088,"US",NA,NA,"UTC"
"3530732.79836-117.11712","35307","32.79836-117.11712","2819 W CANYON AVE",-117.11712,32.79836,65.2272,"US",NA,NA,"UTC"
"3533740.5759-122.45702","35337","40.5759-122.45702","Lower Springs",-122.45702,40.5759,238.3536,"US",NA,NA,"UTC"
"3540137.48479-122.27963","35401","37.48479-122.27963","Front Yard",-122.27963,37.48479,104.2416,"US",NA,NA,"UTC"
"3543337.75948-122.38942","35433","37.75948-122.38942","Dogpatch_Digs_SFAQ25",-122.38942,37.75948,16.4592,"US",NA,NA,"UTC"
"3574937.225-121.96435","35749","37.225-121.96435","Los Gatos Vista",-121.96435,37.225,120.0912,"US",NA,NA,"UTC"
"3580937.76114-122.4217","35809","37.76114-122.4217","valencia outside",-122.4217,37.76114,14.0208,"US",NA,NA,"UTC"
"3610937.83148-122.01703","36109","37.83148-122.01703","The North",-122.01703,37.83148,106.68,"US",NA,NA,"UTC"
"3611137.75808-122.1931","36111","37.75808-122.1931","Coliseum",-122.1931,37.75808,4.572,"US",NA,NA,"UTC"
"3611534.03647-118.47561","36115","34.03647-118.47561","Princeton",-118.47561,34.03647,56.9976,"US",NA,NA,"UTC"
"3614334.06705-118.46885","36143","34.06705-118.46885","Brentwood School East Campus",-118.46885,34.06705,135.636,"US",NA,NA,"UTC"
"3615337.82562-122.16123","36153","37.82562-122.16123","Canyon Elementary School",-122.16123,37.82562,179.2224,"US",NA,NA,"UTC"
"3616337.42896-122.24957","36163","37.42896-122.24957","Woodside Road",-122.24957,37.42896,128.3208,"US",NA,NA,"UTC"
"3617737.23847-121.94907","36177","37.23847-121.94907","Linda Ave",-121.94907,37.23847,96.3168,"US",NA,NA,"UTC"
"3619537.86796-122.12627","36195","37.86796-122.12627","Campolindo High School-Ext",-122.12627,37.86796,189.8904,"US",NA,NA,"UTC"
"3619937.52502-122.04398","36199","37.52502-122.04398","37216 Spruce St",-122.04398,37.52502,4.8768,"US",NA,NA,"UTC"
"3621538.21868-122.14831","36215","38.21868-122.14831","333-Outdoor",-122.14831,38.21868,9.4488,"US",NA,NA,"UTC"
"3621737.57854-122.34531","36217","37.57854-122.34531","240 Lorton",-122.34531,37.57854,10.668,"US",NA,NA,"UTC"
"3623937.08128-122.09461","36239","37.08128-122.09461","Jackson Ave",-122.09461,37.08128,264.8712,"US",NA,NA,"UTC"
"3626737.50909-122.4689","36267","37.50909-122.4689","El Granada Highlands (Del Monte Rd.)",-122.4689,37.50909,91.7448,"US",NA,NA,"UTC"
"3630937.46249-122.34684","36309","37.46249-122.34684","Kings Mountain North",-122.34684,37.46249,526.3896,"US",NA,NA,"UTC"
"3631339.40602-119.64465","36313","39.40602-119.64465","Castle Peak",-119.64465,39.40602,1990.344,"US",NA,NA,"UTC"
"3634337.36041-122.03321","36343","37.36041-122.03321","Dawn Dr.",-122.03321,37.36041,42.0624,"US",NA,NA,"UTC"
"3635537.84663-122.24041","36355","37.84663-122.24041","Manchester",-122.24041,37.84663,127.4064,"US",NA,NA,"UTC"
"3635934.06109-118.47584","36359","34.06109-118.47584","Brentwood School West Campus",-118.47584,34.06109,129.8448,"US",NA,NA,"UTC"
"3636738.29158-122.04105","36367","38.29158-122.04105","390-Outdoor",-122.04105,38.29158,56.0832,"US",NA,NA,"UTC"
"3637738.29053-122.11739","36377","38.29053-122.11739","360-Outdoor",-122.11739,38.29053,40.5384,"US",NA,NA,"UTC"
"3647332.69687-117.13419","36473","32.69687-117.13419","Logan Heights Post Office",-117.13419,32.69687,21.9456,"US",NA,NA,"UTC"
"3650137.85525-122.26452","36501","37.85525-122.26452","Ashby-Shattuck-Outside",-122.26452,37.85525,49.0728,"US",NA,NA,"UTC"
"3652137.2725-121.9176","36521","37.2725-121.9176","Doerr Park",-121.9176,37.2725,55.1688,"US",NA,NA,"UTC"
"3652738.00055-122.5933","36527","38.00055-122.5933","Cynthia Court",-122.5933,38.00055,62.7888,"US",NA,NA,"UTC"
"3652937.78008-122.4399","36529","37.78008-122.4399","Western Addition",-122.4399,37.78008,68.8848,"US",NA,NA,"UTC"
"3653734.02837-118.46067","36537","34.02837-118.46067","Untitled No. 1 School",-118.46067,34.02837,46.3296,"US",NA,NA,"UTC"
"3655537.57184-122.39241","36555","37.57184-122.39241","BurlH",-122.39241,37.57184,142.9512,"US",NA,NA,"UTC"
"3655936.75225-121.62232","36559","36.75225-121.62232","SJGR Salinas",-121.62232,36.75225,58.2168,"US",NA,NA,"UTC"
"3657533.96154-118.40913","36575","33.96154-118.40913","The Crow's Nest",-118.40913,33.96154,43.5864,"US",NA,NA,"UTC"
"3658734.20092-118.3237","36587","34.20092-118.3237","Jolley &amp; Groton",-118.3237,34.20092,206.3496,"US",NA,NA,"UTC"
"3659137.3606-118.32766","36591","37.3606-118.32766","GBUAPCD_NCORE_JO",-118.32766,37.3606,1237.1832,"US",NA,NA,"UTC"
"3661937.0837-122.13436","36619","37.0837-122.13436","Empire\/Pine Flat",-122.13436,37.0837,687.6288,"US",NA,NA,"UTC"
"3662738.32606-122.45224","36627","38.32606-122.45224","Norrbom Outside MBR",-122.45224,38.32606,346.2528,"US",NA,NA,"UTC"
"3666137.91985-122.52683","36661","37.91985-122.52683","Tunnel Lane",-122.52683,37.91985,31.0896,"US",NA,NA,"UTC"
"3666737.49694-122.28706","36667","37.49694-122.28706","Lynton Ave",-122.28706,37.49694,129.54,"US",NA,NA,"UTC"
"3668732.99191-117.15462","36687","32.99191-117.15462","SantaLuz",-117.15462,32.99191,150.5712,"US",NA,NA,"UTC"
"3671537.37759-122.16647","36715","37.37759-122.16647","Roble Blanco Court",-122.16647,37.37759,125.8824,"US",NA,NA,"UTC"
"3671734.02053-118.36168","36717","34.02053-118.36168","Village Green",-118.36168,34.02053,34.1376,"US",NA,NA,"UTC"
"3675139.66471-121.86478","36751","39.66471-121.86478","THE RED BARN",-121.86478,39.66471,48.4632,"US",NA,NA,"UTC"
"3682937.8918-122.03113","36829","37.8918-122.03113","Terra Bella",-122.03113,37.8918,90.5256,"US",NA,NA,"UTC"
"3698937.44875-122.1702","36989","37.44875-122.1702","OtterOut",-122.1702,37.44875,20.4216,"US",NA,NA,"UTC"
"3699737.37114-122.07571","36997","37.37114-122.07571","Backyard",-122.07571,37.37114,46.3296,"US",NA,NA,"UTC"
"3701137.43797-122.19936","37011","37.43797-122.19936","N Lemon Ave",-122.19936,37.43797,33.8328,"US",NA,NA,"UTC"
"3702137.49117-122.25536","37021","37.49117-122.25536","White Oaks",-122.25536,37.49117,14.9352,"US",NA,NA,"UTC"
"3702537.87592-122.25308","37025","37.87592-122.25308","B59-Mech",-122.25308,37.87592,199.0344,"US",NA,NA,"UTC"
"3704334.0123-118.39391","37043","34.0123-118.39391","Jasmine2",-118.39391,34.0123,21.336,"US",NA,NA,"UTC"
"3706137.31003-121.94244","37061","37.31003-121.94244","Caputo Acres",-121.94244,37.31003,46.9392,"US",NA,NA,"UTC"
"3707937.81234-122.11975","37079","37.81234-122.11975","Tharp Drive",-122.11975,37.81234,169.7736,"US",NA,NA,"UTC"
"3708738.12576-122.26614","37087","38.12576-122.26614","Federal Terrace Vallejo Flood and Wastewater - KCAVALLE33",-122.26614,38.12576,2.4384,"US",NA,NA,"UTC"
"3709537.92236-122.30675","37095","37.92236-122.30675","EL Cerrito  Gladys Ave",-122.30675,37.92236,40.8432,"US",NA,NA,"UTC"
"3710937.69546-122.08061","37109","37.69546-122.08061","Downtown Castro Valley",-122.08061,37.69546,53.0352,"US",NA,NA,"UTC"
"3711136.8814-119.74869","37111","36.8814-119.74869","DB Maple",-119.74869,36.8814,117.9576,"US",NA,NA,"UTC"
"3711337.45337-122.19177","37113","37.45337-122.19177","Menlo School Stent Hall",-122.19177,37.45337,22.5552,"US",NA,NA,"UTC"
"3714537.74231-122.4737","37145","37.74231-122.4737","Taraval 17th",-122.4737,37.74231,106.0704,"US",NA,NA,"UTC"
"3714937.8326-122.27856","37149","37.8326-122.27856","East Bay German International School",-122.27856,37.8326,15.8496,"US",NA,NA,"UTC"
"3719333.82487-118.197","37193","33.82487-118.197","Chestnut Ave - Outside",-118.197,33.82487,25.908,"US",NA,NA,"UTC"
"3719739.30683-123.80163","37197","39.30683-123.80163","Pine",-123.80163,39.30683,39.3192,"US",NA,NA,"UTC"
"3721734.04078-118.40208","37217","34.04078-118.40208","Forrester drive  Los Angeles  Ca 90064",-118.40208,34.04078,82.6008,"US",NA,NA,"UTC"
"3722337.87519-122.01528","37223","37.87519-122.01528","Home",-122.01528,37.87519,132.2832,"US",NA,NA,"UTC"
"3722737.37937-122.16724","37227","37.37937-122.16724","Roble Alto Ct.  LAH",-122.16724,37.37937,133.1976,"US",NA,NA,"UTC"
"3725737.6773-122.03719","37257","37.6773-122.03719","Blackstone",-122.03719,37.6773,217.932,"US",NA,NA,"UTC"
"3728937.31649-122.0704","37289","37.31649-122.0704","Marianist Sensor",-122.0704,37.31649,131.3688,"US",NA,NA,"UTC"
"3730937.92244-122.04884","37309","37.92244-122.04884","The Seven Hills School",-122.04884,37.92244,37.4904,"US",NA,NA,"UTC"
"3731137.76734-122.26726","37311","37.76734-122.26726","Alameda Gold Coast",-122.26726,37.76734,6.4008,"US",NA,NA,"UTC"
"3734337.47829-122.24523","37343","37.47829-122.24523","Mount Carmel Myrtle",-122.24523,37.47829,11.2776,"US",NA,NA,"UTC"
"3734537.88391-122.28597","37345","37.88391-122.28597","PA-II",-122.28597,37.88391,36.576,"US",NA,NA,"UTC"
"3734737.87671-122.02225","37347","37.87671-122.02225","Worchester Ct.",-122.02225,37.87671,113.9952,"US",NA,NA,"UTC"
"3736538.55503-121.73035","37365","38.55503-121.73035","Chestnut Park",-121.73035,38.55503,15.24,"US",NA,NA,"UTC"
"3739338.49377-122.46713","37393","38.49377-122.46713","St. Helena Primary School",-122.46713,38.49377,78.6384,"US",NA,NA,"UTC"
"3745537.35115-122.09926","37455","37.35115-122.09926","Los Altos@Country Club",-122.09926,37.35115,72.8472,"US",NA,NA,"UTC"
"3749137.82099-122.24091","37491","37.82099-122.24091","Bowie's House",-122.24091,37.82099,25.6032,"US",NA,NA,"UTC"
"3749338.40284-122.97591","37493","38.40284-122.97591","Joy Road",-122.97591,38.40284,280.416,"US",NA,NA,"UTC"
"3752534.2257-116.86301","37525","34.2257-116.86301","Bear Mountain Ski Resort",-116.86301,34.2257,2217.7248,"US",NA,NA,"UTC"
"3755134.28066-118.47186","37551","34.28066-118.47186","Granada Hills",-118.47186,34.28066,330.4032,"US",NA,NA,"UTC"
"3759738.12616-122.24367","37597","38.12616-122.24367","De Anza Dr  Vallejo",-122.24367,38.12616,29.8704,"US",NA,NA,"UTC"
"3767138.14572-122.17824","37671","38.14572-122.17824","Hiddenbrooke  Vallejo Flood and Wastewater - KCAVALLE34",-122.17824,38.14572,138.3792,"US",NA,NA,"UTC"
"3767337.71172-121.84164","37673","37.71172-121.84164","Dublin Onyx",-121.84164,37.71172,157.2768,"US",NA,NA,"UTC"
"3768333.61276-117.74406","37683","33.61276-117.74406","LW ALTA out",-117.74406,33.61276,123.7488,"US",NA,NA,"UTC"
"3769337.78908-122.28284","37693","37.78908-122.28284","Alameda Landing",-122.28284,37.78908,3.6576,"US",NA,NA,"UTC"
"3770337.56361-122.26319","37703","37.56361-122.26319","Foster City - Niantic Dr.",-122.26319,37.56361,1.524,"US",NA,NA,"UTC"
"3771137.82983-121.20992","37711","37.82983-121.20992","Chickasaw Way - Raymus Village",-121.20992,37.82983,13.1064,"US",NA,NA,"UTC"
"3771537.78866-122.4298","37715","37.78866-122.4298","Pine",-122.4298,37.78866,70.4088,"US",NA,NA,"UTC"
"3773337.36635-122.156","37733","37.36635-122.156","Tripoli Outside",-122.156,37.36635,205.4352,"US",NA,NA,"UTC"
"3777137.43703-122.13821","37771","37.43703-122.13821","Old Palo Alto",-122.13821,37.43703,6.7056,"US",NA,NA,"UTC"
"3784937.44448-122.15565","37849","37.44448-122.15565","Waverley Street - 800 Block",-122.15565,37.44448,14.9352,"US",NA,NA,"UTC"
"3788534.02679-118.42155","37885","34.02679-118.42155","Veteran",-118.42155,34.02679,46.6344,"US",NA,NA,"UTC"
"3792337.9489-121.96903","37923","37.9489-121.96903","CVCHS",-121.96903,37.9489,91.1352,"US",NA,NA,"UTC"
"3793737.71407-122.02812","37937","37.71407-122.02812","Palomares Hills",-122.02812,37.71407,222.504,"US",NA,NA,"UTC"
"3795337.42295-122.1303","37953","37.42295-122.1303","Emerson and Loma Verde",-122.1303,37.42295,8.8392,"US",NA,NA,"UTC"
"3797137.88381-122.29082","37971","37.88381-122.29082","1128 Key Route Blvd  Albany CA",-122.29082,37.88381,22.5552,"US",NA,NA,"UTC"
"3799137.48501-122.27952","37991","37.48501-122.27952","Back Yard",-122.27952,37.48501,104.2416,"US",NA,NA,"UTC"
"3807338.58203-121.48956","38073","38.58203-121.48956","SMAQMD",-121.48956,38.58203,7.0104,"US",NA,NA,"UTC"
"3808537.42063-122.19228","38085","37.42063-122.19228","Campbell Ln outside",-122.19228,37.42063,67.3608,"US",NA,NA,"UTC"
"3819337.78956-122.18971","38193","37.78956-122.18971","ARNO",-122.18971,37.78956,78.0288,"US",NA,NA,"UTC"
"3828334.04372-118.55288","38283","34.04372-118.55288","WWSO",-118.55288,34.04372,33.528,"US",NA,NA,"UTC"
"3829537.22835-121.89521","38295","37.22835-121.89521","Monteverde Dr",-121.89521,37.22835,85.6488,"US",NA,NA,"UTC"
"3830937.87904-122.26753","38309","37.87904-122.26753","SL-S",-122.26753,37.87904,85.344,"US",NA,NA,"UTC"
"3837137.8201-122.24815","38371","37.8201-122.24815","670 Vernon St.",-122.24815,37.8201,44.8056,"US",NA,NA,"UTC"
"3838334.1121-118.66069","38383","34.1121-118.66069","Across 7 Minute Hill",-118.66069,34.1121,371.856,"US",NA,NA,"UTC"
"3838737.05767-122.1392","38387","37.05767-122.1392","Ice Cream Grade",-122.1392,37.05767,518.4648,"US",NA,NA,"UTC"
"3839138.1013-122.2569","38391","38.1013-122.2569","Georgia St. Vallejo",-122.2569,38.1013,12.8016,"US",NA,NA,"UTC"
"3839934.06656-118.36546","38399","34.06656-118.36546","Lindenhurst and Crescent Heights",-118.36546,34.06656,48.4632,"US",NA,NA,"UTC"
"3840137.35577-122.08124","38401","37.35577-122.08124","Loyola",-122.08124,37.35577,64.3128,"US",NA,NA,"UTC"
"3841338.79391-120.62736","38413","38.79391-120.62736","Forebay Bridge",-120.62736,38.79391,596.4936,"US",NA,NA,"UTC"
"3842938.09457-122.25221","38429","38.09457-122.25221","Humane Society of the North Bay",-122.25221,38.09457,4.2672,"US",NA,NA,"UTC"
"3844338.08507-122.23943","38443","38.08507-122.23943","Grant St. Vallejo",-122.23943,38.08507,19.2024,"US",NA,NA,"UTC"
"3845937.9304-122.69982","38459","37.9304-122.69982","Horseshoe Hill",-122.69982,37.9304,26.2128,"US",NA,NA,"UTC"
"3846738.13591-122.25269","38467","38.13591-122.25269","Powell Bros. Feed &amp; Pet Supply  Inc.",-122.25269,38.13591,4.8768,"US",NA,NA,"UTC"
"3847137.96648-122.07703","38471","37.96648-122.07703","Orange Tree School",-122.07703,37.96648,24.6888,"US",NA,NA,"UTC"
"3847338.55648-122.83112","38473","38.55648-122.83112","Gumview Road",-122.83112,38.55648,41.148,"US",NA,NA,"UTC"
"3848137.63714-122.04591","38481","37.63714-122.04591","Vista-Grande",-122.04591,37.63714,78.6384,"US",NA,NA,"UTC"
"3850338.04565-122.16034","38503","38.04565-122.16034","Marina Village Way",-122.16034,38.04565,4.8768,"US",NA,NA,"UTC"
"3854737.25637-122.04934","38547","37.25637-122.04934","Toll Gate",-122.04934,37.25637,241.7064,"US",NA,NA,"UTC"
"3858937.66533-122.41648","38589","37.66533-122.41648","Sign Hill",-122.41648,37.66533,79.5528,"US",NA,NA,"UTC"
"3861337.82027-122.19048","38613","37.82027-122.19048","Hoolyrood",-122.19048,37.82027,389.8392,"US",NA,NA,"UTC"
"3861938.10866-122.56142","38619","38.10866-122.56142","Orange Ave",-122.56142,38.10866,4.8768,"US",NA,NA,"UTC"
"3864934.11407-118.21108","38649","34.11407-118.21108","875 Terrace 49",-118.21108,34.11407,177.6984,"US",NA,NA,"UTC"
"3866137.19015-122.05823","38661","37.19015-122.05823","Lower Favre",-122.05823,37.19015,584.6064,"US",NA,NA,"UTC"
"3868337.78396-122.2867","38683","37.78396-122.2867","Lina Ave",-122.2867,37.78396,4.2672,"US",NA,NA,"UTC"
"3868937.38343-122.04173","38689","37.38343-122.04173","Expressions - outside - alpine",-122.04173,37.38343,28.3464,"US",NA,NA,"UTC"
"3869337.46808-122.22135","38693","37.46808-122.22135","Scandia Court",-122.22135,37.46808,12.192,"US",NA,NA,"UTC"
"3869537.31251-121.90213","38695","37.31251-121.90213","Willow Glen  San Jose",-121.90213,37.31251,36.2712,"US",NA,NA,"UTC"
"3872337.60454-122.05878","38723","37.60454-122.05878","Amaral St Union City 94587",-122.05878,37.60454,4.8768,"US",NA,NA,"UTC"
"3874738.30899-123.01888","38747","38.30899-123.01888","Bodega Harbour - Pelican Loop",-123.01888,38.30899,41.4528,"US",NA,NA,"UTC"
"3881538.51814-121.39471","38815","38.51814-121.39471","DP LAB BAY",-121.39471,38.51814,13.4112,"US",NA,NA,"UTC"
"3881738.29499-122.46066","38817","38.29499-122.46066","PVA Unit I - Outside",-122.46066,38.29499,30.7848,"US",NA,NA,"UTC"
"3883138.56841-121.49339","38831","38.56841-121.49339","13th &amp; t",-121.49339,38.56841,4.8768,"US",NA,NA,"UTC"
"3883737.76217-122.49947","38837","37.76217-122.49947","Outer Sunset 40th &amp; Irving",-122.49947,37.76217,33.8328,"US",NA,NA,"UTC"
"3884737.89464-122.53735","38847","37.89464-122.53735","Reed \/ Ethel",-122.53735,37.89464,7.62,"US",NA,NA,"UTC"
"3884937.77818-122.22445","38849","37.77818-122.22445","Fruitvale",-122.22445,37.77818,15.24,"US",NA,NA,"UTC"
"3885137.9055-122.56035","38851","37.9055-122.56035","Rose Ave",-122.56035,37.9055,121.92,"US",NA,NA,"UTC"
"3888937.26046-121.89164","38889","37.26046-121.89164","Branham Jarvis",-121.89164,37.26046,54.5592,"US",NA,NA,"UTC"
"3900537.71784-121.91583","39005","37.71784-121.91583","Quartz Outside",-121.91583,37.71784,115.2144,"US",NA,NA,"UTC"
"3904936.89097-119.76891","39049","36.89097-119.76891","Woodward Lake - Outside",-119.76891,36.89097,107.2896,"US",NA,NA,"UTC"
"3908937.57778-122.08125","39089","37.57778-122.08125","Alderaan",-122.08125,37.57778,3.6576,"US",NA,NA,"UTC"
"3915737.71933-121.84287","39157","37.71933-121.84287","J.M. Amador Elementary School",-121.84287,37.71933,183.7944,"US",NA,NA,"UTC"
"3917137.71949-121.92522","39171","37.71949-121.92522","Dublin High School",-121.92522,37.71949,104.5464,"US",NA,NA,"UTC"
"3919938.32229-122.48544","39199","38.32229-122.48544","Agua Caliente",-122.48544,38.32229,77.4192,"US",NA,NA,"UTC"
"3922737.83834-121.97487","39227","37.83834-121.97487","Danville \/ Diablo 94526",-121.97487,37.83834,136.5504,"US",NA,NA,"UTC"
"3924339.95074-120.96937","39243","39.95074-120.96937","FRC MPB Outdoor",-120.96937,39.95074,1053.3888,"US",NA,NA,"UTC"
"3932734.14671-118.35982","39327","34.14671-118.35982","Toluca Lake",-118.35982,34.14671,174.0408,"US",NA,NA,"UTC"
"3948134.16221-119.04565","39481","34.16221-119.04565","CSUCI1",-119.04565,34.16221,14.0208,"US",NA,NA,"UTC"
"3962537.50989-122.31773","39625","37.50989-122.31773","-------{---(@",-122.31773,37.50989,187.452,"US",NA,NA,"UTC"
"3962933.71587-116.1982","39629","33.71587-116.1982","Valley Sanitary District",-116.1982,33.71587,-8.2296,"US",NA,NA,"UTC"
"3963932.59418-115.4233","39639","32.59418-115.4233","MV-Aire Baja California-00002 https:\/\/www.facebook.com\/Airebajacalifornia\/",-115.4233,32.59418,5.4864,"US",NA,NA,"UTC"
"3964538.08203-122.17048","39645","38.08203-122.17048","Joe Henderson Elementary",-122.17048,38.08203,101.1936,"US",NA,NA,"UTC"
"3966337.8537-122.23917","39663","37.8537-122.23917","Uplands",-122.23917,37.8537,121.0056,"US",NA,NA,"UTC"
"3966538.06298-122.17026","39665","38.06298-122.17026","Mary Farmar Elementary",-122.17026,38.06298,34.1376,"US",NA,NA,"UTC"
"3968537.4295-122.13372","39685","37.4295-122.13372","Whatever",-122.13372,37.4295,7.3152,"US",NA,NA,"UTC"
"3971738.05055-122.15163","39717","38.05055-122.15163","Benicia Unified School District",-122.15163,38.05055,10.668,"US",NA,NA,"UTC"
"3974338.05909-122.14695","39743","38.05909-122.14695","Robert Semple Elementary",-122.14695,38.05909,48.4632,"US",NA,NA,"UTC"
"3976338.06484-122.17566","39763","38.06484-122.17566","Benicia High School",-122.17566,38.06484,22.86,"US",NA,NA,"UTC"
"3999733.99725-118.46561","39997","33.99725-118.46561","Brooks Ave\/7th Ave",-118.46561,33.99725,7.3152,"US",NA,NA,"UTC"
"4002532.68046-115.51657","40025","32.68046-115.51657","E&amp;S_Out",-115.51657,32.68046,1.2192,"US",NA,NA,"UTC"
"4005937.83406-122.2694","40059","37.83406-122.2694","Longfellowia",-122.2694,37.83406,27.432,"US",NA,NA,"UTC"
"4008937.52983-122.3438","40089","37.52983-122.3438","Belaire SW",-122.3438,37.52983,125.2728,"US",NA,NA,"UTC"
"4010137.74529-122.44385","40101","37.74529-122.44385","Cameo Way",-122.44385,37.74529,181.6608,"US",NA,NA,"UTC"
"4012337.38528-122.24256","40123","37.38528-122.24256","Hayfields Rd",-122.24256,37.38528,246.5832,"US",NA,NA,"UTC"
"4012738.38483-122.593","40127","38.38483-122.593","Three Oaks Farm",-122.593,38.38483,247.1928,"US",NA,NA,"UTC"
"4014138.25017-122.63608","40141","38.25017-122.63608","Corona Creek",-122.63608,38.25017,7.9248,"US",NA,NA,"UTC"
"4016938.26402-122.63904","40169","38.26402-122.63904","Meadow",-122.63904,38.26402,17.6784,"US",NA,NA,"UTC"
"4020934.16947-118.97821","40209","34.16947-118.97821","Rabbit House Bocce",-118.97821,34.16947,279.8064,"US",NA,NA,"UTC"
"4023937.42876-122.14743","40239","37.42876-122.14743","Garage eaves",-122.14743,37.42876,12.192,"US",NA,NA,"UTC"
"4030932.77512-117.18385","40309","32.77512-117.18385","USD Athletics",-117.18385,32.77512,53.6448,"US",NA,NA,"UTC"
"4035138.64055-122.87362","40351","38.64055-122.87362","Simi Winery",-122.87362,38.64055,56.388,"US",NA,NA,"UTC"
"4039938.37374-122.89728","40399","38.37374-122.89728","Wagnon Rd",-122.89728,38.37374,139.5984,"US",NA,NA,"UTC"
"4043933.59654-117.59438","40439","33.59654-117.59438","Wagon Wheel Canyon",-117.59438,33.59654,283.1592,"US",NA,NA,"UTC"
"4044934.03619-118.45969","40449","34.03619-118.45969","Backyard",-118.45969,34.03619,52.4256,"US",NA,NA,"UTC"
"4063933.86117-117.96228","40639","33.86117-117.96228","West Fullerton",-117.96228,33.86117,31.3944,"US",NA,NA,"UTC"
"4069537.85318-122.26349","40695","37.85318-122.26349","Whosabird",-122.26349,37.85318,47.244,"US",NA,NA,"UTC"
"4070938.69044-119.79555","40709","38.69044-119.79555","CA Alps Cycling",-119.79555,38.69044,1707.4896,"US",NA,NA,"UTC"
"4072133.86297-118.3418","40721","33.86297-118.3418","TorrAir 5",-118.3418,33.86297,23.4696,"US",NA,NA,"UTC"
"4072337.88941-122.13687","40723","37.88941-122.13687","Temple Isaiah",-122.13687,37.88941,137.4648,"US",NA,NA,"UTC"
"4072533.80286-118.31005","40725","33.80286-118.31005","SE Torrance",-118.31005,33.80286,21.0312,"US",NA,NA,"UTC"
"4073933.82449-118.348","40739","33.82449-118.348","Torr air - 16",-118.348,33.82449,29.8704,"US",NA,NA,"UTC"
"4075737.34747-122.07906","40757","37.34747-122.07906","St Simon Parish School",-122.07906,37.34747,70.7136,"US",NA,NA,"UTC"
"4076937.86477-122.27669","40769","37.86477-122.27669","Channing Way",-122.27669,37.86477,37.7952,"US",NA,NA,"UTC"
"4077133.88965-118.41338","40771","33.88965-118.41338","Mid-19th st",-118.41338,33.88965,24.6888,"US",NA,NA,"UTC"
"4078733.83912-118.32956","40787","33.83912-118.32956","TorrAir M",-118.32956,33.83912,28.956,"US",NA,NA,"UTC"
"4082133.86111-118.33463","40821","33.86111-118.33463","187 House",-118.33463,33.86111,20.4216,"US",NA,NA,"UTC"
"4082733.81846-118.35609","40827","33.81846-118.35609","Seaside",-118.35609,33.81846,23.1648,"US",NA,NA,"UTC"
"4088532.69179-115.47143","40885","32.69179-115.47143","FPK-8",-115.47143,32.69179,6.4008,"US",NA,NA,"UTC"
"4093132.94073-117.21137","40931","32.94073-117.21137","Carmel Valley \/ Del Mar Mesa",-117.21137,32.94073,66.7512,"US",NA,NA,"UTC"
"4098935.95968-119.03951","40989","35.95968-119.03951","Terra Bella Elementary School",-119.03951,35.95968,149.0472,"US",NA,NA,"UTC"
"4139337.29474-121.92653","41393","37.29474-121.92653","Braddock",-121.92653,37.29474,51.5112,"US",NA,NA,"UTC"
"4139937.7404-122.17176","41399","37.7404-122.17176","Stonehurst",-122.17176,37.7404,10.668,"US",NA,NA,"UTC"
"4146137.49459-122.26148","41461","37.49459-122.26148","Eucalyptus Ave (outside)",-122.26148,37.49459,21.336,"US",NA,NA,"UTC"
"4148537.43157-122.11094","41485","37.43157-122.11094","PaloAltoWeather.com",-122.11094,37.43157,1.8288,"US",NA,NA,"UTC"
"4150337.76719-122.16339","41503","37.76719-122.16339","580farm",-122.16339,37.76719,84.1248,"US",NA,NA,"UTC"
"4155338.1231-122.58431","41553","38.1231-122.58431","Simmons Ln",-122.58431,38.1231,29.8704,"US",NA,NA,"UTC"
"4158540.58702-122.24073","41585","40.58702-122.24073","Broderick North",-122.24073,40.58702,162.4584,"US",NA,NA,"UTC"
"4171537.92946-121.28032","41715","37.92946-121.28032","LMC",-121.28032,37.92946,5.1816,"US",NA,NA,"UTC"
"4171937.62062-120.97719","41719","37.62062-120.97719","Bystrom Neighborhood",-120.97719,37.62062,27.1272,"US",NA,NA,"UTC"
"4176937.74542-122.42459","41769","37.74542-122.42459","Dolores and 28th",-122.42459,37.74542,34.4424,"US",NA,NA,"UTC"
"4191537.65855-121.78409","41915","37.65855-121.78409","Livermore Mars",-121.78409,37.65855,145.3896,"US",NA,NA,"UTC"
"4195137.05591-122.07616","41951","37.05591-122.07616","Farmer Street",-122.07616,37.05591,104.5464,"US",NA,NA,"UTC"
"4204133.23373-117.1189","42041","33.23373-117.1189","Hacienda Adobe",-117.1189,33.23373,453.8472,"US",NA,NA,"UTC"
"4212938.23199-120.37378","42129","38.23199-120.37378","Pine Lake",-120.37378,38.23199,1190.5488,"US",NA,NA,"UTC"
"4225537.67873-121.03959","42255","37.67873-121.03959","NW Modesto",-121.03959,37.67873,24.6888,"US",NA,NA,"UTC"
"4231733.13347-117.15422","42317","33.13347-117.15422","CSUSM University Services Building",-117.15422,33.13347,197.8152,"US",NA,NA,"UTC"
"4231937.49157-120.85976","42319","37.49157-120.85976","SW Turlock",-120.85976,37.49157,30.7848,"US",NA,NA,"UTC"
"4232137.47327-121.11998","42321","37.47327-121.11998","Patterson",-121.11998,37.47327,27.1272,"US",NA,NA,"UTC"
"4245337.46867-122.23379","42453","37.46867-122.23379","Sanchez Way",-122.23379,37.46867,13.4112,"US",NA,NA,"UTC"
"4246137.62881-120.89965","42461","37.62881-120.89965","Empire",-120.89965,37.62881,36.8808,"US",NA,NA,"UTC"
"4246737.62051-121.02932","42467","37.62051-121.02932","West Modesto",-121.02932,37.62051,24.6888,"US",NA,NA,"UTC"
"4250535.35628-119.06285","42505","35.35628-119.06285","Bakersfield CARB CCAC",-119.06285,35.35628,119.7864,"US",NA,NA,"UTC"
"4281934.43451-119.71209","42819","34.43451-119.71209","Garden",-119.71209,34.43451,74.3712,"US",NA,NA,"UTC"
"4286137.15168-121.75429","42861","37.15168-121.75429","Casa Loma McKean",-121.75429,37.15168,218.5416,"US",NA,NA,"UTC"
"4290937.37626-122.12563","42909","37.37626-122.12563","13474 Robleda Rd Los Altos Hills Ca",-122.12563,37.37626,82.6008,"US",NA,NA,"UTC"
"4296737.04803-122.16178","42967","37.04803-122.16178","Bonny Doon",-122.16178,37.04803,407.8224,"US",NA,NA,"UTC"
"4301934.0233-118.38075","43019","34.0233-118.38075","The Willows Community School",-118.38075,34.0233,27.7368,"US",NA,NA,"UTC"
"4323938.95089-122.71402","43239","38.95089-122.71402","Front Porch",-122.71402,38.95089,555.3456,"US",NA,NA,"UTC"
"4329137.98951-122.10793","43291","37.98951-122.10793","Chubs",-122.10793,37.98951,82.9056,"US",NA,NA,"UTC"
"4361537.34014-122.05407","43615","37.34014-122.05407","980 Honfleur Ct",-122.05407,37.34014,74.9808,"US",NA,NA,"UTC"
"4378738.06594-122.17982","43787","38.06594-122.17982","Benicia BB",-122.17982,38.06594,25.6032,"US",NA,NA,"UTC"
"4387137.35676-122.15983","43871","37.35676-122.15983","Sherlock Road",-122.15983,37.35676,224.3328,"US",NA,NA,"UTC"
"4388137.43091-122.14062","43881","37.43091-122.14062","208",-122.14062,37.43091,9.144,"US",NA,NA,"UTC"
"4388737.52222-122.32753","43887","37.52222-122.32753","allison",-122.32753,37.52222,117.348,"US",NA,NA,"UTC"
"4395333.9984-118.39771","43953","33.9984-118.39771","SJ",-118.39771,33.9984,12.192,"US",NA,NA,"UTC"
"4404738.48174-122.70525","44047","38.48174-122.70525","Hidden Valley Estates",-122.70525,38.48174,108.204,"US",NA,NA,"UTC"
"4404939.37138-120.24626","44049","39.37138-120.24626","Tahoe Donner",-120.24626,39.37138,2013.8136,"US",NA,NA,"UTC"
"4405537.76628-122.43568","44055","37.76628-122.43568","15th and Castro St.",-122.43568,37.76628,66.1416,"US",NA,NA,"UTC"
"4408937.76942-122.43532","44089","37.76942-122.43532","27 Scott",-122.43532,37.76942,65.532,"US",NA,NA,"UTC"
"4409137.6521-121.87299","44091","37.6521-121.87299","Pleasanton Hills",-121.87299,37.6521,131.3688,"US",NA,NA,"UTC"
"4420133.97085-118.42923","44201","33.97085-118.42923","Playa Vista  Chatelaine",-118.42923,33.97085,4.2672,"US",NA,NA,"UTC"
"4425537.96668-122.24941","44255","37.96668-122.24941","Carriage Hills",-122.24941,37.96668,114.9096,"US",NA,NA,"UTC"
"4428937.88247-122.25867","44289","37.88247-122.25867","BVW",-122.25867,37.88247,188.3664,"US",NA,NA,"UTC"
"4456334.10921-117.63466","44563","34.10921-117.63466","003 FK Parking Lot",-117.63466,34.10921,402.6408,"US",NA,NA,"UTC"
"4457534.11627-117.27392","44575","34.11627-117.27392","OHA_005",-117.27392,34.11627,324.9168,"US",NA,NA,"UTC"
"4457734.10947-117.63598","44577","34.10947-117.63598","005- FK Shelby Forest",-117.63598,34.10947,404.4696,"US",NA,NA,"UTC"
"4458136.27537-119.13577","44581","36.27537-119.13577","The Birds",-119.13577,36.27537,113.6904,"US",NA,NA,"UTC"
"4459736.21809-119.09664","44597","36.21809-119.09664","Ms.Roosevelt",-119.09664,36.21809,113.6904,"US",NA,NA,"UTC"
"4462136.8752-120.12849","44621","36.8752-120.12849","La Vina Elementary School",-120.12849,36.8752,67.6656,"US",NA,NA,"UTC"
"4468937.59909-120.86983","44689","37.59909-120.86983","Hughson",-120.86983,37.59909,38.1,"US",NA,NA,"UTC"
"4469137.60488-120.96175","44691","37.60488-120.96175","North Ceres",-120.96175,37.60488,29.2608,"US",NA,NA,"UTC"
"4469537.73726-120.94398","44695","37.73726-120.94398","Riverbank",-120.94398,37.73726,44.196,"US",NA,NA,"UTC"
"4573938.62931-122.86675","45739","38.62931-122.86675","Healdsburg",-122.86675,38.62931,55.1688,"US",NA,NA,"UTC"
"4589532.63749-115.3782","45895","32.63749-115.3782","Chichenitza",-115.3782,32.63749,11.2776,"US",NA,NA,"UTC"
"4590538.06845-122.20007","45905","38.06845-122.20007","Windsurfer Vallejo",-122.20007,38.06845,51.2064,"US",NA,NA,"UTC"
"4612737.78986-122.19402","46127","37.78986-122.19402","Maybelle-Masterson-Outdoor",-122.19402,37.78986,57.6072,"US",NA,NA,"UTC"
"4620338.877-121.27364","46203","38.877-121.27364","Snappy2",-121.27364,38.877,53.0352,"US",NA,NA,"UTC"
"4621937.6435-122.09951","46219","37.6435-122.09951","Hayward-Southgate",-122.09951,37.6435,16.4592,"US",NA,NA,"UTC"
"4626137.43154-122.11099","46261","37.43154-122.11099","PaloAltoWeather.com (2nd alternate)",-122.11099,37.43154,1.8288,"US",NA,NA,"UTC"
"4633137.77779-122.19869","46331","37.77779-122.19869","Best Ave Outside",-122.19869,37.77779,56.0832,"US",NA,NA,"UTC"
"4633337.41313-122.10088","46333","37.41313-122.10088","Monta Loma",-122.10088,37.41313,6.4008,"US",NA,NA,"UTC"
"4646333.11462-117.26066","46463","33.11462-117.26066","Carlsbad",-117.26066,33.11462,35.9664,"US",NA,NA,"UTC"
"4646537.10434-122.05067","46465","37.10434-122.05067","Lompico Park",-122.05067,37.10434,195.072,"US",NA,NA,"UTC"
"4648537.99578-122.48266","46485","37.99578-122.48266","Glenwood-Top",-122.48266,37.99578,92.964,"US",NA,NA,"UTC"
"4657136.73728-119.70873","46571","36.73728-119.70873","Purp-kie",-119.70873,36.73728,96.9264,"US",NA,NA,"UTC"
"4663531.86539-116.66232","46635","31.86539-116.66232","hotel coral y marina",-116.66232,31.86539,16.4592,"US",NA,NA,"UTC"
"4663937.41208-122.13731","46639","37.41208-122.13731","Barron Avenue",-122.13731,37.41208,17.3736,"US",NA,NA,"UTC"
"4693734.12422-117.74908","46937","34.12422-117.74908","Canyon weather",-117.74908,34.12422,488.2896,"US",NA,NA,"UTC"
"4694134.20847-118.20167","46941","34.20847-118.20167","La Canada- Fairview Drive",-118.20167,34.20847,426.1104,"US",NA,NA,"UTC"
"4694333.81293-118.37656","46943","33.81293-118.37656","Calle Cabrillo",-118.37656,33.81293,53.34,"US",NA,NA,"UTC"
"4715937.44228-122.1352","47159","37.44228-122.1352","Violet01",-122.1352,37.44228,5.1816,"US",NA,NA,"UTC"
"4730738.0805-122.226","47307","38.0805-122.226","La Jolla Street",-122.226,38.0805,77.4192,"US",NA,NA,"UTC"
"4741135.30286-120.84933","47411","35.30286-120.84933","SCNP_16 (LOS OSOS II)",-120.84933,35.30286,132.8928,"US",NA,NA,"UTC"
"4767339.67489-120.24149","47673","39.67489-120.24149","Loyalton-1",-120.24149,39.67489,1509.9792,"US",NA,NA,"UTC"
"4804538.0344-120.38633","48045","38.0344-120.38633","STEM Club Columbia College",-120.38633,38.0344,722.0712,"US",NA,NA,"UTC"
"4815137.94667-122.08264","48151","37.94667-122.08264","Creative Play Center",-122.08264,37.94667,30.7848,"US",NA,NA,"UTC"
"4833933.94459-116.83035","48339","33.94459-116.83035","Air Monitroing Station",-116.83035,33.94459,695.8584,"US",NA,NA,"UTC"
"4839334.44806-119.2313","48393","34.44806-119.2313","VCAPCD OJ",-119.2313,34.44806,230.7336,"US",NA,NA,"UTC"
"4839734.14664-118.37487","48397","34.14664-118.37487","Tujunga Village",-118.37487,34.14664,179.2224,"US",NA,NA,"UTC"
"4870137.79834-122.258","48701","37.79834-122.258","OAK-JC",-122.258,37.79834,5.4864,"US",NA,NA,"UTC"
"4898539.13316-123.50448","48985","39.13316-123.50448","Holmes Ranch Rd",-123.50448,39.13316,192.024,"US",NA,NA,"UTC"
"4923733.36813-117.20588","49237","33.36813-117.20588","Fallbrook Live Oak Park",-117.20588,33.36813,184.404,"US",NA,NA,"UTC"
"4923934.13042-118.08408","49239","34.13042-118.08408","PingoAir",-118.08408,34.13042,184.404,"US",NA,NA,"UTC"
"4924934.02253-117.13088","49249","34.02253-117.13088","Esri-Chief-Sci-Batcave",-117.13088,34.02253,655.0152,"US",NA,NA,"UTC"
"4932734.10435-118.27145","49327","34.10435-118.27145","MVT Outside",-118.27145,34.10435,135.9408,"US",NA,NA,"UTC"
"4937737.85522-122.25394","49377","37.85522-122.25394","South Berkeley",-122.25394,37.85522,69.1896,"US",NA,NA,"UTC"
"4992534.21448-118.99937","49925","34.21448-118.99937","Ventura County Office of Education",-118.99937,34.21448,35.9664,"US",NA,NA,"UTC"
"4994334.2171-119.21421","49943","34.2171-119.21421","OHS_Gym",-119.21421,34.2171,14.9352,"US",NA,NA,"UTC"
"4997134.37639-118.99994","49971","34.37639-118.99994","Little Red School House",-118.99994,34.37639,123.444,"US",NA,NA,"UTC"
"4997534.2617-119.09457","49975","34.2617-119.09457","Mesa Union School",-119.09457,34.2617,71.628,"US",NA,NA,"UTC"
"4998534.17005-119.1935","49985","34.17005-119.1935","Sunkist Elementary School",-119.1935,34.17005,8.8392,"US",NA,NA,"UTC"
"5009334.28029-119.18941","50093","34.28029-119.18941","Juanamaria Elementary School",-119.18941,34.28029,93.5736,"US",NA,NA,"UTC"
"5020734.27789-119.26826","50207","34.27789-119.26826","Ventura High School",-119.26826,34.27789,34.1376,"US",NA,NA,"UTC"
"5023334.1611-118.8161","50233","34.1611-118.8161","Westlake High School",-118.8161,34.1611,307.2384,"US",NA,NA,"UTC"
"5037137.37137-121.87846","50371","37.37137-121.87846","Berryessa \/ North San Jose",-121.87846,37.37137,25.2984,"US",NA,NA,"UTC"
"5037737.83268-122.27093","50377","37.83268-122.27093","43rd Outside",-122.27093,37.83268,23.7744,"US",NA,NA,"UTC"
"5043138.01452-122.69134","50431","38.01452-122.69134","Morelos Ave",-122.69134,38.01452,72.2376,"US",NA,NA,"UTC"
"5043734.32526-119.29333","50437","34.32526-119.29333","Crooked Palm Transportation Department",-119.29333,34.32526,47.244,"US",NA,NA,"UTC"
"5043934.30069-118.84436","50439","34.30069-118.84436","Campus Canyon College Preparatory Academy",-118.84436,34.30069,206.0448,"US",NA,NA,"UTC"
"5045738.48051-122.72253","50457","38.48051-122.72253","Unocal Place",-122.72253,38.48051,101.1936,"US",NA,NA,"UTC"
"5058338.51112-122.79067","50583","38.51112-122.79067","Brickway Blvd",-122.79067,38.51112,37.4904,"US",NA,NA,"UTC"
"5079138.08549-122.23593","50791","38.08549-122.23593","Emmanuel Temple  6th St. Vallejo",-122.23593,38.08549,6.4008,"US",NA,NA,"UTC"
"5080138.12264-122.24699","50801","38.12264-122.24699","Hermosa St  Vallejo",-122.24699,38.12264,13.1064,"US",NA,NA,"UTC"
"5082538.09771-122.2754","50825","38.09771-122.2754","Oscar St. Vallejo",-122.2754,38.09771,10.3632,"US",NA,NA,"UTC"
"5091738.11288-122.23408","50917","38.11288-122.23408","Nebraska st. Vallejo",-122.23408,38.11288,20.7264,"US",NA,NA,"UTC"
"5091938.09699-122.23946","50919","38.09699-122.23946","Benicia Road Vallejo",-122.23946,38.09699,12.4968,"US",NA,NA,"UTC"
"5093337.88773-122.30496","50933","37.88773-122.30496","BuchananSt",-122.30496,37.88773,11.5824,"US",NA,NA,"UTC"
"5109539.00816-121.42451","51095","39.00816-121.42451","CARB_SMOKE_FRAQMD_(Main Street Wheatland)",-121.42451,39.00816,27.432,"US",NA,NA,"UTC"
"5111134.21933-118.83298","51111","34.21933-118.83298","Lang Ranch Elementary",-118.83298,34.21933,334.6704,"US",NA,NA,"UTC"
"5112934.18234-118.85107","51129","34.18234-118.85107","Colina Middle School",-118.85107,34.18234,252.6792,"US",NA,NA,"UTC"
"5113334.14333-118.85076","51133","34.14333-118.85076","Westlake Elementary",-118.85076,34.14333,279.5016,"US",NA,NA,"UTC"
"5113534.15799-118.95342","51135","34.15799-118.95342","Banyan Elementary School",-118.95342,34.15799,236.22,"US",NA,NA,"UTC"
"5115938.69479-121.75748","51159","38.69479-121.75748","Yolo county Office of Education",-121.75748,38.69479,15.24,"US",NA,NA,"UTC"
"5116939.1444-121.67848","51169","39.1444-121.67848","Terra Buena",-121.67848,39.1444,17.3736,"US",NA,NA,"UTC"
"5117539.29094-121.34139","51175","39.29094-121.34139","CARB_SMOKE_FRAQMD_RedHill",-121.34139,39.29094,295.0464,"US",NA,NA,"UTC"
"5118734.40298-118.91869","51187","34.40298-118.91869","Fillmore High School Stadium",-118.91869,34.40298,145.6944,"US",NA,NA,"UTC"
"5118939.38618-121.1633","51189","39.38618-121.1633","CARB_SMOKE_FRAQMD_Norcal_Adventure_Area_Golden_Empire_Council_BSA",-121.1633,39.38618,805.5864,"US",NA,NA,"UTC"
"5119134.41588-118.79958","51191","34.41588-118.79958","Piru Elementary School",-118.79958,34.41588,232.2576,"US",NA,NA,"UTC"
"5119337.53998-119.65821","51193","37.53998-119.65821","YOSE @ Wawona",-119.65821,37.53998,1214.0184,"US",NA,NA,"UTC"
"5119534.21615-118.8937","51195","34.21615-118.8937","Wildwood Elementary School",-118.8937,34.21615,204.5208,"US",NA,NA,"UTC"
"5120139.01165-121.43682","51201","39.01165-121.43682","CARB_SMOKE_FRAQMD_MCDEVITT",-121.43682,39.01165,21.9456,"US",NA,NA,"UTC"
"5121134.18459-118.95207","51211","34.18459-118.95207","Newbury Park High School",-118.95207,34.18459,203.6064,"US",NA,NA,"UTC"
"5121534.19919-118.85304","51215","34.19919-118.85304","Conejo Valley Unified School District",-118.85304,34.19919,259.08,"US",NA,NA,"UTC"
"5122334.17182-118.76476","51223","34.17182-118.76476","Oak Park USD - Support Center",-118.76476,34.17182,385.572,"US",NA,NA,"UTC"
"5129937.74475-122.4136","51299","37.74475-122.4136","3318 Folsom St.",-122.4136,37.74475,56.9976,"US",NA,NA,"UTC"
"5130137.77492-122.42718","51301","37.77492-122.42718","Hickory Air",-122.42718,37.77492,35.9664,"US",NA,NA,"UTC"
"5132333.99432-118.47991","51323","33.99432-118.47991","Venice Beach",-118.47991,33.99432,5.1816,"US",NA,NA,"UTC"
"5137133.64611-117.95861","51371","33.64611-117.95861","Schmuir's Outdoor",-117.95861,33.64611,1.8288,"US",NA,NA,"UTC"
"5137538.26475-120.34178","51375","38.26475-120.34178","CARB_SMOKE_PCAPCD_HAZELFISCHER",-120.34178,38.26475,1192.0728,"US",NA,NA,"UTC"
"5139534.26379-118.66931","51395","34.26379-118.66931","Knolls Elementary School  Simi Valley  CA",-118.66931,34.26379,320.9544,"US",NA,NA,"UTC"
"5145534.29563-118.71204","51455","34.29563-118.71204","Valley View Middle School  Simi Valley  CA",-118.71204,34.29563,329.4888,"US",NA,NA,"UTC"
"5150335.13511-120.61649","51503","35.13511-120.61649","CARB_Dr.Fuhs",-120.61649,35.13511,25.908,"US",NA,NA,"UTC"
"5150941.52737-120.17192","51509","41.52737-120.17192","Cedarville-1",-120.17192,41.52737,1415.796,"US",NA,NA,"UTC"
"5151332.85612-117.257","51513","32.85612-117.257","La Jolla Shores 2",-117.257,32.85612,3.6576,"US",NA,NA,"UTC"
"5151534.23201-118.99979","51515","34.23201-118.99979","Tierra Linda Elementary School",-118.99979,34.23201,79.5528,"US",NA,NA,"UTC"
"5154134.27474-118.66935","51541","34.27474-118.66935","White Oak Elementary School",-118.66935,34.27474,318.8208,"US",NA,NA,"UTC"
"5154737.46436-119.72829","51547","37.46436-119.72829","CARB_MPSA_BASIN_AC",-119.72829,37.46436,978.1032,"US",NA,NA,"UTC"
"5155134.26419-118.77393","51551","34.26419-118.77393","Royal High School  Simi Valley  CA",-118.77393,34.26419,242.316,"US",NA,NA,"UTC"
"5155538.07915-120.55189","51555","38.07915-120.55189","CARB_SMOKE_CCAPCD_BRETHARTE2",-120.55189,38.07915,470.0016,"US",NA,NA,"UTC"
"5155935.04683-120.58768","51559","35.04683-120.58768","SLOAPCD_CDF",-120.58768,35.04683,37.4904,"US",NA,NA,"UTC"
"5156534.25633-118.75462","51565","34.25633-118.75462","Hillside Middle School  Simi Valley  CA",-118.75462,34.25633,261.5184,"US",NA,NA,"UTC"
"5156938.07551-120.55214","51569","38.07551-120.55214","CARB_SMOKE_CCAPCD_MTWAIN",-120.55214,38.07551,482.8032,"US",NA,NA,"UTC"
"5157134.21231-119.02193","51571","34.21231-119.02193","Rancho Rosal Elementary School",-119.02193,34.21231,40.8432,"US",NA,NA,"UTC"
"5157534.27373-118.79522","51575","34.27373-118.79522","Arroyo Elementary School  Simi Valley  CA",-118.79522,34.27373,220.3704,"US",NA,NA,"UTC"
"5157734.24206-119.04661","51577","34.24206-119.04661","Camarillo Heights STEM Academy",-119.04661,34.24206,82.9056,"US",NA,NA,"UTC"
"5158534.3461-119.07777","51585","34.3461-119.07777","SPUSD District Office",-119.07777,34.3461,74.676,"US",NA,NA,"UTC"
"5158737.26441-121.87846","51587","37.26441-121.87846","Briarglen",-121.87846,37.26441,53.34,"US",NA,NA,"UTC"
"5158939.01229-121.55528","51589","39.01229-121.55528","CARB_SMOKE_FRAQMD_PLUMAS_LAKE",-121.55528,39.01229,13.4112,"US",NA,NA,"UTC"
"5167934.24371-118.87972","51679","34.24371-118.87972","Santa Rosa Technology Magnet School",-118.87972,34.24371,142.6464,"US",NA,NA,"UTC"
"5168134.2174-118.85791","51681","34.2174-118.85791","Ladera Elementary School",-118.85791,34.2174,266.7,"US",NA,NA,"UTC"
"5168334.26987-118.73808","51683","34.26987-118.73808","Apollo High School  Simi Valley  CA",-118.73808,34.26987,278.892,"US",NA,NA,"UTC"
"5169334.40815-118.92564","51693","34.40815-118.92564","Mountain Vista Elementary School",-118.92564,34.40815,136.5504,"US",NA,NA,"UTC"
"5176939.09053-120.94769","51769","39.09053-120.94769","Colfax CAL FIRE Station",-120.94769,39.09053,717.1944,"US",NA,NA,"UTC"
"5189336.05144-117.94538","51893","36.05144-117.94538","CARB_S_GBUAPCD_CosoJunction",-117.94538,36.05144,1029.9192,"US",NA,NA,"UTC"
"5191141.8864-121.3721","51911","41.8864-121.3721","Newell",-121.3721,41.8864,1232.0016,"US",NA,NA,"UTC"
"5195734.28453-119.15951","51957","34.28453-119.15951","ATLAS Elementary School",-119.15951,34.28453,63.7032,"US",NA,NA,"UTC"
"5197734.26547-118.78674","51977","34.26547-118.78674","Sinaloa Middle School  Simi Valley  CA",-118.78674,34.26547,233.172,"US",NA,NA,"UTC"
"5198141.84658-123.97638","51981","41.84658-123.97638","NC#137_Gasquet_VFD",-123.97638,41.84658,108.5088,"US",NA,NA,"UTC"
"5198338.18914-120.69137","51983","38.18914-120.69137","CARB_SMOKE_CCAPCD_MOCRA",-120.69137,38.18914,325.8312,"US",NA,NA,"UTC"
"5198738.45301-120.67079","51987","38.45301-120.67079","CARB_SHAKE_RIDGE1",-120.67079,38.45301,715.6704,"US",NA,NA,"UTC"
"5198934.27992-118.71339","51989","34.27992-118.71339","Santa Susana Elementary School  Simi Valley  CA",-118.71339,34.27992,300.5328,"US",NA,NA,"UTC"
"5199935.56626-121.10648","51999","35.56626-121.10648","Park Hill Cambria",-121.10648,35.56626,16.1544,"US",NA,NA,"UTC"
"5202934.25533-119.207","52029","34.25533-119.207","Montalvo Elementary School",-119.207,34.25533,39.3192,"US",NA,NA,"UTC"
"5204538.08814-120.47451","52045","38.08814-120.47451","CARB_SMOKE_CCAPCD_VALLECITO",-120.47451,38.08814,540.1056,"US",NA,NA,"UTC"
"5205335.29659-120.68457","52053","35.29659-120.68457","CARB_Jaycee",-120.68457,35.29659,93.8784,"US",NA,NA,"UTC"
"5205738.13377-120.45514","52057","38.13377-120.45514","CARB_SMOKE_CCAPCD_MICHELSON",-120.45514,38.13377,674.2176,"US",NA,NA,"UTC"
"5206335.36633-120.84259","52063","35.36633-120.84259","CARB_MorroBay2",-120.84259,35.36633,44.8056,"US",NA,NA,"UTC"
"5207335.19144-120.56778","52073","35.19144-120.56778","Tiffany",-120.56778,35.19144,89.0016,"US",NA,NA,"UTC"
"5208134.04196-117.01609","52081","34.04196-117.01609","Yucaipa - Panorama Dr.",-117.01609,34.04196,950.3664,"US",NA,NA,"UTC"
"5212533.97364-117.34019","52125","33.97364-117.34019","CARB_Riverside_HQ1",-117.34019,33.97364,304.1904,"US",NA,NA,"UTC"
"5213133.97362-117.34026","52131","33.97362-117.34026","CARB_Riverside_HQ3",-117.34026,33.97362,303.8856,"US",NA,NA,"UTC"
"5214341.72673-122.63403","52143","41.72673-122.63403","CARB_SMOKE_SCAPCD_YREKA",-122.63403,41.72673,797.052,"US",NA,NA,"UTC"
"5217938.29879-120.70312","52179","38.29879-120.70312","CARB_SMOKE_CCAPCD_MOKE_HILL",-120.70312,38.29879,468.7824,"US",NA,NA,"UTC"
"5220538.352-120.9443","52205","38.352-120.9443","AAD_Ione_Elementary",-120.9443,38.352,94.488,"US",NA,NA,"UTC"
"5222537.98129-120.64132","52225","37.98129-120.64132","CARB_SMOKE_CCAPCD_COPPER",-120.64132,37.98129,307.5432,"US",NA,NA,"UTC"
"5224941.46205-122.89919","52249","41.46205-122.89919","carb_smoke_scapcd_etna  hs3",-122.89919,41.46205,901.5984,"US",NA,NA,"UTC"
"5226938.41296-120.6571","52269","38.41296-120.6571","CARB_PINE_GROVE_VET1",-120.6571,38.41296,765.6576,"US",NA,NA,"UTC"
"5227338.53073-121.98232","52273","38.53073-121.98232","North Winters YS",-121.98232,38.53073,45.1104,"US",NA,NA,"UTC"
"5227733.92477-117.95257","52277","33.92477-117.95257","LAHABRA_AMS_01",-117.95257,33.92477,82.6008,"US",NA,NA,"UTC"
"5228338.08094-120.55527","52283","38.08094-120.55527","CARB_SMOKE_CCAPCD_CCOE",-120.55527,38.08094,472.1352,"US",NA,NA,"UTC"
"5230538.54254-121.72836","52305","38.54254-121.72836","South Davis YS",-121.72836,38.54254,12.8016,"US",NA,NA,"UTC"
"5233139.74128-121.48776","52331","39.74128-121.48776","CARB_SMOKE_BCAQMD_JARBO_GAP",-121.48776,39.74128,587.0448,"US",NA,NA,"UTC"
"5235538.7985-121.72042","52355","38.7985-121.72042","Sci Tech YS",-121.72042,38.7985,12.8016,"US",NA,NA,"UTC"
"5235738.38608-121.77464","52357","38.38608-121.77464","Dixon Migrant Center YS",-121.77464,38.38608,8.8392,"US",NA,NA,"UTC"
"5235939.64701-121.647","52359","39.64701-121.647","CARB_SMOKE_BCAQMD_BUTTECOLLEGE2",-121.647,39.64701,88.0872,"US",NA,NA,"UTC"
"5237738.23215-120.65547","52377","38.23215-120.65547","CARB_SMOKE_CCAPCD_OAKENDELL",-120.65547,38.23215,429.4632,"US",NA,NA,"UTC"
"5237940.55134-123.18961","52379","40.55134-123.18961","NC#125_Hayfork_WRTC",-123.18961,40.55134,706.8312,"US",NA,NA,"UTC"
"5239138.37019-121.97838","52391","38.37019-121.97838","Markham YS",-121.97838,38.37019,42.672,"US",NA,NA,"UTC"
"5241739.70475-121.79231","52417","39.70475-121.79231","CARB_SMOKE_BCAQMD_SOUTHCHICO",-121.79231,39.70475,67.3608,"US",NA,NA,"UTC"
"5245740.32247-124.28624","52457","40.32247-124.28624","NC#126_Petrolia_Mattole VCC",-124.28624,40.32247,40.8432,"US",NA,NA,"UTC"
"5248940.88256-123.99205","52489","40.88256-123.99205","NC#129_Blue Lake_City Hall",-123.99205,40.88256,28.0416,"US",NA,NA,"UTC"
"5249740.80912-123.47965","52497","40.80912-123.47965","NC#131_Burnt Ranch",-123.47965,40.80912,470.916,"US",NA,NA,"UTC"
"5250740.73358-123.05959","52507","40.73358-123.05959","NC#139_Junction City_JCESD",-123.05959,40.73358,460.5528,"US",NA,NA,"UTC"
"5253341.72989-123.97575","52533","41.72989-123.97575","NC#143_Crescent City_Rock Creek Ranch",-123.97575,41.72989,125.8824,"US",NA,NA,"UTC"
"5256738.35123-120.77218","52567","38.35123-120.77218","Jackson Elementary",-120.77218,38.35123,386.7912,"US",NA,NA,"UTC"
"5259140.25876-122.20825","52591","40.25876-122.20825","CARB_SMOKE_TCAPCD_BENDELEMENTARY",-122.20825,40.25876,106.0704,"US",NA,NA,"UTC"
"5260135.75891-120.69276","52601","35.75891-120.69276","CARB_San Miguel",-120.69276,35.75891,185.6232,"US",NA,NA,"UTC"
"5261338.30329-120.89706","52613","38.30329-120.89706","Lake amador",-120.89706,38.30329,98.1456,"US",NA,NA,"UTC"
"5262538.30687-120.91001","52625","38.30687-120.91001","BUENA VISTA LANDFILL",-120.91001,38.30687,127.1016,"US",NA,NA,"UTC"
"5262938.27004-120.9911","52629","38.27004-120.9911","Camanche Village",-120.9911,38.27004,92.6592,"US",NA,NA,"UTC"
"5268335.1107-120.59657","52683","35.1107-120.59657","CARB_AG_Farroll",-120.59657,35.1107,27.432,"US",NA,NA,"UTC"
"5269532.73496-117.12317","52695","32.73496-117.12317","North Park",-117.12317,32.73496,93.5736,"US",NA,NA,"UTC"
"5270337.91724-122.07224","52703","37.91724-122.07224","Larkey Park Neighborhood",-122.07224,37.91724,42.3672,"US",NA,NA,"UTC"
"5270533.9581-117.21782","52705","33.9581-117.21782","CCA Fran Lou and Kitching",-117.21782,33.9581,621.1824,"US",NA,NA,"UTC"
"5270735.23645-120.59356","52707","35.23645-120.59356","CARB_RighettiRd",-120.59356,35.23645,125.5776,"US",NA,NA,"UTC"
"5272339.28482-121.05682","52723","39.28482-121.05682","Cement Hill",-121.05682,39.28482,891.2352,"US",NA,NA,"UTC"
"5273537.26128-121.87854","52735","37.26128-121.87854","Cedar Gables",-121.87854,37.26128,54.2544,"US",NA,NA,"UTC"
"5274139.74957-121.83099","52741","39.74957-121.83099","CARB_SMOKE_BCAQMD_NEALDOW",-121.83099,39.74957,68.2752,"US",NA,NA,"UTC"
"5274338.35883-119.51207","52743","38.35883-119.51207","CARB_S_GBUAPCD_MWTCPickelMeadows",-119.51207,38.35883,2071.4208,"US",NA,NA,"UTC"
"5274938.49469-120.69204","52749","38.49469-120.69204","AAD_HUMMINGBIRD1",-120.69204,38.49469,765.9624,"US",NA,NA,"UTC"
"5275138.44311-120.63087","52751","38.44311-120.63087","AAD_UNION_PUB",-120.63087,38.44311,626.6688,"US",NA,NA,"UTC"
"5276540.35818-122.33304","52765","40.35818-122.33304","CARB_SMOKE_TCAPCD_EVERGREENSCHOOLDISTRICT",-122.33304,40.35818,137.4648,"US",NA,NA,"UTC"
"5280139.429-122.184","52801","39.429-122.184","Sacramento National Wildlife Refuge",-122.184,39.429,29.5656,"US",NA,NA,"UTC"
"5284134.4211-119.72398","52841","34.4211-119.72398","Gillespie And Mission in Santa Barbara",-119.72398,34.4211,31.6992,"US",NA,NA,"UTC"
"5284336.50882-116.84757","52843","36.50882-116.84757","CARB_S_GBUAPCD_DV1",-116.84757,36.50882,128.3208,"US",NA,NA,"UTC"
"5285337.50351-121.93577","52853","37.50351-121.93577","Westbourne Park",-121.93577,37.50351,19.5072,"US",NA,NA,"UTC"
"5291737.94431-122.09116","52917","37.94431-122.09116","Bracken",-122.09116,37.94431,61.8744,"US",NA,NA,"UTC"
"5292537.80096-122.44759","52925","37.80096-122.44759","Home",-122.44759,37.80096,5.4864,"US",NA,NA,"UTC"
"5292737.39484-122.25085","52927","37.39484-122.25085","Lower Grandview",-122.25085,37.39484,206.6544,"US",NA,NA,"UTC"
"5293137.23409-121.86431","52931","37.23409-121.86431","Almaden Hills Estates",-121.86431,37.23409,75.2856,"US",NA,NA,"UTC"
"5296134.03949-117.22263","52961","34.03949-117.22263","The Lab",-117.22263,34.03949,381.9144,"US",NA,NA,"UTC"
"5298138.57516-121.28614","52981","38.57516-121.28614","Stone Creek West",-121.28614,38.57516,28.3464,"US",NA,NA,"UTC"
"5299537.81672-122.26434","52995","37.81672-122.26434","Temple Sinai",-122.26434,37.81672,13.716,"US",NA,NA,"UTC"
"5302137.44573-122.17947","53021","37.44573-122.17947","menloair",-122.17947,37.44573,21.9456,"US",NA,NA,"UTC"
"5307338.67922-121.06982","53073","38.67922-121.06982","CARB_Smoke_EDCAQMD Silva Valley PKWY",-121.06982,38.67922,245.6688,"US",NA,NA,"UTC"
"5310738.77196-120.89095","53107","38.77196-120.89095","Gold Trail School",-120.89095,38.77196,462.6864,"US",NA,NA,"UTC"
"5311538.68892-120.80774","53115","38.68892-120.80774","CARB smoke EDCAQMD Crestview",-120.80774,38.68892,577.9008,"US",NA,NA,"UTC"
"5311936.57126-118.09785","53119","36.57126-118.09785","CARB_S_GBUAPCD_AlabamaHills",-118.09785,36.57126,1400.2512,"US",NA,NA,"UTC"
"5312138.65924-121.0788","53121","38.65924-121.0788","CARB Smoke EDCAQMD Park Dr.",-121.0788,38.65924,218.2368,"US",NA,NA,"UTC"
"5313537.84578-122.22169","53135","37.84578-122.22169","bolognese",-122.22169,37.84578,227.3808,"US",NA,NA,"UTC"
"5313937.54066-122.51418","53139","37.54066-122.51418","Montara home",-122.51418,37.54066,55.7784,"US",NA,NA,"UTC"
"5316339.5153-121.26914","53163","39.5153-121.26914","CARB_SMOKE_FRAQMD_FORBESTOWN",-121.26914,39.5153,838.2,"US",NA,NA,"UTC"
"5316739.27943-121.66103","53167","39.27943-121.66103","CARB_SMOKE_FRAQMD_Live_Oak",-121.66103,39.27943,24.6888,"US",NA,NA,"UTC"
"5318932.67896-115.48286","53189","32.67896-115.48286","CARB_bc:dd:c2:71:24:19",-115.48286,32.67896,2.7432,"US",NA,NA,"UTC"
"5319938.76161-120.70935","53199","38.76161-120.70935","CARB Smoke EDCAQMD Slab Creek",-120.70935,38.76161,776.6304,"US",NA,NA,"UTC"
"5320138.72865-120.79479","53201","38.72865-120.79479","CARB Smoke EDCAQMD EDC Federated Church",-120.79479,38.72865,592.836,"US",NA,NA,"UTC"
"5321737.48269-122.25265","53217","37.48269-122.25265","Edgewood Park",-122.25265,37.48269,18.288,"US",NA,NA,"UTC"
"5321937.78984-122.14838","53219","37.78984-122.14838","WA6TYQ Tower",-122.14838,37.78984,361.4928,"US",NA,NA,"UTC"
"5322737.18239-118.30609","53227","37.18239-118.30609","CARB_S_GBUAPCD_NW_BigPine",-118.30609,37.18239,1213.7136,"US",NA,NA,"UTC"
"5322938.30573-122.26393","53229","38.30573-122.26393","Alta Heights",-122.26393,38.30573,114.3,"US",NA,NA,"UTC"
"5324538.72895-120.82781","53245","38.72895-120.82781","CARB Smoke EDCAQMD Placerville Library Outdoor",-120.82781,38.72895,580.644,"US",NA,NA,"UTC"
"5325337.89187-122.54569","53253","37.89187-122.54569","Ferndale",-122.54569,37.89187,71.9328,"US",NA,NA,"UTC"
"5331538.46902-122.6358","53315","38.46902-122.6358","Skyhawk",-122.6358,38.46902,133.8072,"US",NA,NA,"UTC"
"5334939.27063-120.98484","53349","39.27063-120.98484","Nevada City",-120.98484,39.27063,841.8576,"US",NA,NA,"UTC"
"5337337.52461-122.51128","53373","37.52461-122.51128","Moss Beach",-122.51128,37.52461,20.4216,"US",NA,NA,"UTC"
"5344738.00319-122.55959","53447","38.00319-122.55959","Terra Linda",-122.55959,38.00319,40.5384,"US",NA,NA,"UTC"
"5344938.12553-122.19746","53449","38.12553-122.19746","Sawgrass",-122.19746,38.12553,106.0704,"US",NA,NA,"UTC"
"5345537.28256-121.88561","53455","37.28256-121.88561","South Willow Glen (tl)",-121.88561,37.28256,44.8056,"US",NA,NA,"UTC"
"5345937.20564-122.01327","53459","37.20564-122.01327","Upper Montevina",-122.01327,37.20564,549.2496,"US",NA,NA,"UTC"
"5346137.68339-122.40614","53461","37.68339-122.40614","100 Block of Sierra Point Rd  Brisbane CA",-122.40614,37.68339,55.4736,"US",NA,NA,"UTC"
"5346337.84777-122.25594","53463","37.84777-122.25594","61st St. Oakland  300 block @ Colby",-122.25594,37.84777,53.0352,"US",NA,NA,"UTC"
"5348537.50729-122.27362","53485","37.50729-122.27362","Northam Ave",-122.27362,37.50729,105.156,"US",NA,NA,"UTC"
"5349137.86159-122.22881","53491","37.86159-122.22881","Master Deck",-122.22881,37.86159,325.2216,"US",NA,NA,"UTC"
"5350336.58021-121.86322","53503","36.58021-121.86322","Elk Run",-121.86322,36.58021,66.4464,"US",NA,NA,"UTC"
"5350938.03249-122.57978","53509","38.03249-122.57978","Mt. Whitney Drive  Lucas Valley",-122.57978,38.03249,54.5592,"US",NA,NA,"UTC"
"5351737.89947-122.06673","53517","37.89947-122.06673","AlmondShuey",-122.06673,37.89947,48.768,"US",NA,NA,"UTC"
"5355138.71666-121.26407","53551","38.71666-121.26407","Charlotte",-121.26407,38.71666,52.1208,"US",NA,NA,"UTC"
"5362139.23827-119.93516","53621","39.23827-119.93516","Tahoe AQI",-119.93516,39.23827,1920.8496,"US",NA,NA,"UTC"
"5366537.33702-121.93181","53665","37.33702-121.93181","Katherine Court",-121.93181,37.33702,27.7368,"US",NA,NA,"UTC"
"5370538.36618-122.52253","53705","38.36618-122.52253","Glen Ellen",-122.52253,38.36618,92.0496,"US",NA,NA,"UTC"
"5372738.58049-121.43024","53727","38.58049-121.43024","River Park  State &amp; Sandburg",-121.43024,38.58049,10.3632,"US",NA,NA,"UTC"
"5373334.04678-118.37024","53733","34.04678-118.37024","Hi Point st  Los Angeles  CA 90035",-118.37024,34.04678,36.576,"US",NA,NA,"UTC"
"5382534.13692-118.12625","53825","34.13692-118.12625","Caltech Hall",-118.12625,34.13692,232.5624,"US",NA,NA,"UTC"
"5387736.99086-121.93677","53877","36.99086-121.93677","PA-2 Colleen",-121.93677,36.99086,52.1208,"US",NA,NA,"UTC"
"5389334.06079-117.39481","53893","34.06079-117.39481","CCA Steerhead and Warngler",-117.39481,34.06079,322.7832,"US",NA,NA,"UTC"
"5391537.97706-122.57589","53915","37.97706-122.57589","Outdoor PM2.5 sensor",-122.57589,37.97706,50.9016,"US",NA,NA,"UTC"
"5395734.14239-118.11646","53957","34.14239-118.11646","Science Village",-118.11646,34.14239,228.9048,"US",NA,NA,"UTC"
"5396337.84722-122.23488","53963","37.84722-122.23488","Contra Costa Pl",-122.23488,37.84722,168.5544,"US",NA,NA,"UTC"
"5397337.55803-122.31892","53973","37.55803-122.31892","10th Ave\/Palm",-122.31892,37.55803,9.144,"US",NA,NA,"UTC"
"5410537.50703-122.26746","54105","37.50703-122.26746","Glenwood Street",-122.26746,37.50703,36.576,"US",NA,NA,"UTC"
"5411937.26492-121.97022","54119","37.26492-121.97022","Hack Avenue  Campbell",-121.97022,37.26492,77.724,"US",NA,NA,"UTC"
"5412937.79374-122.45456","54129","37.79374-122.45456","Presidio above El Polin Spring",-122.45456,37.79374,39.3192,"US",NA,NA,"UTC"
"5413737.75281-122.3938","54137","37.75281-122.3938","hillhouse",-122.3938,37.75281,32.004,"US",NA,NA,"UTC"
"5416537.3837-122.06209","54165","37.3837-122.06209","Hedgerow",-122.06209,37.3837,34.4424,"US",NA,NA,"UTC"
"5416937.13286-121.95592","54169","37.13286-121.95592","Summit Rd",-121.95592,37.13286,487.0704,"US",NA,NA,"UTC"
"5418537.41215-122.12314","54185","37.41215-122.12314","AdenDeHaven",-122.12314,37.41215,14.9352,"US",NA,NA,"UTC"
"5418738.42422-122.58459","54187","38.42422-122.58459","Oakmont 3",-122.58459,38.42422,153.3144,"US",NA,NA,"UTC"
"5418937.20903-121.83564","54189","37.20903-121.83564","Brooktree Way",-121.83564,37.20903,94.7928,"US",NA,NA,"UTC"
"5422137.41478-122.10113","54221","37.41478-122.10113","Alvin and Middlefield - Outdoor",-122.10113,37.41478,5.7912,"US",NA,NA,"UTC"
"5431937.86563-122.0098","54319","37.86563-122.0098","Legacy Ridge",-122.0098,37.86563,156.0576,"US",NA,NA,"UTC"
"5433538.09506-122.19071","54335","38.09506-122.19071","Somerset\/ Waterstone",-122.19071,38.09506,67.056,"US",NA,NA,"UTC"
"5439737.40811-122.11456","54397","37.40811-122.11456","SIlva Court",-122.11456,37.40811,14.3256,"US",NA,NA,"UTC"
"5439937.38094-122.14101","54399","37.38094-122.14101","Esperanza Kel",-122.14101,37.38094,96.012,"US",NA,NA,"UTC"
"5441137.51339-122.30765","54411","37.51339-122.30765","San Juan Blvd",-122.30765,37.51339,107.5944,"US",NA,NA,"UTC"
"5445937.23386-121.99346","54459","37.23386-121.99346","Hillvale",-121.99346,37.23386,154.5336,"US",NA,NA,"UTC"
"5447137.72362-122.44347","54471","37.72362-122.44347","San Jose Ave and Ocean Ave  94112",-122.44347,37.72362,57.3024,"US",NA,NA,"UTC"
"5455137.6589-121.87436","54551","37.6589-121.87436","Cars may not stop",-121.87436,37.6589,107.2896,"US",NA,NA,"UTC"
"5455537.1957-121.83563","54555","37.1957-121.83563","Mockingbird Hill Lane",-121.83563,37.1957,136.2456,"US",NA,NA,"UTC"
"5456537.41593-122.16305","54565","37.41593-122.16305","Stanford-Shalom Bayit",-122.16305,37.41593,60.96,"US",NA,NA,"UTC"
"5459538.36225-122.52717","54595","38.36225-122.52717","London Ranch Road",-122.52717,38.36225,82.6008,"US",NA,NA,"UTC"
"5459737.87901-122.09747","54597","37.87901-122.09747","Glenside",-122.09747,37.87901,108.204,"US",NA,NA,"UTC"
"5460538.04778-120.25562","54605","38.04778-120.25562","Quail Drive",-120.25562,38.04778,1118.0064,"US",NA,NA,"UTC"
"5464733.94577-118.00542","54647","33.94577-118.00542","CCA Anaconda and Cole",-118.00542,33.94577,71.9328,"US",NA,NA,"UTC"
"5468933.89789-118.1891","54689","33.89789-118.1891","CCA Gibson and San Marcus",-118.1891,33.89789,21.6408,"US",NA,NA,"UTC"
"5471935.40146-118.91418","54719","35.40146-118.91418","MorningStar",-118.91418,35.40146,246.2784,"US",NA,NA,"UTC"
"5473537.91692-122.18569","54735","37.91692-122.18569","Sunnyside Court",-122.18569,37.91692,224.028,"US",NA,NA,"UTC"
"5474537.06016-121.99086","54745","37.06016-121.99086","Granite Ridge",-121.99086,37.06016,292.3032,"US",NA,NA,"UTC"
"5475137.45968-122.16207","54751","37.45968-122.16207","Willow",-122.16207,37.45968,13.716,"US",NA,NA,"UTC"
"5479333.79168-118.16113","54793","33.79168-118.16113","CCA 19th and Molino",-118.16113,33.79168,27.432,"US",NA,NA,"UTC"
"5479938.00188-122.57495","54799","38.00188-122.57495","Butterfield Road near Fawn Drive",-122.57495,38.00188,41.7576,"US",NA,NA,"UTC"
"5480934.19869-118.20378","54809","34.19869-118.20378","ShatoRelaxo",-118.20378,34.19869,374.5992,"US",NA,NA,"UTC"
"5481937.47589-122.17576","54819","37.47589-122.17576","Suburban Park",-122.17576,37.47589,7.0104,"US",NA,NA,"UTC"
"5482137.32191-121.0071","54821","37.32191-121.0071","Sherman Park",-121.0071,37.32191,24.384,"US",NA,NA,"UTC"
"5482537.30527-121.89363","54825","37.30527-121.89363","Willow Glen - Minnesota &amp; Curtiss",-121.89363,37.30527,36.576,"US",NA,NA,"UTC"
"5483138.24101-122.41315","54831","38.24101-122.41315","Carneros Barn House",-122.41315,38.24101,11.2776,"US",NA,NA,"UTC"
"5483337.44152-122.22504","54833","37.44152-122.22504","Stockbridge",-122.22504,37.44152,46.9392,"US",NA,NA,"UTC"
"5484937.80057-122.41753","54849","37.80057-122.41753","Russian Hill Leavenworth",-122.41753,37.80057,64.008,"US",NA,NA,"UTC"
"5485737.48521-122.2897","54857","37.48521-122.2897","VEL AIR",-122.2897,37.48521,185.3184,"US",NA,NA,"UTC"
"5487337.4233-122.1083","54873","37.4233-122.1083","Corina Way",-122.1083,37.4233,1.524,"US",NA,NA,"UTC"
"5488737.58546-122.48108","54887","37.58546-122.48108","Sun Valley",-122.48108,37.58546,113.9952,"US",NA,NA,"UTC"
"5489737.90489-122.68822","54897","37.90489-122.68822","fritz",-122.68822,37.90489,35.6616,"US",NA,NA,"UTC"
"5490133.79691-118.12958","54901","33.79691-118.12958","CCA Bixby Elem",-118.12958,33.79691,4.572,"US",NA,NA,"UTC"
"5491733.87639-118.18173","54917","33.87639-118.18173","CCA 67th and Myrtle",-118.18173,33.87639,17.9832,"US",NA,NA,"UTC"
"5492334.16495-117.46674","54923","34.16495-117.46674","CCA Coyote Cyn and Duncan Cyn",-117.46674,34.16495,517.5504,"US",NA,NA,"UTC"
"5494933.68655-117.90702","54949","33.68655-117.90702","CCA Boston and Charleston",-117.90702,33.68655,8.8392,"US",NA,NA,"UTC"
"5495933.86606-117.60392","54959","33.86606-117.60392","CCA Avenida del Vista and Lark",-117.60392,33.86606,249.0216,"US",NA,NA,"UTC"
"5496533.73526-117.74145","54965","33.73526-117.74145","CCA Donati and Villa Ridge",-117.74145,33.73526,142.0368,"US",NA,NA,"UTC"
"5497533.86557-118.17351","54975","33.86557-118.17351","CCA 61st and Walnut",-118.17351,33.86557,15.5448,"US",NA,NA,"UTC"
"5498133.8436-118.09911","54981","33.8436-118.09911","CCA Clematis and Shadeway",-118.09911,33.8436,13.4112,"US",NA,NA,"UTC"
"5498533.84062-118.16097","54985","33.84062-118.16097","CCA Frankel and Maybank",-118.16097,33.84062,18.8976,"US",NA,NA,"UTC"
"5506937.48281-122.19581","55069","37.48281-122.19581","7th and Page",-122.19581,37.48281,3.3528,"US",NA,NA,"UTC"
"5507338.65773-121.4944","55073","38.65773-121.4944","Natomas Charter School",-121.4944,38.65773,5.4864,"US",NA,NA,"UTC"
"5509938.09758-120.51819","55099","38.09758-120.51819","Massoni Ranch #1",-120.51819,38.09758,492.8616,"US",NA,NA,"UTC"
"5517137.07026-121.98965","55171","37.07026-121.98965","Timber Ridge",-121.98965,37.07026,279.1968,"US",NA,NA,"UTC"
"5518538.75267-122.02434","55185","38.75267-122.02434","Durst Organic Growers Farm",-122.02434,38.75267,63.0936,"US",NA,NA,"UTC"
"5519737.71502-122.40466","55197","37.71502-122.40466","Northern Viz Valley",-122.40466,37.71502,54.5592,"US",NA,NA,"UTC"
"5521937.86368-121.99909","55219","37.86368-121.99909","BFF",-121.99909,37.86368,251.7648,"US",NA,NA,"UTC"
"5524340.36346-122.96562","55243","40.36346-122.96562","Harrison Gulch",-122.96562,40.36346,811.6824,"US",NA,NA,"UTC"
"5524538.58858-121.37194","55245","38.58858-121.37194","Arden Park",-121.37194,38.58858,24.0792,"US",NA,NA,"UTC"
"5525338.09375-122.58462","55253","38.09375-122.58462","Ridge Rd",-122.58462,38.09375,117.6528,"US",NA,NA,"UTC"
"5527937.86735-122.29068","55279","37.86735-122.29068","Cowper St Sensor",-122.29068,37.86735,17.6784,"US",NA,NA,"UTC"
"5532338.31647-122.49364","55323","38.31647-122.49364","Country Club Lane",-122.49364,38.31647,40.5384,"US",NA,NA,"UTC"
"5532538.69236-121.05962","55325","38.69236-121.05962","Serrano Golf Course Area",-121.05962,38.69236,309.6768,"US",NA,NA,"UTC"
"5532737.9553-122.27385","55327","37.9553-122.27385","El Sobrante Sherwood Forest",-122.27385,37.9553,48.768,"US",NA,NA,"UTC"
"5533337.84316-122.12095","55333","37.84316-122.12095","359 Fernwood Dr",-122.12095,37.84316,170.9928,"US",NA,NA,"UTC"
"5533538.10812-122.59413","55335","38.10812-122.59413","Miss Sandie\u2019s School",-122.59413,38.10812,17.0688,"US",NA,NA,"UTC"
"5535134.10075-118.17341","55351","34.10075-118.17341","CCA Hanscom and Illinois",-118.17341,34.10075,267.6144,"US",NA,NA,"UTC"
"5536733.75059-116.70985","55367","33.75059-116.70985","Brokedown Palace",-116.70985,33.75059,1693.7736,"US",NA,NA,"UTC"
"5541338.00914-122.11271","55413","38.00914-122.11271","On the Plaza",-122.11271,38.00914,10.668,"US",NA,NA,"UTC"
"5541937.64611-121.76232","55419","37.64611-121.76232","South Livermore - Hansen",-121.76232,37.64611,187.7568,"US",NA,NA,"UTC"
"5543337.75365-121.89553","55433","37.75365-121.89553","Live Oak Elementary School",-121.89553,37.75365,209.7024,"US",NA,NA,"UTC"
"5544737.69087-122.04122","55447","37.69087-122.04122","Lyon Canyon - Castro Valley  CA",-122.04122,37.69087,134.112,"US",NA,NA,"UTC"
"5544937.34718-121.92799","55449","37.34718-121.92799","Newhall Neighborhood",-121.92799,37.34718,20.1168,"US",NA,NA,"UTC"
"5545337.42009-122.1505","55453","37.42009-122.1505","College Terrace",-122.1505,37.42009,14.9352,"US",NA,NA,"UTC"
"5545738.48661-121.51117","55457","38.48661-121.51117","Myrtle Vista",-121.51117,38.48661,3.9624,"US",NA,NA,"UTC"
"5546137.94596-122.54913","55461","37.94596-122.54913","Murray Park",-122.54913,37.94596,26.8224,"US",NA,NA,"UTC"
"5546338.44529-122.68298","55463","38.44529-122.68298","Wish we were in Fiji!",-122.68298,38.44529,63.0936,"US",NA,NA,"UTC"
"5546938.01868-121.97348","55469","38.01868-121.97348","San Marco",-121.97348,38.01868,110.0328,"US",NA,NA,"UTC"
"5547333.92776-117.66165","55473","33.92776-117.66165","CCA Via Casitas and Via Flora",-117.66165,33.92776,181.6608,"US",NA,NA,"UTC"
"5548137.73423-122.43602","55481","37.73423-122.43602","Aeolus",-122.43602,37.73423,62.484,"US",NA,NA,"UTC"
"5548338.68677-120.07117","55483","38.68677-120.07117","Sentinel",-120.07117,38.68677,2370.7344,"US",NA,NA,"UTC"
"5550334.27461-118.40685","55503","34.27461-118.40685","CCA Borden and Carl",-118.40685,34.27461,324.612,"US",NA,NA,"UTC"
"5552737.57902-122.0194","55527","37.57902-122.0194","Westview",-122.0194,37.57902,13.1064,"US",NA,NA,"UTC"
"5553734.04084-118.44235","55537","34.04084-118.44235","Park Beloit",-118.44235,34.04084,63.3984,"US",NA,NA,"UTC"
"5554333.84057-118.29482","55543","33.84057-118.29482","CCA 209th and Royal",-118.29482,33.84057,10.0584,"US",NA,NA,"UTC"
"5560937.78334-122.45325","55609","37.78334-122.45325","622 Spruce St",-122.45325,37.78334,68.58,"US",NA,NA,"UTC"
"5561737.84667-122.15043","55617","37.84667-122.15043","Chelton Farms OS",-122.15043,37.84667,182.2704,"US",NA,NA,"UTC"
"5561937.90859-122.30099","55619","37.90859-122.30099","Deck",-122.30099,37.90859,28.3464,"US",NA,NA,"UTC"
"5569936.98682-121.91102","55699","36.98682-121.91102","Viewpoint",-121.91102,36.98682,113.6904,"US",NA,NA,"UTC"
"5577737.53107-122.34412","55777","37.53107-122.34412","ENCHANTED OZ",-122.34412,37.53107,116.4336,"US",NA,NA,"UTC"
"5579137.79287-122.41622","55791","37.79287-122.41622","Nob Hill",-122.41622,37.79287,99.9744,"US",NA,NA,"UTC"
"5580737.73656-122.38831","55807","37.73656-122.38831","Mendell &amp; La Salle Ave",-122.38831,37.73656,26.8224,"US",NA,NA,"UTC"
"5581137.83929-122.2569","55811","37.83929-122.2569","Locksley",-122.2569,37.83929,42.672,"US",NA,NA,"UTC"
"5581737.80388-122.29715","55817","37.80388-122.29715","Bower House",-122.29715,37.80388,3.6576,"US",NA,NA,"UTC"
"5582537.45248-122.16931","55825","37.45248-122.16931","Linfield Oaks  Menlo Park",-122.16931,37.45248,17.3736,"US",NA,NA,"UTC"
"5582737.44191-122.15529","55827","37.44191-122.15529","Bryant Street and Addison Avenue",-122.15529,37.44191,13.716,"US",NA,NA,"UTC"
"5582938.69481-121.75117","55829","38.69481-121.75117","Gerlinger Steel and Supply (Woodland)",-121.75117,38.69481,13.716,"US",NA,NA,"UTC"
"5583137.22884-121.7972","55831","37.22884-121.7972","Rancho Santa Teresa",-121.7972,37.22884,60.3504,"US",NA,NA,"UTC"
"5583337.84068-122.19566","55833","37.84068-122.19566","little apple in the sky",-122.19566,37.84068,430.6824,"US",NA,NA,"UTC"
"5584137.86887-122.16234","55841","37.86887-122.16234","Glorietta and Rheem",-122.16234,37.86887,189.8904,"US",NA,NA,"UTC"
"5591537.76413-122.13908","55915","37.76413-122.13908","Sequoyah Road",-122.13908,37.76413,146.6088,"US",NA,NA,"UTC"
"5592937.74719-122.40557","55929","37.74719-122.40557","Wright St.",-122.40557,37.74719,43.2816,"US",NA,NA,"UTC"
"5593739.07705-123.46229","55937","39.07705-123.46229","Gowan Creek",-123.46229,39.07705,60.96,"US",NA,NA,"UTC"
"5593937.43928-122.26361","55939","37.43928-122.26361","Woodside @ Olive Hill",-122.26361,37.43928,131.6736,"US",NA,NA,"UTC"
"5594137.90048-122.27309","55941","37.90048-122.27309","Boynton Ave",-122.27309,37.90048,181.9656,"US",NA,NA,"UTC"
"5594337.78618-122.48871","55943","37.78618-122.48871","McLaren Ave",-122.48871,37.78618,49.6824,"US",NA,NA,"UTC"
"5594937.89837-122.48898","55949","37.89837-122.48898","Belveron West",-122.48898,37.89837,4.572,"US",NA,NA,"UTC"
"5595137.68751-122.46275","55951","37.68751-122.46275","Daly City",-122.46275,37.68751,53.0352,"US",NA,NA,"UTC"
"5595534.23733-118.55244","55955","34.23733-118.55244","charliex",-118.55244,34.23733,255.4224,"US",NA,NA,"UTC"
"5596137.79508-122.27052","55961","37.79508-122.27052","FSL",-122.27052,37.79508,4.8768,"US",NA,NA,"UTC"
"5596538.2409-120.3744","55965","38.2409-120.3744","Lake Mont Pines",-120.3744,38.2409,1202.436,"US",NA,NA,"UTC"
"5596937.16866-121.71998","55969","37.16866-121.71998","Rancho Laguna Seca",-121.71998,37.16866,92.0496,"US",NA,NA,"UTC"
"5597336.97258-121.86955","55973","36.97258-121.86955","Aptos Pines",-121.86955,36.97258,52.1208,"US",NA,NA,"UTC"
"5597937.71269-121.94224","55979","37.71269-121.94224","Shannon",-121.94224,37.71269,125.2728,"US",NA,NA,"UTC"
"5598337.51515-122.31684","55983","37.51515-122.31684","Plateau-Skymont",-122.31684,37.51515,162.4584,"US",NA,NA,"UTC"
"5599137.80629-122.2181","55991","37.80629-122.2181","Glenview La Cresta",-122.2181,37.80629,82.9056,"US",NA,NA,"UTC"
"5599339.25643-121.02467","55993","39.25643-121.02467","626 Zion St Nevada City @ El 2595 Ft",-121.02467,39.25643,790.956,"US",NA,NA,"UTC"
"5599737.73217-122.4476","55997","37.73217-122.4476","Sunnyside  SF",-122.4476,37.73217,94.488,"US",NA,NA,"UTC"
"5600737.32212-121.85036","56007","37.32212-121.85036","Creekside Park",-121.85036,37.32212,34.4424,"US",NA,NA,"UTC"
"5600937.53426-122.31265","56009","37.53426-122.31265","Beresford",-122.31265,37.53426,25.6032,"US",NA,NA,"UTC"
"5601138.45113-122.88486","56011","38.45113-122.88486","Ross Lane",-122.88486,38.45113,47.8536,"US",NA,NA,"UTC"
"5602137.864-122.102","56021","37.864-122.102","LVE",-122.102,37.864,133.1976,"US",NA,NA,"UTC"
"5602537.90217-122.16379","56025","37.90217-122.16379","Lafayette900\u2019",-122.16379,37.90217,261.5184,"US",NA,NA,"UTC"
"5602738.38464-121.97659","56027","38.38464-121.97659","Browns Valley  Vacaville",-121.97659,38.38464,49.0728,"US",NA,NA,"UTC"
"5602937.76101-122.4511","56029","37.76101-122.4511","Upper Shrader Cole Valley",-122.4511,37.76101,131.064,"US",NA,NA,"UTC"
"5603137.88859-122.15252","56031","37.88859-122.15252","Mario Way",-122.15252,37.88859,153.6192,"US",NA,NA,"UTC"
"5603336.57751-121.85851","56033","36.57751-121.85851","Monterey",-121.85851,36.57751,77.1144,"US",NA,NA,"UTC"
"5604537.84971-122.21173","56045","37.84971-122.21173","6832 Balsam @ 1050 Ft Elev",-122.21173,37.84971,340.7664,"US",NA,NA,"UTC"
"5604733.83867-118.29809","56047","33.83867-118.29809","CCA Ivy Terrace and Valle",-118.29809,33.83867,12.8016,"US",NA,NA,"UTC"
"5605534.60934-120.13475","56055","34.60934-120.13475","College Canyon Outside",-120.13475,34.60934,173.736,"US",NA,NA,"UTC"
"5606938.32441-122.51514","56069","38.32441-122.51514","Adele",-122.51514,38.32441,92.964,"US",NA,NA,"UTC"
"5607137.82364-122.21226","56071","37.82364-122.21226","Dawes Street",-122.21226,37.82364,235.3056,"US",NA,NA,"UTC"
"5607334.26239-118.4272","56073","34.26239-118.4272","CCA Kewen and Van Nuys",-118.4272,34.26239,301.752,"US",NA,NA,"UTC"
"5607537.97287-119.91453","56075","37.97287-119.91453","Cherry",-119.91453,37.97287,1388.9736,"US",NA,NA,"UTC"
"5608537.66424-121.8493","56085","37.66424-121.8493","Chardonnay",-121.8493,37.66424,127.4064,"US",NA,NA,"UTC"
"5608734.24868-118.4098","56087","34.24868-118.4098","CCA Montague and Telfair",-118.4098,34.24868,282.5496,"US",NA,NA,"UTC"
"5608937.73544-122.43085","56089","37.73544-122.43085","Chenery St",-122.43085,37.73544,78.9432,"US",NA,NA,"UTC"
"5609737.53061-122.34042","56097","37.53061-122.34042","ParrottNA",-122.34042,37.53061,162.4584,"US",NA,NA,"UTC"
"5610934.14381-118.21793","56109","34.14381-118.21793","Hill Dr.",-118.21793,34.14381,216.1032,"US",NA,NA,"UTC"
"5611934.27685-118.41315","56119","34.27685-118.41315","CCA Avenida Bonita and Villa Del Sol",-118.41315,34.27685,329.184,"US",NA,NA,"UTC"
"5612338.45902-121.31059","56123","38.45902-121.31059","CCA Andalusian and Mantova",-121.31059,38.45902,21.9456,"US",NA,NA,"UTC"
"5612732.99956-117.26265","56127","32.99956-117.26265","Solana Beach",-117.26265,32.99956,66.1416,"US",NA,NA,"UTC"
"5617537.86258-122.22568","56175","37.86258-122.22568","Strathmoor Drive  Claremont Hills",-122.22568,37.86258,366.3696,"US",NA,NA,"UTC"
"5617737.89304-122.53429","56177","37.89304-122.53429","Homestead Out",-122.53429,37.89304,50.9016,"US",NA,NA,"UTC"
"5620734.26566-118.43358","56207","34.26566-118.43358","CCA Haddon and Weidner",-118.43358,34.26566,301.752,"US",NA,NA,"UTC"
"5623934.00827-118.43928","56239","34.00827-118.43928","West Mar Vista",-118.43928,34.00827,32.004,"US",NA,NA,"UTC"
"5624137.97854-122.53435","56241","37.97854-122.53435","San Rafael",-122.53435,37.97854,44.5008,"US",NA,NA,"UTC"
"5624537.86522-122.56416","56245","37.86522-122.56416","Green Gulch Farm",-122.56416,37.86522,30.48,"US",NA,NA,"UTC"
"5624737.27636-122.05986","56247","37.27636-122.05986","Cooper-Garrod Estate Vineyards",-122.05986,37.27636,269.4432,"US",NA,NA,"UTC"
"5625138.40157-122.36042","56251","38.40157-122.36042","Yountville Community Center",-122.36042,38.40157,29.8704,"US",NA,NA,"UTC"
"5625938.29942-122.40993","56259","38.29942-122.40993","Lovall Valley",-122.40993,38.29942,196.2912,"US",NA,NA,"UTC"
"5627537.5851-122.04132","56275","37.5851-122.04132","Fremont (Northgate)",-122.04132,37.5851,8.2296,"US",NA,NA,"UTC"
"5628137.8135-122.28297","56281","37.8135-122.28297","Xanadu",-122.28297,37.8135,4.2672,"US",NA,NA,"UTC"
"5629132.67893-115.48293","56291","32.67893-115.48293","CARB_50:2:91:df:80:5e",-115.48293,32.67893,2.7432,"US",NA,NA,"UTC"
"5631938.13606-120.48393","56319","38.13606-120.48393","Murphys",-120.48393,38.13606,784.86,"US",NA,NA,"UTC"
"5634737.58804-122.40134","56347","37.58804-122.40134","Manzanita Ct",-122.40134,37.58804,122.2248,"US",NA,NA,"UTC"
"5645733.64916-117.67022","56457","33.64916-117.67022","Pittsford",-117.67022,33.64916,203.9112,"US",NA,NA,"UTC"
"5649339.12786-123.46417","56493","39.12786-123.46417","Big Tree Farm",-123.46417,39.12786,321.564,"US",NA,NA,"UTC"
"5654538.23722-122.64288","56545","38.23722-122.64288","WardAir",-122.64288,38.23722,19.5072,"US",NA,NA,"UTC"
"5659134.19031-118.11096","56591","34.19031-118.11096","Twin Pines",-118.11096,34.19031,412.6992,"US",NA,NA,"UTC"
"5664537.49228-122.45585","56645","37.49228-122.45585","Miramar",-122.45585,37.49228,11.8872,"US",NA,NA,"UTC"
"5670139.35721-119.83087","56701","39.35721-119.83087","Piney Creek Rd",-119.83087,39.35721,1745.5896,"US",NA,NA,"UTC"
"5672736.03479-115.15936","56727","36.03479-115.15936","Rio Wigwam",-115.15936,36.03479,672.6936,"US",NA,NA,"UTC"
"5673337.52942-122.33956","56733","37.52942-122.33956","San Mateo Oaks CSM",-122.33956,37.52942,152.4,"US",NA,NA,"UTC"
"5677132.87173-117.001","56771","32.87173-117.001","NW Santee",-117.001,32.87173,143.8656,"US",NA,NA,"UTC"
"5677337.03747-119.48666","56773","37.03747-119.48666","Whispering Springs",-119.48666,37.03747,527.6088,"US",NA,NA,"UTC"
"5677737.29675-122.01293","56777","37.29675-122.01293","San Jose West",-122.01293,37.29675,79.248,"US",NA,NA,"UTC"
"5677938.6466-121.73964","56779","38.6466-121.73964","Greene Family",-121.73964,38.6466,14.6304,"US",NA,NA,"UTC"
"5684938.96172-123.12051","56849","38.96172-123.12051","Waterfowl",-123.12051,38.96172,150.5712,"US",NA,NA,"UTC"
"5685135.25512-120.64329","56851","35.25512-120.64329","Broad St",-120.64329,35.25512,58.5216,"US",NA,NA,"UTC"
"5690939.02841-119.71619","56909","39.02841-119.71619","Johnson Lane  NV",-119.71619,39.02841,1481.0232,"US",NA,NA,"UTC"
"5692937.70745-122.45598","56929","37.70745-122.45598","Archstone Oral and Facial Surgery rooftop",-122.45598,37.70745,106.68,"US",NA,NA,"UTC"
"5699337.62825-121.94741","56993","37.62825-121.94741","Palomares-700",-121.94741,37.62825,295.9608,"US",NA,NA,"UTC"
"5701538.43619-122.35179","57015","38.43619-122.35179","Rector Creek",-122.35179,38.43619,54.864,"US",NA,NA,"UTC"
"5704538.56617-121.36931","57045","38.56617-121.36931","Gulfport Way  Sacramento",-121.36931,38.56617,14.6304,"US",NA,NA,"UTC"
"5706937.53775-122.05348","57069","37.53775-122.05348","36057 Brandywine St.",-122.05348,37.53775,4.572,"US",NA,NA,"UTC"
"5708733.84558-118.29511","57087","33.84558-118.29511","CCA 204th and Budlong",-118.29511,33.84558,10.9728,"US",NA,NA,"UTC"
"5710337.40599-122.10043","57103","37.40599-122.10043","Monta Loma Neighborhood South",-122.10043,37.40599,12.8016,"US",NA,NA,"UTC"
"5710737.56619-122.32874","57107","37.56619-122.32874","San Mateo",-122.32874,37.56619,9.4488,"US",NA,NA,"UTC"
"5711133.842-118.29507","57111","33.842-118.29507","CCA Raymond and Torrance",-118.29507,33.842,11.2776,"US",NA,NA,"UTC"
"5715337.34867-122.0978","57153","37.34867-122.0978","R. O. U. S.",-122.0978,37.34867,79.248,"US",NA,NA,"UTC"
"5715932.88806-116.94969","57159","32.88806-116.94969","Eucalyptus Hills",-116.94969,32.88806,230.7336,"US",NA,NA,"UTC"
"5717937.30649-121.78291","57179","37.30649-121.78291","PurpleAir",-121.78291,37.30649,80.772,"US",NA,NA,"UTC"
"5718339.56848-120.63359","57183","39.56848-120.63359","Sierra City CA",-120.63359,39.56848,1343.5584,"US",NA,NA,"UTC"
"5727337.90248-122.29047","57273","37.90248-122.29047","St Jerome's",-122.29047,37.90248,37.4904,"US",NA,NA,"UTC"
"5746734.09441-116.53227","57467","34.09441-116.53227","Macistan",-116.53227,34.09441,887.2728,"US",NA,NA,"UTC"
"5749340.58062-122.39186","57493","40.58062-122.39186","Gerlinger Steel and Supply",-122.39186,40.58062,168.8592,"US",NA,NA,"UTC"
"5751333.87051-118.31335","57513","33.87051-118.31335","Guenser Park Air Monitoring Station",-118.31335,33.87051,14.9352,"US",NA,NA,"UTC"
"5751533.78625-118.28603","57515","33.78625-118.28603","R1180_WILH",-118.28603,33.78625,9.4488,"US",NA,NA,"UTC"
"5751733.78153-118.21371","57517","33.78153-118.21371","R1180_IPRT",-118.21371,33.78153,2.4384,"US",NA,NA,"UTC"
"5778737.54705-121.95276","57787","37.54705-121.95276","gomes",-121.95276,37.54705,19.2024,"US",NA,NA,"UTC"
"5784337.51805-122.34598","57843","37.51805-122.34598","Highlands Lexington",-122.34598,37.51805,169.7736,"US",NA,NA,"UTC"
"5786537.64222-120.99437","57865","37.64222-120.99437","Modesto_CCAC_Colocated",-120.99437,37.64222,29.2608,"US",NA,NA,"UTC"
"5793137.52685-122.34952","57931","37.52685-122.34952","Brandywine Outdoors",-122.34952,37.52685,159.7152,"US",NA,NA,"UTC"
"5793737.38208-122.02773","57937","37.38208-122.02773","Maine Coon Manor",-122.02773,37.38208,22.86,"US",NA,NA,"UTC"
"5795134.23586-117.19023","57951","34.23586-117.19023","BDF Mobile1",-117.19023,34.23586,1705.9656,"US",NA,NA,"UTC"
"5810138.5257-121.57471","58101","38.5257-121.57471","AMTS_SCANS_012",-121.57471,38.5257,5.1816,"US",NA,NA,"UTC"
"5810538.54437-121.54775","58105","38.54437-121.54775","AMTS_SCANS_006",-121.54775,38.54437,3.048,"US",NA,NA,"UTC"
"5865937.88922-122.27591","58659","37.88922-122.27591","1907 Marin Ave Outside",-122.27591,37.88922,78.6384,"US",NA,NA,"UTC"
"5866337.52639-122.30763","58663","37.52639-122.30763","Marshall Outside",-122.30763,37.52639,77.4192,"US",NA,NA,"UTC"
"5869537.98095-122.51975","58695","37.98095-122.51975","Marin Tennis Club",-122.51975,37.98095,19.5072,"US",NA,NA,"UTC"
"5872739.27782-121.04585","58727","39.27782-121.04585","Fox Hill Rd.",-121.04585,39.27782,865.0224,"US",NA,NA,"UTC"
"5873541.35421-122.3698","58735","41.35421-122.3698","Skyview",-122.3698,41.35421,1174.0896,"US",NA,NA,"UTC"
"5878738.09403-122.60532","58787","38.09403-122.60532","Maestro Road",-122.60532,38.09403,76.5048,"US",NA,NA,"UTC"
"5880334.45073-118.50952","58803","34.45073-118.50952","Urbandale Saugus",-118.50952,34.45073,413.004,"US",NA,NA,"UTC"
"5881337.8883-122.13018","58813","37.8883-122.13018","Mosswood Drive (west of Village Center)",-122.13018,37.8883,99.6696,"US",NA,NA,"UTC"
"5882938.70558-122.94649","58829","38.70558-122.94649","Stefani Ranch",-122.94649,38.70558,78.0288,"US",NA,NA,"UTC"
"5887938.31569-122.73341","58879","38.31569-122.73341","Two Rock",-122.73341,38.31569,75.2856,"US",NA,NA,"UTC"
"5892538.32852-122.67586","58925","38.32852-122.67586","Magnolia Garden",-122.67586,38.32852,45.1104,"US",NA,NA,"UTC"
"5899137.7859-122.48147","58991","37.7859-122.48147","Lake &amp; 21st Ave",-122.48147,37.7859,36.576,"US",NA,NA,"UTC"
"5899537.44611-122.32972","58995","37.44611-122.32972","Kings Mountain North #2",-122.32972,37.44611,628.1928,"US",NA,NA,"UTC"
"5914737.41913-121.78149","59147","37.41913-121.78149","Felter\/Sierra Rd",-121.78149,37.41913,594.6648,"US",NA,NA,"UTC"
"5915137.25676-122.03186","59151","37.25676-122.03186","Oak St",-122.03186,37.25676,160.9344,"US",NA,NA,"UTC"
"5937937.38866-122.2633","59379","37.38866-122.2633","Sky Londa",-122.2633,37.38866,404.7744,"US",NA,NA,"UTC"
"5938937.53006-122.2523","59389","37.53006-122.2523","Redwood Shores",-122.2523,37.53006,1.524,"US",NA,NA,"UTC"
"5944537.10502-121.89075","59445","37.10502-121.89075","Corner LPW and MT Bache",-121.89075,37.10502,695.2488,"US",NA,NA,"UTC"
"5945537.79657-122.41924","59455","37.79657-122.41924","Broadway between Hyde and Larkin",-122.41924,37.79657,56.388,"US",NA,NA,"UTC"
"5946537.7597-122.13214","59465","37.7597-122.13214","Sequoyah",-122.13214,37.7597,157.2768,"US",NA,NA,"UTC"
"5957538.56583-121.74967","59575","38.56583-121.74967","Cabrillo outside",-121.74967,38.56583,14.9352,"US",NA,NA,"UTC"
"5963937.51284-122.31401","59639","37.51284-122.31401","Belmont Canyon Rd.",-122.31401,37.51284,155.448,"US",NA,NA,"UTC"
"5964137.41218-121.91108","59641","37.41218-121.91108","Capital and Starlite",-121.91108,37.41218,9.144,"US",NA,NA,"UTC"
"5964937.82968-122.23856","59649","37.82968-122.23856","Estrella Outside",-122.23856,37.82968,82.6008,"US",NA,NA,"UTC"
"5966337.32992-121.91843","59663","37.32992-121.91843","Shasta neighborhood",-121.91843,37.32992,30.7848,"US",NA,NA,"UTC"
"5966737.53839-122.51628","59667","37.53839-122.51628","Montara",-122.51628,37.53839,41.148,"US",NA,NA,"UTC"
"5969337.08426-121.58826","59693","37.08426-121.58826","SMeast",-121.58826,37.08426,84.7344,"US",NA,NA,"UTC"
"5969537.76873-122.44389","59695","37.76873-122.44389","777bvaw",-122.44389,37.76873,112.1664,"US",NA,NA,"UTC"
"5970337.90176-122.70577","59703","37.90176-122.70577","Bo",-122.70577,37.90176,51.816,"US",NA,NA,"UTC"
"5970937.46831-122.2179","59709","37.46831-122.2179","Redwood Oaks",-122.2179,37.46831,11.8872,"US",NA,NA,"UTC"
"5971137.84786-122.26362","59711","37.84786-122.26362","567 62nd St",-122.26362,37.84786,42.672,"US",NA,NA,"UTC"
"5973537.58338-122.49255","59735","37.58338-122.49255","Hell's Air Meter",-122.49255,37.58338,23.1648,"US",NA,NA,"UTC"
"5973737.76768-122.15605","59737","37.76768-122.15605","King Estates  Oakland CA",-122.15605,37.76768,100.584,"US",NA,NA,"UTC"
"5984534.96038-120.58482","59845","34.96038-120.58482","Guadalupe West End",-120.58482,34.96038,22.2504,"US",NA,NA,"UTC"
"5986137.43818-122.18264","59861","37.43818-122.18264","outside",-122.18264,37.43818,21.6408,"US",NA,NA,"UTC"
"5986739.52973-119.91424","59867","39.52973-119.91424","bumblesensor",-119.91424,39.52973,1537.1064,"US",NA,NA,"UTC"
"5986937.43068-122.20106","59869","37.43068-122.20106","Giraffas",-122.20106,37.43068,48.4632,"US",NA,NA,"UTC"
"5987337.89741-122.14682","59873","37.89741-122.14682","S. Peardale Dr.",-122.14682,37.89741,160.3248,"US",NA,NA,"UTC"
"5988537.41437-118.5438","59885","37.41437-118.5438","Mustang Mesa",-118.5438,37.41437,1398.4224,"US",NA,NA,"UTC"
"5988733.22642-116.38896","59887","33.22642-116.38896","Borrego Springs Bending Elbow",-116.38896,33.22642,229.8192,"US",NA,NA,"UTC"
"5991938.01955-122.5718","59919","38.01955-122.5718","Del Ganado",-122.5718,38.01955,45.1104,"US",NA,NA,"UTC"
"5993137.41614-122.16014","59931","37.41614-122.16014","Mayfield Ave  Stanford",-122.16014,37.41614,41.4528,"US",NA,NA,"UTC"
"5993537.47494-122.42526","59935","37.47494-122.42526","La Finisterra",-122.42526,37.47494,75.5904,"US",NA,NA,"UTC"
"6000137.54766-122.23628","60001","37.54766-122.23628","RWS Seabrook Court bayline",-122.23628,37.54766,2.1336,"US",NA,NA,"UTC"
"6000938.65459-121.09073","60009","38.65459-121.09073","TreaclesParadise",-121.09073,38.65459,188.3664,"US",NA,NA,"UTC"
"6001537.76213-122.46967","60015","37.76213-122.46967","12thAve",-122.46967,37.76213,84.4296,"US",NA,NA,"UTC"
"6002137.63157-121.80362","60021","37.63157-121.80362","Ruby Hill",-121.80362,37.63157,189.2808,"US",NA,NA,"UTC"
"6002537.68251-121.78399","60025","37.68251-121.78399","CMG",-121.78399,37.68251,139.5984,"US",NA,NA,"UTC"
"6005737.44222-122.18645","60057","37.44222-122.18645","Cathy Place",-122.18645,37.44222,25.908,"US",NA,NA,"UTC"
"6005937.40565-122.20686","60059","37.40565-122.20686","Webb Ranch",-122.20686,37.40565,64.9224,"US",NA,NA,"UTC"
"6006537.96882-122.56782","60065","37.96882-122.56782","Waverly Rd",-122.56782,37.96882,19.812,"US",NA,NA,"UTC"
"6006937.2861-122.0423","60069","37.2861-122.0423","Farr Ranch Rd within Parker Ranch",-122.0423,37.2861,143.256,"US",NA,NA,"UTC"
"6008337.81142-122.29551","60083","37.81142-122.29551","Home Outside",-122.29551,37.81142,4.8768,"US",NA,NA,"UTC"
"6009338.42964-122.90269","60093","38.42964-122.90269","Mount Pisgah",-122.90269,38.42964,117.348,"US",NA,NA,"UTC"
"6009937.73868-122.44532","60099","37.73868-122.44532","Miraloma Park \/ El Sereno",-122.44532,37.73868,193.548,"US",NA,NA,"UTC"
"6010537.4761-122.25474","60105","37.4761-122.25474","Upland Road",-122.25474,37.4761,35.052,"US",NA,NA,"UTC"
"6010936.96909-122.0504","60109","36.96909-122.0504","Alta Vista Dr @ Bayona",-122.0504,36.96909,72.5424,"US",NA,NA,"UTC"
"6011337.98524-122.09262","60113","37.98524-122.09262","E Block",-122.09262,37.98524,58.8264,"US",NA,NA,"UTC"
"6011537.52149-122.29771","60115","37.52149-122.29771","Belle Monti Ave",-122.29771,37.52149,91.44,"US",NA,NA,"UTC"
"6011737.10408-121.6568","60117","37.10408-121.6568","Morgan Hill  CA",-121.6568,37.10408,118.872,"US",NA,NA,"UTC"
"6012937.36458-122.04818","60129","37.36458-122.04818","Cumberland",-122.04818,37.36458,48.4632,"US",NA,NA,"UTC"
"6014337.91128-122.27718","60143","37.91128-122.27718","Highland",-122.27718,37.91128,221.8944,"US",NA,NA,"UTC"
"6015738.30249-122.43756","60157","38.30249-122.43756","Sonoma",-122.43756,38.30249,81.0768,"US",NA,NA,"UTC"
"6016535.92309-121.07588","60165","35.92309-121.07588","K&amp;S Lockwood",-121.07588,35.92309,282.5496,"US",NA,NA,"UTC"
"6016737.73086-122.23621","60167","37.73086-122.23621","Bay Farm Island",-122.23621,37.73086,3.3528,"US",NA,NA,"UTC"
"6017137.64361-122.45865","60171","37.64361-122.45865","South San Francisco Westborough Park",-122.45865,37.64361,132.8928,"US",NA,NA,"UTC"
"6019337.37647-122.14542","60193","37.37647-122.14542","Fremont Hills Country Club",-122.14542,37.37647,99.06,"US",NA,NA,"UTC"
"6022337.3497-122.13199","60223","37.3497-122.13199","LLD",-122.13199,37.3497,199.9488,"US",NA,NA,"UTC"
"6023136.6035-121.86874","60231","36.6035-121.86874","Del Monte Beach",-121.86874,36.6035,10.0584,"US",NA,NA,"UTC"
"6024937.88725-122.25717","60249","37.88725-122.25717","KS Outside",-122.25717,37.88725,235.6104,"US",NA,NA,"UTC"
"6026337.88873-122.16334","60263","37.88873-122.16334","White Oak Dr",-122.16334,37.88873,215.7984,"US",NA,NA,"UTC"
"6026538.19783-122.54742","60265","38.19783-122.54742","Lakeville landing",-122.54742,38.19783,2.1336,"US",NA,NA,"UTC"
"6027541.70796-122.64873","60275","41.70796-122.64873","YREKA College of the Siskiyous",-122.64873,41.70796,839.4192,"US",NA,NA,"UTC"
"6028336.88689-121.58291","60283","36.88689-121.58291","Front Porch",-121.58291,36.88689,220.6752,"US",NA,NA,"UTC"
"6029137.5349-122.06041","60291","37.5349-122.06041","Mayhew's Landing",-122.06041,37.5349,4.8768,"US",NA,NA,"UTC"
"6029937.85789-122.2865","60299","37.85789-122.2865","Derby &amp; Matthews (outside)",-122.2865,37.85789,17.9832,"US",NA,NA,"UTC"
"6031337.06883-121.98734","60313","37.06883-121.98734","Timber Ridge Lane",-121.98734,37.06883,332.8416,"US",NA,NA,"UTC"
"6031937.33569-122.01942","60319","37.33569-122.01942","Sunnyvale Heron",-122.01942,37.33569,55.7784,"US",NA,NA,"UTC"
"6033337.76955-122.27187","60333","37.76955-122.27187","Burbank",-122.27187,37.76955,7.62,"US",NA,NA,"UTC"
"6033737.52826-120.85082","60337","37.52826-120.85082","Stadium",-120.85082,37.52826,35.3568,"US",NA,NA,"UTC"
"6041338.80428-122.52406","60413","38.80428-122.52406","Nove Vineyards",-122.52406,38.80428,446.8368,"US",NA,NA,"UTC"
"6042739.17954-120.22475","60427","39.17954-120.22475","John Scott Trail (East)",-120.22475,39.17954,1965.3504,"US",NA,NA,"UTC"
"6042932.83188-116.81355","60429","32.83188-116.81355","Alpine\/Galloway Valley",-116.81355,32.83188,387.7056,"US",NA,NA,"UTC"
"6043535.39989-118.9968","60435","35.39989-118.9968","La Cresta",-118.9968,35.39989,161.2392,"US",NA,NA,"UTC"
"6043737.1596-121.61313","60437","37.1596-121.61313","Holiday Court",-121.61313,37.1596,196.596,"US",NA,NA,"UTC"
"6045737.33011-121.93167","60457","37.33011-121.93167","Rose Garden outside",-121.93167,37.33011,32.004,"US",NA,NA,"UTC"
"6047934.10688-118.15243","60479","34.10688-118.15243","Laurel Street",-118.15243,34.10688,185.3184,"US",NA,NA,"UTC"
"6050138.07925-122.81699","60501","38.07925-122.81699","Point Reyes Mesa bluff",-122.81699,38.07925,21.0312,"US",NA,NA,"UTC"
"6051137.74459-122.42286","60511","37.74459-122.42286","Kenbe la",-122.42286,37.74459,31.0896,"US",NA,NA,"UTC"
"6052339.1972-120.23492","60523","39.1972-120.23492","Alpenglow Expeditions",-120.23492,39.1972,1893.7224,"US",NA,NA,"UTC"
"6053737.7666-121.97794","60537","37.7666-121.97794","TwinCreeks",-121.97794,37.7666,164.592,"US",NA,NA,"UTC"
"6054936.9549-122.0388","60549","36.9549-122.0388","alta",-122.0388,36.9549,10.668,"US",NA,NA,"UTC"
"6056132.97594-117.07874","60561","32.97594-117.07874","Carmel Mountain Ranch",-117.07874,32.97594,238.6584,"US",NA,NA,"UTC"
"6056338.45694-122.67155","60563","38.45694-122.67155","Hammond Autowerks",-122.67155,38.45694,73.4568,"US",NA,NA,"UTC"
"6057737.86789-122.27407","60577","37.86789-122.27407","McKinley Ave",-122.27407,37.86789,44.5008,"US",NA,NA,"UTC"
"6058139.08834-119.9316","60581","39.08834-119.9316","Glenbrook House Rd",-119.9316,39.08834,1944.9288,"US",NA,NA,"UTC"
"6060337.97156-122.54904","60603","37.97156-122.54904","Crest Road  Ross CA 94957",-122.54904,37.97156,124.3584,"US",NA,NA,"UTC"
"6062537.92791-122.07786","60625","37.92791-122.07786","Pooky's Purple Air",-122.07786,37.92791,33.8328,"US",NA,NA,"UTC"
"6063937.28931-121.90639","60639","37.28931-121.90639","Willow Glen - Dry Creek",-121.90639,37.28931,50.5968,"US",NA,NA,"UTC"
"6064538.30129-122.47922","60645","38.30129-122.47922","Boys &amp; Girls Clubs of Sonoma Valley",-122.47922,38.30129,31.0896,"US",NA,NA,"UTC"
"6065337.73038-122.24074","60653","37.73038-122.24074","Bay Farm Tonga",-122.24074,37.73038,3.3528,"US",NA,NA,"UTC"
"6066337.29794-121.90063","60663","37.29794-121.90063","Glenwood Ave  Willow Glen",-121.90063,37.29794,43.5864,"US",NA,NA,"UTC"
"6067338.29151-120.27074","60673","38.29151-120.27074","Dorrington  CA",-120.27074,38.29151,1439.2656,"US",NA,NA,"UTC"
"6067937.84096-122.23344","60679","37.84096-122.23344","Norman Ln",-122.23344,37.84096,134.4168,"US",NA,NA,"UTC"
"6069937.88893-122.53541","60699","37.88893-122.53541","Alturas Way",-122.53541,37.88893,70.7136,"US",NA,NA,"UTC"
"6071338.90818-121.06708","60713","38.90818-121.06708","Ruby",-121.06708,38.90818,423.9768,"US",NA,NA,"UTC"
"6074739.20184-120.21296","60747","39.20184-120.21296","MtnLinksWayDeck",-120.21296,39.20184,1901.0376,"US",NA,NA,"UTC"
"6074937.73477-122.4538","60749","37.73477-122.4538","burlwood",-122.4538,37.73477,187.452,"US",NA,NA,"UTC"
"6079734.02217-117.11958","60797","34.02217-117.11958","Rasco\u2019s Ranch",-117.11958,34.02217,669.6456,"US",NA,NA,"UTC"
"6080137.90703-122.14145","60801","37.90703-122.14145","Panorama",-122.14145,37.90703,183.4896,"US",NA,NA,"UTC"
"6081537.94213-121.6862","60815","37.94213-121.6862","Brentwood-MallerPark",-121.6862,37.94213,18.288,"US",NA,NA,"UTC"
"6081937.33245-121.98472","60819","37.33245-121.98472","Carleton Pl",-121.98472,37.33245,38.7096,"US",NA,NA,"UTC"
"6082937.04424-122.01988","60829","37.04424-122.01988","QUIEN SABE",-122.01988,37.04424,189.5856,"US",NA,NA,"UTC"
"6083336.9533-121.88042","60833","36.9533-121.88042","BeachT",-121.88042,36.9533,24.6888,"US",NA,NA,"UTC"
"6083937.35629-122.04273","60839","37.35629-122.04273","Quince",-122.04273,37.35629,49.9872,"US",NA,NA,"UTC"
"6084336.96991-122.04813","60843","36.96991-122.04813","eyeCatchLight Photography",-122.04813,36.96991,72.8472,"US",NA,NA,"UTC"
"6085137.96719-121.96491","60851","37.96719-121.96491","Ayers Ranch",-121.96491,37.96719,76.2,"US",NA,NA,"UTC"
"6086733.02677-117.08315","60867","33.02677-117.08315","Rancho Suburbia",-117.08315,33.02677,156.972,"US",NA,NA,"UTC"
"6090338.11886-122.22601","60903","38.11886-122.22601","Skyline",-122.22601,38.11886,85.6488,"US",NA,NA,"UTC"
"6093938.18986-122.44099","60939","38.18986-122.44099","Quarry",-122.44099,38.18986,4.572,"US",NA,NA,"UTC"
"6094738.34967-120.93062","60947","38.34967-120.93062","Ione Elementary",-120.93062,38.34967,100.8888,"US",NA,NA,"UTC"
"6101533.97343-118.45821","61015","33.97343-118.45821","Silver Strand",-118.45821,33.97343,3.9624,"US",NA,NA,"UTC"
"6102138.24529-120.33813","61021","38.24529-120.33813","BLS Patricia Lane",-120.33813,38.24529,1182.624,"US",NA,NA,"UTC"
"6110337.51611-122.30964","61103","37.51611-122.30964","DV2",-122.30964,37.51611,102.108,"US",NA,NA,"UTC"
"6110536.97042-122.04868","61105","36.97042-122.04868","Crestview Terrace Upper Westside",-122.04868,36.97042,73.7616,"US",NA,NA,"UTC"
"6112339.21371-120.09367","61123","39.21371-120.09367","Ridgewood",-120.09367,39.21371,1977.2376,"US",NA,NA,"UTC"
"6112537.22957-121.77113","61125","37.22957-121.77113","Via Ramada",-121.77113,37.22957,66.4464,"US",NA,NA,"UTC"
"6113534.02367-118.48442","61135","34.02367-118.48442","Aire Air",-118.48442,34.02367,38.7096,"US",NA,NA,"UTC"
"6114339.44797-119.75693","61143","39.44797-119.75693","Trademark",-119.75693,39.44797,1358.7984,"US",NA,NA,"UTC"
"6114537.95134-122.1917","61145","37.95134-122.1917","Hossmoor",-122.1917,37.95134,143.5608,"US",NA,NA,"UTC"
"6115137.90174-122.56612","61151","37.90174-122.56612","Edgewood",-122.56612,37.90174,265.4808,"US",NA,NA,"UTC"
"6115938.5513-121.78183","61159","38.5513-121.78183","Village Homes",-121.78183,38.5513,19.2024,"US",NA,NA,"UTC"
"6116137.94104-122.53705","61161","37.94104-122.53705","Creekside",-122.53705,37.94104,4.572,"US",NA,NA,"UTC"
"6116737.92621-122.04176","61167","37.92621-122.04176","Sunset Park Outside",-122.04176,37.92621,29.8704,"US",NA,NA,"UTC"
"6117337.89725-122.27353","61173","37.89725-122.27353","Chez Smuseby",-122.27353,37.89725,153.6192,"US",NA,NA,"UTC"
"6117938.35961-122.55434","61179","38.35961-122.55434","Button Vineyard",-122.55434,38.35961,238.3536,"US",NA,NA,"UTC"
"6118338.44439-122.6047","61183","38.44439-122.6047","Oakmont North",-122.6047,38.44439,132.2832,"US",NA,NA,"UTC"
"6118537.79665-122.44107","61185","37.79665-122.44107","Cow Hollow  San Francisco",-122.44107,37.79665,45.1104,"US",NA,NA,"UTC"
"6119137.84013-122.19272","61191","37.84013-122.19272","Millhoffs",-122.19272,37.84013,433.1208,"US",NA,NA,"UTC"
"6119537.75461-122.12449","61195","37.75461-122.12449","Scotia Avenue",-122.12449,37.75461,160.9344,"US",NA,NA,"UTC"
"6120537.8926-122.53412","61205","37.8926-122.53412","Homestead Blvd",-122.53412,37.8926,59.1312,"US",NA,NA,"UTC"
"6121137.72961-122.46471","61211","37.72961-122.46471","Mount Davidson Manor",-122.46471,37.72961,111.5568,"US",NA,NA,"UTC"
"6121737.42299-122.21922","61217","37.42299-122.21922","Fangorn Forest",-122.21922,37.42299,88.0872,"US",NA,NA,"UTC"
"6122737.74758-122.42557","61227","37.74758-122.42557","CesarChavezDolores",-122.42557,37.74758,36.8808,"US",NA,NA,"UTC"
"6122937.57153-122.33356","61229","37.57153-122.33356","Poplar &amp; Elm",-122.33356,37.57153,5.4864,"US",NA,NA,"UTC"
"6123337.92297-122.38306","61233","37.92297-122.38306","Montana St",-122.38306,37.92297,14.0208,"US",NA,NA,"UTC"
"6123537.90968-122.31162","61235","37.90968-122.31162","EQ outside",-122.31162,37.90968,9.144,"US",NA,NA,"UTC"
"6124137.75023-122.4316","61241","37.75023-122.4316","Noe  between Jersey &amp; 25th",-122.4316,37.75023,56.6928,"US",NA,NA,"UTC"
"6124337.56289-122.32765","61243","37.56289-122.32765","Arroyo Ct",-122.32765,37.56289,9.4488,"US",NA,NA,"UTC"
"6132137.97534-122.27403","61321","37.97534-122.27403","Full Moon Drive",-122.27403,37.97534,151.7904,"US",NA,NA,"UTC"
"6134537.84869-122.48504","61345","37.84869-122.48504","Hurricane Gulch",-122.48504,37.84869,42.3672,"US",NA,NA,"UTC"
"6134937.27835-121.99686","61349","37.27835-121.99686","McF Outside",-121.99686,37.27835,86.5632,"US",NA,NA,"UTC"
"6135937.78366-122.1419","61359","37.78366-122.1419","Skyway Ln",-122.1419,37.78366,323.6976,"US",NA,NA,"UTC"
"6138937.79218-121.9088","61389","37.79218-121.9088","Vista Tassajara",-121.9088,37.79218,228.6,"US",NA,NA,"UTC"
"6140538.56058-121.72853","61405","38.56058-121.72853","Davis - Madrone",-121.72853,38.56058,14.6304,"US",NA,NA,"UTC"
"6141139.2546-119.98289","61411","39.2546-119.98289","tyner way outside",-119.98289,39.2546,2042.16,"US",NA,NA,"UTC"
"6141539.35846-120.80171","61415","39.35846-120.80171","PineAireRdWashington",-120.80171,39.35846,784.2504,"US",NA,NA,"UTC"
"6141738.36432-122.58855","61417","38.36432-122.58855","Sonoma Mountain",-122.58855,38.36432,415.1376,"US",NA,NA,"UTC"
"6142337.76876-122.28835","61423","37.76876-122.28835","Ballena Bay",-122.28835,37.76876,2.1336,"US",NA,NA,"UTC"
"6143138.01599-122.53005","61431","38.01599-122.53005","Contempo Marin",-122.53005,38.01599,2.1336,"US",NA,NA,"UTC"
"6143337.90204-121.72337","61433","37.90204-121.72337","Chardonnay Ct",-121.72337,37.90204,57.3024,"US",NA,NA,"UTC"
"6156534.02626-118.43475","61565","34.02626-118.43475","Back garden",-118.43475,34.02626,39.0144,"US",NA,NA,"UTC"
"6156737.35539-121.98878","61567","37.35539-121.98878","Briarwood",-121.98878,37.35539,24.6888,"US",NA,NA,"UTC"
"6157538.40989-122.5438","61575","38.40989-122.5438","Kenwood - outdoors",-122.5438,38.40989,127.1016,"US",NA,NA,"UTC"
"6157737.5577-122.34552","61577","37.5577-122.34552","Ascot Road",-122.34552,37.5577,54.5592,"US",NA,NA,"UTC"
"6158338.56393-121.74626","61583","38.56393-121.74626","Davis  CA",-121.74626,38.56393,15.8496,"US",NA,NA,"UTC"
"6158537.27251-122.04926","61585","37.27251-122.04926","Old Oak",-122.04926,37.27251,187.7568,"US",NA,NA,"UTC"
"6159337.55699-122.33444","61593","37.55699-122.33444","Cornell",-122.33444,37.55699,31.6992,"US",NA,NA,"UTC"
"6159737.2637-122.01734","61597","37.2637-122.01734","Montauk Outdoors",-122.01734,37.2637,125.5776,"US",NA,NA,"UTC"
"6159939.23079-120.01583","61599","39.23079-120.01583","Brockway Springs",-120.01583,39.23079,1904.6952,"US",NA,NA,"UTC"
"6161937.8794-122.157","61619","37.8794-122.157","Meadow View Road",-122.157,37.8794,222.1992,"US",NA,NA,"UTC"
"6162137.73259-122.15793","61621","37.73259-122.15793","Euclid Ave",-122.15793,37.73259,17.9832,"US",NA,NA,"UTC"
"6162537.34979-122.10695","61625","37.34979-122.10695","mousedeck",-122.10695,37.34979,92.0496,"US",NA,NA,"UTC"
"6165537.12947-121.64294","61655","37.12947-121.64294","Las Colinas",-121.64294,37.12947,107.8992,"US",NA,NA,"UTC"
"6183737.53592-122.30903","61837","37.53592-122.30903","Sylvan",-122.30903,37.53592,17.6784,"US",NA,NA,"UTC"
"6183937.85158-122.25452","61839","37.85158-122.25452","jrose1948 Hillegass",-122.25452,37.85158,62.1792,"US",NA,NA,"UTC"
"6212938.54092-121.50545","62129","38.54092-121.50545","AMTS_SCANS_020",-121.50545,38.54092,3.6576,"US",NA,NA,"UTC"
"6213736.84532-119.73624","62137","36.84532-119.73624","Unitarian Universalist Church",-119.73624,36.84532,109.1184,"US",NA,NA,"UTC"
"6218337.52948-121.92778","62183","37.52948-121.92778","Laurel Glen",-121.92778,37.52948,85.0392,"US",NA,NA,"UTC"
"6218537.94764-122.55098","62185","37.94764-122.55098","Woodlands Flats",-122.55098,37.94764,11.2776,"US",NA,NA,"UTC"
"6218737.45121-122.21538","62187","37.45121-122.21538","Selby Lane",-122.21538,37.45121,22.86,"US",NA,NA,"UTC"
"6219137.20658-121.85951","62191","37.20658-121.85951","Hampton Drive",-121.85951,37.20658,101.4984,"US",NA,NA,"UTC"
"6220137.91318-122.54836","62201","37.91318-122.54836","Blithedale Canyon",-122.54836,37.91318,61.8744,"US",NA,NA,"UTC"
"6220338.19643-122.14515","62203","38.19643-122.14515","Cordelia Silver",-122.14515,38.19643,17.6784,"US",NA,NA,"UTC"
"6220537.89906-121.7298","62205","37.89906-121.7298","Club Los Meganos",-121.7298,37.89906,83.2104,"US",NA,NA,"UTC"
"6220736.96255-121.99147","62207","36.96255-121.99147","15th Avenue",-121.99147,36.96255,14.3256,"US",NA,NA,"UTC"
"6220938.40664-122.55679","62209","38.40664-122.55679","Kenwood Vista (elev. 725 ft)",-122.55679,38.40664,221.2848,"US",NA,NA,"UTC"
"6222137.88347-122.43981","62221","37.88347-122.43981","Paradise Drive",-122.43981,37.88347,1.2192,"US",NA,NA,"UTC"
"6222537.37327-122.11977","62225","37.37327-122.11977","Redwood Grove",-122.11977,37.37327,61.5696,"US",NA,NA,"UTC"
"6222737.84638-122.24199","62227","37.84638-122.24199","Treehouse - Outside",-122.24199,37.84638,96.9264,"US",NA,NA,"UTC"
"6223138.71864-121.37043","62231","38.71864-121.37043","PurpleAir-8294",-121.37043,38.71864,37.1856,"US",NA,NA,"UTC"
"6223539.16555-120.14133","62235","39.16555-120.14133","Tavern Shores",-120.14133,39.16555,1898.2944,"US",NA,NA,"UTC"
"6226337.77597-122.46855","62263","37.77597-122.46855","Radish takes the air",-122.46855,37.77597,71.628,"US",NA,NA,"UTC"
"6226537.36117-122.20999","62265","37.36117-122.20999","PVRanch - Bay Laurel",-122.20999,37.36117,203.9112,"US",NA,NA,"UTC"
"6226937.52859-122.30472","62269","37.52859-122.30472","39th Ave",-122.30472,37.52859,51.5112,"US",NA,NA,"UTC"
"6227937.23438-121.93943","62279","37.23438-121.93943","Francis Oaks Exterior",-121.93943,37.23438,189.2808,"US",NA,NA,"UTC"
"6228939.33409-120.21642","62289","39.33409-120.21642","Donner Crest",-120.21642,39.33409,1919.3256,"US",NA,NA,"UTC"
"6229737.72922-122.42717","62297","37.72922-122.42717","Maynard",-122.42717,37.72922,54.5592,"US",NA,NA,"UTC"
"6229937.90503-122.52162","62299","37.90503-122.52162","Sutton Manor",-122.52162,37.90503,3.6576,"US",NA,NA,"UTC"
"6230337.75556-122.23005","62303","37.75556-122.23005","Briggs Ave Outside",-122.23005,37.75556,2.7432,"US",NA,NA,"UTC"
"6230537.85503-122.48827","62305","37.85503-122.48827","GLEN DRIVE",-122.48827,37.85503,54.2544,"US",NA,NA,"UTC"
"6230738.43444-122.66763","62307","38.43444-122.66763","Olympia Drive",-122.66763,38.43444,71.3232,"US",NA,NA,"UTC"
"6231138.34208-121.09964","62311","38.34208-121.09964","Rancho Seco",-121.09964,38.34208,68.58,"US",NA,NA,"UTC"
"6231537.9617-122.26834","62315","37.9617-122.26834","Greenbriar",-122.26834,37.9617,135.9408,"US",NA,NA,"UTC"
"6235738.48449-122.48521","62357","38.48449-122.48521","Farmhouse Out",-122.48521,38.48449,129.54,"US",NA,NA,"UTC"
"6236337.82923-122.2192","62363","37.82923-122.2192","HarborD",-122.2192,37.82923,212.7504,"US",NA,NA,"UTC"
"6236737.79012-121.97376","62367","37.79012-121.97376","Danforth Court",-121.97376,37.79012,135.0264,"US",NA,NA,"UTC"
"6237337.7425-122.46855","62373","37.7425-122.46855","Forest Side",-122.46855,37.7425,127.1016,"US",NA,NA,"UTC"
"6237737.70115-122.10203","62377","37.70115-122.10203","Rolando - Outside",-122.10203,37.70115,114.3,"US",NA,NA,"UTC"
"6238137.88892-122.26829","62381","37.88892-122.26829","Marin Circle",-122.26829,37.88892,121.92,"US",NA,NA,"UTC"
"6241338.23816-122.6258","62413","38.23816-122.6258","Redwood Empire Gymnastics",-122.6258,38.23816,4.8768,"US",NA,NA,"UTC"
"6241937.91765-122.28896","62419","37.91765-122.28896","8318 Terrace Drive Outside",-122.28896,37.91765,195.6816,"US",NA,NA,"UTC"
"6242337.47711-122.18197","62423","37.47711-122.18197","Lorelei",-122.18197,37.47711,7.0104,"US",NA,NA,"UTC"
"6242538.56715-121.40329","62425","38.56715-121.40329","Morley Way",-121.40329,38.56715,13.1064,"US",NA,NA,"UTC"
"6244737.93233-122.30946","62447","37.93233-122.30946","Arlington L",-122.30946,37.93233,132.588,"US",NA,NA,"UTC"
"6246134.15084-118.51999","62461","34.15084-118.51999","Encino  CA: Coronet Dr",-118.51999,34.15084,316.3824,"US",NA,NA,"UTC"
"6246538.31868-122.61982","62465","38.31868-122.61982","Penngrove Heights",-122.61982,38.31868,219.7608,"US",NA,NA,"UTC"
"6246937.74101-122.48927","62469","37.74101-122.48927","2024 taraval",-122.48927,37.74101,52.4256,"US",NA,NA,"UTC"
"6247338.21-122.62899","62473","38.21-122.62899","Purple Air",-122.62899,38.21,49.0728,"US",NA,NA,"UTC"
"6248137.81638-122.24143","62481","37.81638-122.24143","scott st",-122.24143,37.81638,51.816,"US",NA,NA,"UTC"
"6248937.8824-122.11454","62489","37.8824-122.11454","Hamlin Outside",-122.11454,37.8824,102.7176,"US",NA,NA,"UTC"
"6249338.32081-122.70464","62493","38.32081-122.70464","The Moffets",-122.70464,38.32081,48.768,"US",NA,NA,"UTC"
"6275337.4852-122.21965","62753","37.4852-122.21965","Chestnut Street",-122.21965,37.4852,3.6576,"US",NA,NA,"UTC"
"6275535.65337-119.89227","62755","35.65337-119.89227","LHW",-119.89227,35.65337,191.7192,"US",NA,NA,"UTC"
"6275735.65026-120.64873","62757","35.65026-120.64873","JUS - WISTERIA",-120.64873,35.65026,245.9736,"US",NA,NA,"UTC"
"6276137.80104-122.4234","62761","37.80104-122.4234","Grenard Terrace",-122.4234,37.80104,52.1208,"US",NA,NA,"UTC"
"6276537.85684-122.16931","62765","37.85684-122.16931","Crestview @ Hilldale",-122.16931,37.85684,316.3824,"US",NA,NA,"UTC"
"6298937.49781-119.98206","62989","37.49781-119.98206","CARB_SMOKE_MCAPCD_HHSA2-CH",-119.98206,37.49781,641.9088,"US",NA,NA,"UTC"
"6310938.37074-122.61712","63109","38.37074-122.61712","Tammberlin Vineyards",-122.61712,38.37074,258.7752,"US",NA,NA,"UTC"
"6311137.00184-122.01962","63111","37.00184-122.01962","Marley",-122.01962,37.00184,70.4088,"US",NA,NA,"UTC"
"6311336.83592-120.31763","63113","36.83592-120.31763","FBW",-120.31763,36.83592,48.1584,"US",NA,NA,"UTC"
"6311536.55843-121.92735","63115","36.55843-121.92735","Camino Real",-121.92735,36.55843,48.1584,"US",NA,NA,"UTC"
"6311936.65973-119.59107","63119","36.65973-119.59107","POM - Del Rey",-119.59107,36.65973,105.156,"US",NA,NA,"UTC"
"6312535.78389-119.21365","63125","35.78389-119.21365","WPCA - Delano",-119.21365,35.78389,110.3376,"US",NA,NA,"UTC"
"6312736.14003-115.31036","63127","36.14003-115.31036","The Lakes",-115.31036,36.14003,871.1184,"US",NA,NA,"UTC"
"6313137.98164-122.54435","63131","37.98164-122.54435","Sun Valley",-122.54435,37.98164,27.1272,"US",NA,NA,"UTC"
"6313340.60081-122.36651","63133","40.60081-122.36651","Nancy\u2019s Air",-122.36651,40.60081,206.9592,"US",NA,NA,"UTC"
"6314737.44524-122.17545","63147","37.44524-122.17545","Harvard Outside",-122.17545,37.44524,22.2504,"US",NA,NA,"UTC"
"6315138.39124-122.92077","63151","38.39124-122.92077","Fiori",-122.92077,38.39124,192.3288,"US",NA,NA,"UTC"
"6315739.30833-120.33569","63157","39.30833-120.33569","Sugar Bowl Academy",-120.33569,39.30833,2104.0344,"US",NA,NA,"UTC"
"6315938.01864-122.12913","63159","38.01864-122.12913","Highland Park",-122.12913,38.01864,35.052,"US",NA,NA,"UTC"
"6316337.22668-121.97852","63163","37.22668-121.97852","Boyer Outside",-121.97852,37.22668,106.0704,"US",NA,NA,"UTC"
"6320538.57919-122.78807","63205","38.57919-122.78807","Coyote",-122.78807,38.57919,90.2208,"US",NA,NA,"UTC"
"6320737.54334-122.36371","63207","37.54334-122.36371","Wedgewood",-122.36371,37.54334,196.2912,"US",NA,NA,"UTC"
"6321137.79201-121.9522","63211","37.79201-121.9522","Crow Canyon",-121.9522,37.79201,188.6712,"US",NA,NA,"UTC"
"6321336.92184-121.85166","63213","36.92184-121.85166","Canon Del Sol - La Selva Beach",-121.85166,36.92184,39.3192,"US",NA,NA,"UTC"
"6321537.38588-122.28984","63215","37.38588-122.28984","301 Allen Road",-122.28984,37.38588,687.9336,"US",NA,NA,"UTC"
"6321738.63451-121.21837","63217","38.63451-121.21837","Sacramento State Aquatic Center",-121.21837,38.63451,40.2336,"US",NA,NA,"UTC"
"6322137.46618-122.16898","63221","37.46618-122.16898","Menlo Oaks",-122.16898,37.46618,13.1064,"US",NA,NA,"UTC"
"6322937.90997-122.55666","63229","37.90997-122.55666","Tamalpais Ave _ Middle Ridge",-122.55666,37.90997,104.8512,"US",NA,NA,"UTC"
"6323138.66488-121.19527","63231","38.66488-121.19527","Mississippi Bar",-121.19527,38.66488,77.1144,"US",NA,NA,"UTC"
"6323537.9792-122.5761","63235","37.9792-122.5761","M Haus",-122.5761,37.9792,30.1752,"US",NA,NA,"UTC"
"6323939.29876-121.03631","63239","39.29876-121.03631","Lake Vera Area",-121.03631,39.29876,795.8328,"US",NA,NA,"UTC"
"6324537.3771-122.22178","63245","37.3771-122.22178","Stonegate Road",-122.22178,37.3771,174.9552,"US",NA,NA,"UTC"
"6324737.22564-121.87434","63247","37.22564-121.87434","Crossgates neighborhood",-121.87434,37.22564,69.4944,"US",NA,NA,"UTC"
"6324937.58768-122.4888","63249","37.58768-122.4888","Alviso Court",-122.4888,37.58768,58.5216,"US",NA,NA,"UTC"
"6325337.26996-121.94085","63253","37.26996-121.94085","Salerno South",-121.94085,37.26996,68.2752,"US",NA,NA,"UTC"
"6325538.01348-122.59377","63255","38.01348-122.59377","Tarry Rd",-122.59377,38.01348,71.0184,"US",NA,NA,"UTC"
"6325737.77671-122.27318","63257","37.77671-122.27318","Westside",-122.27318,37.77671,5.4864,"US",NA,NA,"UTC"
"6326337.66423-121.91218","63263","37.66423-121.91218","Foothill-K",-121.91218,37.66423,100.8888,"US",NA,NA,"UTC"
"6326937.88583-122.03934","63269","37.88583-122.03934","German Air",-122.03934,37.88583,80.4672,"US",NA,NA,"UTC"
"6327337.4797-122.27165","63273","37.4797-122.27165","Palomar Park",-122.27165,37.4797,151.1808,"US",NA,NA,"UTC"
"6327738.15646-122.89289","63277","38.15646-122.89289","Marshall coast outside",-122.89289,38.15646,3.048,"US",NA,NA,"UTC"
"6327937.31023-121.98673","63279","37.31023-121.98673","Backyard",-121.98673,37.31023,56.9976,"US",NA,NA,"UTC"
"6328137.91222-122.27648","63281","37.91222-122.27648","Kensington  CA",-122.27648,37.91222,253.8984,"US",NA,NA,"UTC"
"6329738.52278-122.49693","63297","38.52278-122.49693","GFV",-122.49693,38.52278,97.2312,"US",NA,NA,"UTC"
"6329937.73503-122.43127","63299","37.73503-122.43127","Chenery St 500 block",-122.43127,37.73503,72.8472,"US",NA,NA,"UTC"
"6330134.76447-117.92706","63301","34.76447-117.92706","SouthGate",-117.92706,34.76447,719.6328,"US",NA,NA,"UTC"
"6338734.23723-118.26444","63387","34.23723-118.26444","Abella",-118.26444,34.23723,529.7424,"US",NA,NA,"UTC"
"6342137.40397-122.19848","63421","37.40397-122.19848","Ladera Rec",-122.19848,37.40397,88.6968,"US",NA,NA,"UTC"
"6342937.00537-121.62131","63429","37.00537-121.62131","Eagle Ridge  Gilroy  California",-121.62131,37.00537,80.772,"US",NA,NA,"UTC"
"6343537.55193-122.32236","63435","37.55193-122.32236","Borel",-122.32236,37.55193,10.0584,"US",NA,NA,"UTC"
"6343737.27784-121.96574","63437","37.27784-121.96574","Craig Ave",-121.96574,37.27784,65.8368,"US",NA,NA,"UTC"
"6343938.61544-122.85146","63439","38.61544-122.85146","Hidden Acres",-122.85146,38.61544,64.3128,"US",NA,NA,"UTC"
"6346537.74597-122.46151","63465","37.74597-122.46151","Pacheco Street",-122.46151,37.74597,149.6568,"US",NA,NA,"UTC"
"6346937.40954-122.12931","63469","37.40954-122.12931","Florales Drive",-122.12931,37.40954,18.8976,"US",NA,NA,"UTC"
"6347138.37233-121.98327","63471","38.37233-121.98327","HillTopVaca",-121.98327,38.37233,58.8264,"US",NA,NA,"UTC"
"6347337.84312-122.2588","63473","37.84312-122.2588","Hermann",-122.2588,37.84312,44.196,"US",NA,NA,"UTC"
"6347937.85051-122.2748","63479","37.85051-122.2748","Fairview and King",-122.2748,37.85051,27.432,"US",NA,NA,"UTC"
"6350937.8272-122.18782","63509","37.8272-122.18782","Burton Drive",-122.18782,37.8272,440.1312,"US",NA,NA,"UTC"
"6352536.97303-122.00651","63525","36.97303-122.00651","Sumner Street",-122.00651,36.97303,19.2024,"US",NA,NA,"UTC"
"6352737.74443-122.41126","63527","37.74443-122.41126","Bernal-Out",-122.41126,37.74443,51.5112,"US",NA,NA,"UTC"
"6354537.30249-121.98916","63545","37.30249-121.98916","emcware",-121.98916,37.30249,64.3128,"US",NA,NA,"UTC"
"6355337.73289-122.16873","63553","37.73289-122.16873","Farrelly Pond",-122.16873,37.73289,14.0208,"US",NA,NA,"UTC"
"6356138.42179-122.54222","63561","38.42179-122.54222","Winery Ter",-122.54222,38.42179,184.7088,"US",NA,NA,"UTC"
"6357738.1604-121.7038","63577","38.1604-121.7038","Diamante_10",-121.7038,38.1604,26.2128,"US",NA,NA,"UTC"
"6358137.46939-122.12782","63581","37.46939-122.12782","East Palo Alto Charter School",-122.12782,37.46939,3.048,"US",NA,NA,"UTC"
"6358937.45617-122.13595","63589","37.45617-122.13595","Westside EPA",-122.13595,37.45617,6.4008,"US",NA,NA,"UTC"
"6359337.22119-121.97086","63593","37.22119-121.97086","Lower Loma Alta Ave.",-121.97086,37.22119,128.3208,"US",NA,NA,"UTC"
"6359737.59417-119.8502","63597","37.59417-119.8502","Hites Cove Rd",-119.8502,37.59417,1165.2504,"US",NA,NA,"UTC"
"6359937.47528-122.14486","63599","37.47528-122.14486","Kavanaugh Clarence",-122.14486,37.47528,3.6576,"US",NA,NA,"UTC"
"6360537.82467-122.2868","63605","37.82467-122.2868","fluffy",-122.2868,37.82467,3.9624,"US",NA,NA,"UTC"
"6360936.85667-119.80025","63609","36.85667-119.80025","The Bluffs",-119.80025,36.85667,105.7656,"US",NA,NA,"UTC"
"6361138.32035-122.8526","63611","38.32035-122.8526","Bloomfield",-122.8526,38.32035,35.6616,"US",NA,NA,"UTC"
"6361337.34136-121.93658","63613","37.34136-121.93658","Alviso \/ Hilmar",-121.93658,37.34136,24.6888,"US",NA,NA,"UTC"
"6361537.46311-122.14813","63615","37.46311-122.14813","Court Skinner 310 Donohoe",-122.14813,37.46311,9.144,"US",NA,NA,"UTC"
"6361737.45446-122.123","63617","37.45446-122.123","108 Jasmine Way",-122.123,37.45446,2.1336,"US",NA,NA,"UTC"
"6361937.27378-121.88195","63619","37.27378-121.88195","Cheshire Drive (outdoor)",-121.88195,37.27378,46.9392,"US",NA,NA,"UTC"
"6362337.45516-122.1229","63623","37.45516-122.1229","East Palo Alto - Jasmine",-122.1229,37.45516,2.1336,"US",NA,NA,"UTC"
"6363338.43418-122.67044","63633","38.43418-122.67044","Cheyenne Dr.",-122.67044,38.43418,70.7136,"US",NA,NA,"UTC"
"6363537.46594-122.14578","63635","37.46594-122.14578","Lincoln Street",-122.14578,37.46594,7.0104,"US",NA,NA,"UTC"
"6383938.28076-122.7159","63839","38.28076-122.7159","Liberty Valley",-122.7159,38.28076,57.6072,"US",NA,NA,"UTC"
"6384937.82407-122.22308","63849","37.82407-122.22308","Mountain Ave",-122.22308,37.82407,164.8968,"US",NA,NA,"UTC"
"6385137.89342-122.30148","63851","37.89342-122.30148","Albany: Madison St",-122.30148,37.89342,17.6784,"US",NA,NA,"UTC"
"6385339.25893-119.96703","63853","39.25893-119.96703","TERC Upper",-119.96703,39.25893,2148.84,"US",NA,NA,"UTC"
"6386137.06795-121.66942","63861","37.06795-121.66942","Chaparral",-121.66942,37.06795,145.3896,"US",NA,NA,"UTC"
"6386338.37915-122.51945","63863","38.37915-122.51945","Gondolfo2",-122.51945,38.37915,98.4504,"US",NA,NA,"UTC"
"6387336.97074-121.9691","63873","36.97074-121.9691","Capitola Mall\/Live Oak",-121.9691,36.97074,20.4216,"US",NA,NA,"UTC"
"6387736.9514-122.04593","63877","36.9514-122.04593","Lower Westside",-122.04593,36.9514,13.4112,"US",NA,NA,"UTC"
"6388137.43063-122.26619","63881","37.43063-122.26619","Woodside Rick",-122.26619,37.43063,141.1224,"US",NA,NA,"UTC"
"6388335.78091-118.44433","63883","35.78091-118.44433","Bull Run\/Kernville\/Riverkern",-118.44433,35.78091,833.9328,"US",NA,NA,"UTC"
"6388937.88753-122.27735","63889","37.88753-122.27735","Fresno",-122.27735,37.88753,73.4568,"US",NA,NA,"UTC"
"6389537.96727-122.55006","63895","37.96727-122.55006","Winding Way",-122.55006,37.96727,44.8056,"US",NA,NA,"UTC"
"6390537.8982-122.5591","63905","37.8982-122.5591","Sequoia Valley Road",-122.5591,37.8982,199.0344,"US",NA,NA,"UTC"
"6390737.88938-122.19815","63907","37.88938-122.19815","Ardilla",-122.19815,37.88938,132.8928,"US",NA,NA,"UTC"
"6392537.80125-122.42379","63925","37.80125-122.42379","70 grenard",-122.42379,37.80125,36.8808,"US",NA,NA,"UTC"
"6392938.56468-122.57845","63929","38.56468-122.57845","Diamond Mountain",-122.57845,38.56468,186.5376,"US",NA,NA,"UTC"
"6393336.59164-121.90228","63933","36.59164-121.90228","Colton out",-121.90228,36.59164,58.5216,"US",NA,NA,"UTC"
"6393737.86927-122.27912","63937","37.86927-122.27912","UT",-122.27912,37.86927,38.4048,"US",NA,NA,"UTC"
"6394137.86966-122.53259","63941","37.86966-122.53259","Via Recodo",-122.53259,37.86966,103.3272,"US",NA,NA,"UTC"
"6394939.52796-120.00732","63949","39.52796-120.00732","Verdi Sierra Pines",-120.00732,39.52796,1527.048,"US",NA,NA,"UTC"
"6395337.5305-122.31214","63953","37.5305-122.31214","Moo Ping on Hillsdale",-122.31214,37.5305,32.3088,"US",NA,NA,"UTC"
"6396140.24749-121.15317","63961","40.24749-121.15317","LakeA",-121.15317,40.24749,1405.7376,"US",NA,NA,"UTC"
"6396937.89352-122.45953","63969","37.89352-122.45953","El Campo",-122.45953,37.89352,43.2816,"US",NA,NA,"UTC"
"6398137.76707-122.22842","63981","37.76707-122.22842","Marina drive",-122.22842,37.76707,4.8768,"US",NA,NA,"UTC"
"6398938.55514-121.77959","63989","38.55514-121.77959","West Davis Outdoor PurpleAir",-121.77959,38.55514,16.764,"US",NA,NA,"UTC"
"6400137.66956-122.14843","64001","37.66956-122.14843","Via Harriet (outside)",-122.14843,37.66956,3.9624,"US",NA,NA,"UTC"
"6401137.57923-122.33423","64011","37.57923-122.33423","834 N Claremont St",-122.33423,37.57923,9.144,"US",NA,NA,"UTC"
"6402137.78368-121.81001","64021","37.78368-121.81001","Top Forty Ranch",-121.81001,37.78368,349.6056,"US",NA,NA,"UTC"
"6402537.92433-122.32234","64025","37.92433-122.32234","Braxton Park",-122.32234,37.92433,15.24,"US",NA,NA,"UTC"
"6403737.2379-121.93577","64037","37.2379-121.93577","SciTeach6",-121.93577,37.2379,89.916,"US",NA,NA,"UTC"
"6403938.30701-122.02927","64039","38.30701-122.02927","Paradise Valley Estates",-122.02927,38.30701,54.864,"US",NA,NA,"UTC"
"6404537.9179-122.18689","64045","37.9179-122.18689","Sleepy Hollow Swim and Tennis Club",-122.18689,37.9179,224.3328,"US",NA,NA,"UTC"
"6404737.89467-122.19849","64047","37.89467-122.19849","Acacia Drive",-122.19849,37.89467,148.1328,"US",NA,NA,"UTC"
"6404937.48884-122.2656","64049","37.48884-122.2656","Burnham Court",-122.2656,37.48884,36.8808,"US",NA,NA,"UTC"
"6405137.35485-121.89877","64051","37.35485-121.89877","Home",-121.89877,37.35485,17.6784,"US",NA,NA,"UTC"
"6406337.82238-122.20168","64063","37.82238-122.20168","Outdoor Air",-122.20168,37.82238,240.4872,"US",NA,NA,"UTC"
"6407137.54465-122.34909","64071","37.54465-122.34909","Lower Black Mountain",-122.34909,37.54465,92.964,"US",NA,NA,"UTC"
"6410337.46949-122.20906","64103","37.46949-122.20906","Dexter and Waverly",-122.20906,37.46949,11.5824,"US",NA,NA,"UTC"
"6411137.88908-122.54546","64111","37.88908-122.54546","Skyline Terrace",-122.54546,37.88908,156.6672,"US",NA,NA,"UTC"
"6413137.92641-122.09163","64131","37.92641-122.09163","CrouseHouse",-122.09163,37.92641,59.436,"US",NA,NA,"UTC"
"6422537.52634-122.35216","64225","37.52634-122.35216","Forge road",-122.35216,37.52634,166.116,"US",NA,NA,"UTC"
"6422934.31278-119.3607","64229","34.31278-119.3607","Solimar Beach",-119.3607,34.31278,4.8768,"US",NA,NA,"UTC"
"6431537.14159-121.97135","64315","37.14159-121.97135","Darwin's House",-121.97135,37.14159,545.8968,"US",NA,NA,"UTC"
"6431740.88251-119.32794","64317","40.88251-119.32794","BRC - Tower at BRS @ Hualapai Flat",-119.32794,40.88251,1227.4296,"US",NA,NA,"UTC"
"6432137.36028-122.10573","64321","37.36028-122.10573","Los Altos",-122.10573,37.36028,69.7992,"US",NA,NA,"UTC"
"6432537.30939-122.04082","64325","37.30939-122.04082","Elderwood Ct",-122.04082,37.30939,92.6592,"US",NA,NA,"UTC"
"6434337.8754-122.53376","64343","37.8754-122.53376","Special Projects",-122.53376,37.8754,40.8432,"US",NA,NA,"UTC"
"6434738.13118-122.19674","64347","38.13118-122.19674","sjames-out",-122.19674,38.13118,117.0432,"US",NA,NA,"UTC"
"6434938.01457-122.56725","64349","38.01457-122.56725","Ovejas West Outdoor",-122.56725,38.01457,32.004,"US",NA,NA,"UTC"
"6435337.72244-122.47051","64353","37.72244-122.47051","Monticello",-122.47051,37.72244,67.6656,"US",NA,NA,"UTC"
"6435737.53053-122.30481","64357","37.53053-122.30481","37th Ave",-122.30481,37.53053,28.6512,"US",NA,NA,"UTC"
"6436338.30442-122.46729","64363","38.30442-122.46729","Chalet",-122.46729,38.30442,42.672,"US",NA,NA,"UTC"
"6437138.06971-122.54652","64371","38.06971-122.54652","Ignacio Valley",-122.54652,38.06971,13.716,"US",NA,NA,"UTC"
"6437337.39109-122.23449","64373","37.39109-122.23449","Farm Road",-122.23449,37.39109,137.16,"US",NA,NA,"UTC"
"6437533.57655-117.73126","64375","33.57655-117.73126","Aliso Viejo Outside PAII",-117.73126,33.57655,151.1808,"US",NA,NA,"UTC"
"6437938.41922-122.88261","64379","38.41922-122.88261","OConnell Rd",-122.88261,38.41922,89.3064,"US",NA,NA,"UTC"
"6438137.34168-121.87625","64381","37.34168-121.87625","Naglee Park - Outdoors",-121.87625,37.34168,25.908,"US",NA,NA,"UTC"
"6438337.75431-122.44013","64383","37.75431-122.44013","Airjawn",-122.44013,37.75431,107.5944,"US",NA,NA,"UTC"
"6438937.80545-122.24345","64389","37.80545-122.24345","Cleveland Heights Outdoor",-122.24345,37.80545,32.3088,"US",NA,NA,"UTC"
"6439137.82962-121.99819","64391","37.82962-121.99819","Adobe Ct  Danville",-121.99819,37.82962,136.5504,"US",NA,NA,"UTC"
"6439737.88002-122.28132","64397","37.88002-122.28132","Cal-Rose-Ada",-122.28132,37.88002,39.624,"US",NA,NA,"UTC"
"6439937.22625-121.76379","64399","37.22625-121.76379","Plympton",-121.76379,37.22625,68.2752,"US",NA,NA,"UTC"
"6440139.21158-121.00338","64401","39.21158-121.00338","Omega",-121.00338,39.21158,905.8656,"US",NA,NA,"UTC"
"6440337.2433-121.97303","64403","37.2433-121.97303","East vineland",-121.97303,37.2433,123.444,"US",NA,NA,"UTC"
"6440937.21985-121.96618","64409","37.21985-121.96618","Vista del Mar",-121.96618,37.21985,144.78,"US",NA,NA,"UTC"
"6441933.54699-117.75585","64419","33.54699-117.75585","Top of the World",-117.75585,33.54699,284.0736,"US",NA,NA,"UTC"
"6442137.60985-122.47224","64421","37.60985-122.47224","Upper Vallemar",-122.47224,37.60985,69.4944,"US",NA,NA,"UTC"
"6442337.8436-122.20026","64423","37.8436-122.20026","Sobrante Rd",-122.20026,37.8436,300.228,"US",NA,NA,"UTC"
"6442537.38176-122.08793","64425","37.38176-122.08793","EichlerCourt-Outside",-122.08793,37.38176,35.3568,"US",NA,NA,"UTC"
"6442937.75993-122.13759","64429","37.75993-122.13759","Sequoyah",-122.13759,37.75993,116.7384,"US",NA,NA,"UTC"
"6443138.21801-122.46536","64431","38.21801-122.46536","The Farm",-122.46536,38.21801,18.5928,"US",NA,NA,"UTC"
"6443337.97264-121.97494","64433","37.97264-121.97494","Bishop Estates",-121.97494,37.97264,64.008,"US",NA,NA,"UTC"
"6444736.61101-121.9008","64447","36.61101-121.9008","Hawthorne and Drake",-121.9008,36.61101,32.9184,"US",NA,NA,"UTC"
"6445137.40789-122.09438","64451","37.40789-122.09438","Thea",-122.09438,37.40789,10.3632,"US",NA,NA,"UTC"
"6446137.12389-121.95847","64461","37.12389-121.95847","Villa del Monte (West)",-121.95847,37.12389,391.0584,"US",NA,NA,"UTC"
"6446738.31858-122.33177","64467","38.31858-122.33177","Napa Dry Creek \/ Redwood Rd",-122.33177,38.31858,37.4904,"US",NA,NA,"UTC"
"6446937.93879-121.96249","64469","37.93879-121.96249","Rock Creek\/Claycord",-121.96249,37.93879,126.1872,"US",NA,NA,"UTC"
"6447537.98205-122.51776","64475","37.98205-122.51776","Newhall Drive",-122.51776,37.98205,27.7368,"US",NA,NA,"UTC"
"6447737.90514-122.56322","64477","37.90514-122.56322","220 Rose Ave",-122.56322,37.90514,107.8992,"US",NA,NA,"UTC"
"6448336.85043-119.72064","64483","36.85043-119.72064","Howard",-119.72064,36.85043,111.8616,"US",NA,NA,"UTC"
"6448739.01978-122.74703","64487","39.01978-122.74703","Lake House",-122.74703,39.01978,408.1272,"US",NA,NA,"UTC"
"6448937.79577-122.17715","64489","37.79577-122.17715","Redwood Hills",-122.17715,37.79577,197.8152,"US",NA,NA,"UTC"
"6449137.84033-121.99223","64491","37.84033-121.99223","Home",-121.99223,37.84033,155.448,"US",NA,NA,"UTC"
"6468334.41801-119.57266","64683","34.41801-119.57266","Tulana Ranch",-119.57266,34.41801,23.4696,"US",NA,NA,"UTC"
"6469337.98628-122.56603","64693","37.98628-122.56603","Outside",-122.56603,37.98628,30.7848,"US",NA,NA,"UTC"
"6469539.13469-120.15962","64695","39.13469-120.15962","Ward Ave",-120.15962,39.13469,1913.8392,"US",NA,NA,"UTC"
"6470338.6568-122.90936","64703","38.6568-122.90936","Decanter Healdsburg",-122.90936,38.6568,82.296,"US",NA,NA,"UTC"
"6471136.9935-121.94746","64711","36.9935-121.94746","Stance Ave",-121.94746,36.9935,90.8304,"US",NA,NA,"UTC"
"6471737.53503-122.32154","64717","37.53503-122.32154","San Mateo - Sunset",-122.32154,37.53503,66.4464,"US",NA,NA,"UTC"
"6472337.59078-122.31973","64723","37.59078-122.31973","CuriOdyssey at Coyote Point",-122.31973,37.59078,19.5072,"US",NA,NA,"UTC"
"6473137.22324-122.00063","64731","37.22324-122.00063","Sheldon Road",-122.00063,37.22324,331.0128,"US",NA,NA,"UTC"
"6473337.6779-122.06045","64733","37.6779-122.06045","Fairlands",-122.06045,37.6779,98.1456,"US",NA,NA,"UTC"
"6473936.96679-121.82126","64739","36.96679-121.82126","Sunflower power",-121.82126,36.96679,126.1872,"US",NA,NA,"UTC"
"6475137.45836-122.1614","64751","37.45836-122.1614","McKendry",-122.1614,37.45836,14.0208,"US",NA,NA,"UTC"
"6475737.36356-122.09433","64757","37.36356-122.09433","Side yard alley",-122.09433,37.36356,55.4736,"US",NA,NA,"UTC"
"6476138.2982-122.44836","64761","38.2982-122.44836","Brazil St",-122.44836,38.2982,46.3296,"US",NA,NA,"UTC"
"6476337.22611-121.85911","64763","37.22611-121.85911","Wallace (outside)",-121.85911,37.22611,71.3232,"US",NA,NA,"UTC"
"6476534.27589-118.318","64765","34.27589-118.318","Riverwood ranch",-118.318,34.27589,433.1208,"US",NA,NA,"UTC"
"6477339.36002-120.24128","64773","39.36002-120.24128","14024 Saint Croix Way",-120.24128,39.36002,1994.916,"US",NA,NA,"UTC"
"6477537.97218-122.5682","64775","37.97218-122.5682","near wade thomas",-122.5682,37.97218,21.0312,"US",NA,NA,"UTC"
"6477737.76384-122.3879","64777","37.76384-122.3879","Dogpatch",-122.3879,37.76384,3.9624,"US",NA,NA,"UTC"
"6477938.0991-122.58294","64779","38.0991-122.58294","Hill and Tamalpais",-122.58294,38.0991,16.1544,"US",NA,NA,"UTC"
"6478137.57554-122.35219","64781","37.57554-122.35219","401 Occidental Ave. Burlingame CA 94010",-122.35219,37.57554,14.0208,"US",NA,NA,"UTC"
"6478337.22959-121.82575","64783","37.22959-121.82575","Galen",-121.82575,37.22959,52.7304,"US",NA,NA,"UTC"
"6478538.89977-119.96214","64785","38.89977-119.96214","PeakView",-119.96214,38.89977,1975.7136,"US",NA,NA,"UTC"
"6479333.53322-117.12985","64793","33.53322-117.12985","Biancardi",-117.12985,33.53322,365.1504,"US",NA,NA,"UTC"
"6480537.90218-122.50199","64805","37.90218-122.50199","Rancho Tiburon",-122.50199,37.90218,14.6304,"US",NA,NA,"UTC"
"6481937.55878-122.32591","64819","37.55878-122.32591","Parrot Park",-122.32591,37.55878,12.192,"US",NA,NA,"UTC"
"6482337.45001-122.22379","64823","37.45001-122.22379","Santa Clara Ave at Barton St",-122.22379,37.45001,23.4696,"US",NA,NA,"UTC"
"6483937.80776-122.42137","64839","37.80776-122.42137","Dolphin Club",-122.42137,37.80776,3.3528,"US",NA,NA,"UTC"
"6484939.4141-119.7781","64849","39.4141-119.7781","Buckthorn Ln",-119.7781,39.4141,1463.04,"US",NA,NA,"UTC"
"6485138.73508-120.91901","64851","38.73508-120.91901","Edson-Smith Greenstone Country",-120.91901,38.73508,407.2128,"US",NA,NA,"UTC"
"6485537.99974-122.54622","64855","37.99974-122.54622","Nova Albion",-122.54622,37.99974,19.2024,"US",NA,NA,"UTC"
"6485737.21912-121.8935","64857","37.21912-121.8935","Montego Hills",-121.8935,37.21912,162.7632,"US",NA,NA,"UTC"
"6487538.46686-120.04677","64875","38.46686-120.04677","John Ebbetts  Bear Valley  CA",-120.04677,38.46686,2210.4096,"US",NA,NA,"UTC"
"6490137.96017-122.55101","64901","37.96017-122.55101","Toussin",-122.55101,37.96017,46.9392,"US",NA,NA,"UTC"
"6490938.62547-122.82079","64909","38.62547-122.82079","Front Porch Farm",-122.82079,38.62547,40.8432,"US",NA,NA,"UTC"
"6492938.22398-122.47223","64929","38.22398-122.47223","Gloria Ferrer Caves &amp; Vineyards",-122.47223,38.22398,36.2712,"US",NA,NA,"UTC"
"6494541.32278-122.09333","64945","41.32278-122.09333","RFIR",-122.09333,41.32278,1372.5144,"US",NA,NA,"UTC"
"6495337.81967-122.23564","64953","37.81967-122.23564","Near Wildwood School",-122.23564,37.81967,54.5592,"US",NA,NA,"UTC"
"6510737.51434-122.272","65107","37.51434-122.272","Sunnyslope",-122.272,37.51434,42.3672,"US",NA,NA,"UTC"
"6513738.19881-120.0048","65137","38.19881-120.0048","Strawberry River House",-120.0048,38.19881,1609.9536,"US",NA,NA,"UTC"
"6514137.47028-122.26551","65141","37.47028-122.26551","Lakeview Way &amp; Summit",-122.26551,37.47028,126.7968,"US",NA,NA,"UTC"
"6516137.36994-122.08987","65161","37.36994-122.08987","1864 Van Buren Circle",-122.08987,37.36994,47.244,"US",NA,NA,"UTC"
"6516337.55777-122.36531","65163","37.55777-122.36531","Pinehill Rd.",-122.36531,37.55777,153.0096,"US",NA,NA,"UTC"
"6516538.03008-122.58096","65165","38.03008-122.58096","Mt Tallac Ct",-122.58096,38.03008,51.5112,"US",NA,NA,"UTC"
"6516737.33323-121.91873","65167","37.33323-121.91873","Fremont Street  San Jose",-121.91873,37.33323,28.956,"US",NA,NA,"UTC"
"6517337.45112-122.1644","65173","37.45112-122.1644","Palo ALto (W of University)",-122.1644,37.45112,18.288,"US",NA,NA,"UTC"
"6518138.16946-122.51076","65181","38.16946-122.51076","Griffins Lair",-122.51076,38.16946,28.956,"US",NA,NA,"UTC"
"6518939.44965-123.80222","65189","39.44965-123.80222","Shafsky House",-123.80222,39.44965,27.432,"US",NA,NA,"UTC"
"6519337.92737-122.33729","65193","37.92737-122.33729","Pullman",-122.33729,37.92737,14.3256,"US",NA,NA,"UTC"
"6519538.83995-120.01911","65195","38.83995-120.01911","Colusa Street",-120.01911,38.83995,1942.1856,"US",NA,NA,"UTC"
"6520137.88534-122.29321","65201","37.88534-122.29321","Albany  CA (Evelyn)",-122.29321,37.88534,17.6784,"US",NA,NA,"UTC"
"6520938.85671-119.9966","65209","38.85671-119.9966","Osage Circle",-119.9966,38.85671,1982.724,"US",NA,NA,"UTC"
"6521137.97682-122.0929","65211","37.97682-122.0929","Jeanne Circle",-122.0929,37.97682,82.6008,"US",NA,NA,"UTC"
"6521738.08285-122.20373","65217","38.08285-122.20373","Glen Cove Hills",-122.20373,38.08285,67.6656,"US",NA,NA,"UTC"
"6522337.66768-121.87901","65223","37.66768-121.87901","Del Valle Pkwy",-121.87901,37.66768,106.0704,"US",NA,NA,"UTC"
"6522537.77786-122.17516","65225","37.77786-122.17516","Courage",-122.17516,37.77786,96.6216,"US",NA,NA,"UTC"
"6522937.49089-122.27279","65229","37.49089-122.27279","LondonEye",-122.27279,37.49089,113.9952,"US",NA,NA,"UTC"
"6523337.05999-119.16983","65233","37.05999-119.16983","Doe Hill",-119.16983,37.05999,1845.2592,"US",NA,NA,"UTC"
"6523737.26895-121.80973","65237","37.26895-121.80973","The Wolf's Den (Outside)",-121.80973,37.26895,57.3024,"US",NA,NA,"UTC"
"6524337.91602-122.56062","65243","37.91602-122.56062","Summit Ave",-122.56062,37.91602,217.932,"US",NA,NA,"UTC"
"6524537.91276-122.55286","65245","37.91276-122.55286","Beverly Terrace",-122.55286,37.91276,76.2,"US",NA,NA,"UTC"
"6525337.35873-122.09728","65253","37.35873-122.09728","Magdalena",-122.09728,37.35873,65.2272,"US",NA,NA,"UTC"
"6526137.57425-122.3267","65261","37.57425-122.3267","Santa Inez Ave",-122.3267,37.57425,3.6576,"US",NA,NA,"UTC"
"6527337.7649-122.46303","65273","37.7649-122.46303","1260 6th Ave",-122.46303,37.7649,86.2584,"US",NA,NA,"UTC"
"6528137.85493-122.24137","65281","37.85493-122.24137","Uplands",-122.24137,37.85493,115.2144,"US",NA,NA,"UTC"
"6528338.56621-121.48441","65283","38.56621-121.48441","Midtown Solons",-121.48441,38.56621,7.0104,"US",NA,NA,"UTC"
"6528737.43081-122.11976","65287","37.43081-122.11976","Loma Verde Outside",-122.11976,37.43081,3.6576,"US",NA,NA,"UTC"
"6529138.06398-120.65276","65291","38.06398-120.65276","Harzel Ranch",-120.65276,38.06398,432.5112,"US",NA,NA,"UTC"
"6530137.90254-122.27228","65301","37.90254-122.27228","Kentucky Ave at Holmes Path",-122.27228,37.90254,216.1032,"US",NA,NA,"UTC"
"6530537.73595-122.41659","65305","37.73595-122.41659","607 Andover St.",-122.41659,37.73595,51.816,"US",NA,NA,"UTC"
"6533137.91251-122.51057","65331","37.91251-122.51057","Olympus",-122.51057,37.91251,23.1648,"US",NA,NA,"UTC"
"6534937.51555-122.30685","65349","37.51555-122.30685","Cipriani",-122.30685,37.51555,143.8656,"US",NA,NA,"UTC"
"6536538.3381-122.26712","65365","38.3381-122.26712","Hedgeside Outside",-122.26712,38.3381,16.764,"US",NA,NA,"UTC"
"6537337.6558-122.49048","65373","37.6558-122.49048","Whistler",-122.49048,37.6558,51.2064,"US",NA,NA,"UTC"
"6537537.77018-122.26563","65375","37.77018-122.26563","Saint Charles",-122.26563,37.77018,9.7536,"US",NA,NA,"UTC"
"6541337.92543-122.38814","65413","37.92543-122.38814","Kittyweyr",-122.38814,37.92543,34.4424,"US",NA,NA,"UTC"
"6541538.46104-122.41915","65415","38.46104-122.41915","Rutherford Cross Rd",-122.41915,38.46104,49.6824,"US",NA,NA,"UTC"
"6542137.06709-122.0805","65421","37.06709-122.0805","Brackney",-122.0805,37.06709,101.1936,"US",NA,NA,"UTC"
"6542937.88648-122.2533","65429","37.88648-122.2533","Lower Fairlawn",-122.2533,37.88648,299.0088,"US",NA,NA,"UTC"
"6543538.24524-122.31729","65435","38.24524-122.31729","Cuttings Wharf Rd",-122.31729,38.24524,18.5928,"US",NA,NA,"UTC"
"6543737.42254-122.14984","65437","37.42254-122.14984","Cornell Street",-122.14984,37.42254,13.716,"US",NA,NA,"UTC"
"6544339.31655-120.29085","65443","39.31655-120.29085","Cottonwood St",-120.29085,39.31655,1815.6936,"US",NA,NA,"UTC"
"6544737.544-121.951","65447","37.544-121.951","PaseoAtDriscoll",-121.951,37.544,19.812,"US",NA,NA,"UTC"
"6544938.36745-122.53173","65449","38.36745-122.53173","Kenwood Press",-122.53173,38.36745,85.344,"US",NA,NA,"UTC"
"6545137.58051-122.31568","65451","37.58051-122.31568","North Shoreview Bayside",-122.31568,37.58051,2.7432,"US",NA,NA,"UTC"
"6545537.40243-122.27724","65455","37.40243-122.27724","Bear Gulch Meadows",-122.27724,37.40243,452.9328,"US",NA,NA,"UTC"
"6545937.63294-122.48848","65459","37.63294-122.48848","Eureka!",-122.48848,37.63294,18.5928,"US",NA,NA,"UTC"
"6546738.93454-119.94929","65467","38.93454-119.94929","Chalet",-119.94929,38.93454,1972.3608,"US",NA,NA,"UTC"
"6547538.00433-121.62498","65475","38.00433-121.62498","Delta",-121.62498,38.00433,1.524,"US",NA,NA,"UTC"
"6547938.60345-121.35937","65479","38.60345-121.35937","Garden of the Gods",-121.35937,38.60345,24.6888,"US",NA,NA,"UTC"
"6548337.94821-122.3398","65483","37.94821-122.3398","2800 Block Humphrey Ave",-122.3398,37.94821,25.2984,"US",NA,NA,"UTC"
"6549137.53025-122.29483","65491","37.53025-122.29483","113 W 40th Ave",-122.29483,37.53025,22.5552,"US",NA,NA,"UTC"
"6549337.89298-122.47044","65493","37.89298-122.47044","Tiburon Middle Ridge Open Space",-122.47044,37.89298,138.3792,"US",NA,NA,"UTC"
"6549537.36939-122.0685","65495","37.36939-122.0685","Home",-122.0685,37.36939,48.1584,"US",NA,NA,"UTC"
"6549938.3373-122.35622","65499","38.3373-122.35622","Harms Vineyard",-122.35622,38.3373,89.3064,"US",NA,NA,"UTC"
"6550338.18367-122.64736","65503","38.18367-122.64736","San Antonio Valley",-122.64736,38.18367,33.528,"US",NA,NA,"UTC"
"6550537.28992-122.01739","65505","37.28992-122.01739","Prides Crossing",-122.01739,37.28992,87.4776,"US",NA,NA,"UTC"
"6551337.87018-122.27886","65513","37.87018-122.27886","Backyard 7' AGL",-122.27886,37.87018,40.2336,"US",NA,NA,"UTC"
"6551937.96411-122.0361","65519","37.96411-122.0361","Oak Terrace",-122.0361,37.96411,15.24,"US",NA,NA,"UTC"
"6561937.43938-122.43303","65619","37.43938-122.43303","Bayhill Rd",-122.43303,37.43938,22.86,"US",NA,NA,"UTC"
"6563939.15121-123.52881","65639","39.15121-123.52881","Biscuit",-123.52881,39.15121,272.796,"US",NA,NA,"UTC"
"6564137.35961-122.069","65641","37.35961-122.069","1110 Bruckner",-122.069,37.35961,57.3024,"US",NA,NA,"UTC"
"6564337.7367-122.41505","65643","37.7367-122.41505","Bernellsworth",-122.41505,37.7367,40.8432,"US",NA,NA,"UTC"
"6565537.59264-122.46802","65655","37.59264-122.46802","Everglades Dr",-122.46802,37.59264,124.6632,"US",NA,NA,"UTC"
"6565736.95849-121.97253","65657","36.95849-121.97253","Pleasure Point",-121.97253,36.95849,11.2776,"US",NA,NA,"UTC"
"6566337.88564-122.26662","65663","37.88564-122.26662","Og's Device",-122.26662,37.88564,112.776,"US",NA,NA,"UTC"
"6567337.58434-122.37982","65673","37.58434-122.37982","Burlingame Easton North",-122.37982,37.58434,26.5176,"US",NA,NA,"UTC"
"6568137.44314-122.24775","65681","37.44314-122.24775","Woodside Hills - Ridgeway Rd",-122.24775,37.44314,140.5128,"US",NA,NA,"UTC"
"6568337.40403-122.09847","65683","37.40403-122.09847","Monta Loma and Central Expressway",-122.09847,37.40403,14.9352,"US",NA,NA,"UTC"
"6568537.85766-122.16291","65685","37.85766-122.16291","Exterior",-122.16291,37.85766,238.0488,"US",NA,NA,"UTC"
"6569137.20923-121.85257","65691","37.20923-121.85257","GLENVIEW DRIVE",-121.85257,37.20923,88.6968,"US",NA,NA,"UTC"
"6569336.95498-121.87541","65693","36.95498-121.87541","Spindrift",-121.87541,36.95498,37.4904,"US",NA,NA,"UTC"
"6569536.96797-122.05804","65695","36.96797-122.05804","Western Court",-122.05804,36.96797,71.628,"US",NA,NA,"UTC"
"6569937.43441-122.19213","65699","37.43441-122.19213","Lemon Street",-122.19213,37.43441,33.528,"US",NA,NA,"UTC"
"6571137.63386-122.42311","65711","37.63386-122.42311","Commodore Dr",-122.42311,37.63386,23.1648,"US",NA,NA,"UTC"
"6571337.76615-122.43277","65713","37.76615-122.43277","15th and Noe",-122.43277,37.76615,44.5008,"US",NA,NA,"UTC"
"6571537.35894-122.03971","65715","37.35894-122.03971","N Sage",-122.03971,37.35894,47.8536,"US",NA,NA,"UTC"
"6571737.27535-121.9388","65717","37.27535-121.9388","Silver&amp;Black",-121.9388,37.27535,64.9224,"US",NA,NA,"UTC"
"6572137.2817-121.89232","65721","37.2817-121.89232","Lincoln Glen",-121.89232,37.2817,46.0248,"US",NA,NA,"UTC"
"6572737.27943-121.97542","65727","37.27943-121.97542","Bees Knees",-121.97542,37.27943,69.4944,"US",NA,NA,"UTC"
"6573537.36401-122.11961","65735","37.36401-122.11961","Normandy lane",-122.11961,37.36401,84.4296,"US",NA,NA,"UTC"
"6574537.42995-122.43189","65745","37.42995-122.43189","Canada Cove",-122.43189,37.42995,25.2984,"US",NA,NA,"UTC"
"6574737.84469-122.15404","65747","37.84469-122.15404","Del Rey neighborhood",-122.15404,37.84469,179.832,"US",NA,NA,"UTC"
"6574937.76986-122.26691","65749","37.76986-122.26691","pit of despair",-122.26691,37.76986,9.4488,"US",NA,NA,"UTC"
"6575537.55692-122.315","65755","37.55692-122.315","Western Air Temple",-122.315,37.55692,5.4864,"US",NA,NA,"UTC"
"6575738.511-122.47669","65757","38.511-122.47669","Pratt Ave.",-122.47669,38.511,80.772,"US",NA,NA,"UTC"
"6576138.01115-122.1397","65761","38.01115-122.1397","Arlington Neighborhood",-122.1397,38.01115,53.0352,"US",NA,NA,"UTC"
"6576337.84907-122.26296","65763","37.84907-122.26296","544 63rd St",-122.26296,37.84907,44.8056,"US",NA,NA,"UTC"
"6576537.3717-122.17311","65765","37.3717-122.17311","Alexis Dr",-122.17311,37.3717,180.4416,"US",NA,NA,"UTC"
"6576938.32485-122.50414","65769","38.32485-122.50414","Don Timoteo Court",-122.50414,38.32485,53.34,"US",NA,NA,"UTC"
"6577337.53007-122.32209","65773","37.53007-122.32209","Meadowview",-122.32209,37.53007,124.6632,"US",NA,NA,"UTC"
"6578737.79823-122.17927","65787","37.79823-122.17927","Purple Haze",-122.17927,37.79823,203.9112,"US",NA,NA,"UTC"
"6580738.7953-123.53005","65807","38.7953-123.53005","Gualala Ridge",-123.53005,38.7953,259.9944,"US",NA,NA,"UTC"
"6584537.70205-120.24447","65845","37.70205-120.24447","Horseshoe Bend - Lake McClure",-120.24447,37.70205,287.1216,"US",NA,NA,"UTC"
"6585137.34153-122.10908","65851","37.34153-122.10908","Camino Hermoso",-122.10908,37.34153,169.4688,"US",NA,NA,"UTC"
"6585337.79617-121.93064","65853","37.79617-121.93064","Northview",-121.93064,37.79617,194.4624,"US",NA,NA,"UTC"
"6586737.73962-122.25726","65867","37.73962-122.25726","Hays Ct - Outdoor",-122.25726,37.73962,4.2672,"US",NA,NA,"UTC"
"6589537.75824-122.41997","65895","37.75824-122.41997","McM",-122.41997,37.75824,19.5072,"US",NA,NA,"UTC"
"6589937.91908-122.2933","65899","37.91908-122.2933","El Cerrito - Burns Ct. - Backyard",-122.2933,37.91908,155.1432,"US",NA,NA,"UTC"
"6590137.84513-122.21355","65901","37.84513-122.21355","6481 Farallon Way",-122.21355,37.84513,337.4136,"US",NA,NA,"UTC"
"6590938.9443-119.93774","65909","38.9443-119.93774","Tahoe",-119.93774,38.9443,2037.8928,"US",NA,NA,"UTC"
"6591137.98097-122.6003","65911","37.98097-122.6003","180 Toyon",-122.6003,37.98097,141.732,"US",NA,NA,"UTC"
"6591337.35411-122.20379","65913","37.35411-122.20379","Blue Oaks",-122.20379,37.35411,260.9088,"US",NA,NA,"UTC"
"6591437.95928-122.09724","65914","37.95928-122.09724","WaverlyAir",-122.09724,37.95928,55.4736,"US",NA,NA,"UTC"
"6591938.5672-121.43764","65919","38.5672-121.43764","53rd &amp; I Street",-121.43764,38.5672,9.144,"US",NA,NA,"UTC"
"6592737.88072-122.10665","65927","37.88072-122.10665","Oswego Ct",-122.10665,37.88072,126.492,"US",NA,NA,"UTC"
"6593337.97745-122.52348","65933","37.97745-122.52348","Hillcrest",-122.52348,37.97745,18.288,"US",NA,NA,"UTC"
"6593537.53979-122.31272","65935","37.53979-122.31272","Jason &amp; Rena",-122.31272,37.53979,19.2024,"US",NA,NA,"UTC"
"6593739.36304-120.24802","65937","39.36304-120.24802","Stockholm Way",-120.24802,39.36304,2018.6904,"US",NA,NA,"UTC"
"6594537.35115-122.13281","65945","37.35115-122.13281","La Loma Drive LAH",-122.13281,37.35115,192.9384,"US",NA,NA,"UTC"
"6594736.96108-121.98862","65947","36.96108-121.98862","Sunny Cove",-121.98862,36.96108,12.4968,"US",NA,NA,"UTC"
"6594937.75154-122.4222","65949","37.75154-122.4222","San Jose Ave",-122.4222,37.75154,34.7472,"US",NA,NA,"UTC"
"6596537.35759-122.10359","65965","37.35759-122.10359","24151 Young court  Los Altos  CA 94024",-122.10359,37.35759,66.1416,"US",NA,NA,"UTC"
"6596937.90147-122.26915","65969","37.90147-122.26915","Spruce Street",-122.26915,37.90147,241.0968,"US",NA,NA,"UTC"
"6597937.74509-122.41251","65979","37.74509-122.41251","Precita Valley",-122.41251,37.74509,39.0144,"US",NA,NA,"UTC"
"6598537.7573-122.45022","65985","37.7573-122.45022","Saint Germain Avenue",-122.45022,37.7573,232.5624,"US",NA,NA,"UTC"
"6598938.64341-121.33089","65989","38.64341-121.33089","St. John the Evangelist School",-121.33089,38.64341,35.3568,"US",NA,NA,"UTC"
"6599137.5793-122.37917","65991","37.5793-122.37917","Easton Addition South",-122.37917,37.5793,46.3296,"US",NA,NA,"UTC"
"6600137.37151-122.16631","66001","37.37151-122.16631","Via Ventana",-122.16631,37.37151,177.0888,"US",NA,NA,"UTC"
"6600338.62236-121.25083","66003","38.62236-121.25083","larry",-121.25083,38.62236,36.2712,"US",NA,NA,"UTC"
"6601138.00374-122.30724","66011","38.00374-122.30724","How's the air up there?",-122.30724,38.00374,34.4424,"US",NA,NA,"UTC"
"6601337.3909-122.27697","66013","37.3909-122.27697","Skyline Resort",-122.27697,37.3909,579.4248,"US",NA,NA,"UTC"
"6601937.2665-121.84102","66019","37.2665-121.84102","Branham and Kingspark",-121.84102,37.2665,48.4632,"US",NA,NA,"UTC"
"6604537.50747-122.26838","66045","37.50747-122.26838","Outside House",-122.26838,37.50747,29.8704,"US",NA,NA,"UTC"
"6615338.53222-121.50635","66153","38.53222-121.50635","South Land Park",-121.50635,38.53222,10.668,"US",NA,NA,"UTC"
"6616337.34909-122.04445","66163","37.34909-122.04445","Lewiston Ct",-122.04445,37.34909,57.3024,"US",NA,NA,"UTC"
"6616739.05484-123.44503","66167","39.05484-123.44503","Philo",-123.44503,39.05484,92.3544,"US",NA,NA,"UTC"
"6616937.14272-121.97199","66169","37.14272-121.97199","End of Echo Drive",-121.97199,37.14272,516.0264,"US",NA,NA,"UTC"
"6617537.73173-122.39945","66175","37.73173-122.39945","Silver Terrace",-122.39945,37.73173,25.6032,"US",NA,NA,"UTC"
"6618137.67039-121.76678","66181","37.67039-121.76678","ARROYO CROSSINGS",-121.76678,37.67039,156.3624,"US",NA,NA,"UTC"
"6618536.87375-121.68999","66185","36.87375-121.68999","SanMiguelCyn \/ TwinLakes Dr",-121.68999,36.87375,49.9872,"US",NA,NA,"UTC"
"6618737.91215-122.288","66187","37.91215-122.288","Rafferty House",-122.288,37.91215,127.1016,"US",NA,NA,"UTC"
"6619138.2659-122.50024","66191","38.2659-122.50024","Flint Court",-122.50024,38.2659,44.8056,"US",NA,NA,"UTC"
"6619337.4054-122.24029","66193","37.4054-122.24029","Sun Field Station Outdoor",-122.24029,37.4054,119.7864,"US",NA,NA,"UTC"
"6619937.38446-122.13167","66199","37.38446-122.13167","Alicante Lane",-122.13167,37.38446,64.9224,"US",NA,NA,"UTC"
"6621937.31789-122.01586","66219","37.31789-122.01586","Vicksburg",-122.01586,37.31789,64.6176,"US",NA,NA,"UTC"
"6623937.7739-122.46757","66239","37.7739-122.46757","10th and Fulton Deck",-122.46757,37.7739,71.9328,"US",NA,NA,"UTC"
"6628137.85998-122.22318","66281","37.85998-122.22318","7027 Buckingham",-122.22318,37.85998,320.3448,"US",NA,NA,"UTC"
"6629938.32664-122.50294","66299","38.32664-122.50294","Loma Vista",-122.50294,38.32664,66.4464,"US",NA,NA,"UTC"
"6633737.52307-122.33837","66337","37.52307-122.33837","Mountain View Place  San Mateo  CA",-122.33837,37.52307,122.2248,"US",NA,NA,"UTC"
"6634134.43134-119.65089","66341","34.43134-119.65089","Woodley Road",-119.65089,34.43134,124.968,"US",NA,NA,"UTC"
"6634337.40004-121.95109","66343","37.40004-121.95109","Rivermark",-121.95109,37.40004,4.8768,"US",NA,NA,"UTC"
"6634537.43218-122.11691","66345","37.43218-122.11691","Murray Way",-122.11691,37.43218,3.3528,"US",NA,NA,"UTC"
"6634738.11712-122.57453","66347","38.11712-122.57453","San Marin East",-122.57453,38.11712,58.5216,"US",NA,NA,"UTC"
"6634937.73251-122.42401","66349","37.73251-122.42401","Saint Mary's Park",-122.42401,37.73251,42.3672,"US",NA,NA,"UTC"
"6635337.40461-122.24589","66353","37.40461-122.24589","ReyerWalk Ranch",-122.24589,37.40461,127.7112,"US",NA,NA,"UTC"
"6635536.5185-121.79684","66355","36.5185-121.79684","Carmel Valley Ranch",-121.79684,36.5185,49.3776,"US",NA,NA,"UTC"
"6635937.22228-121.98734","66359","37.22228-121.98734","Clifton",-121.98734,37.22228,148.1328,"US",NA,NA,"UTC"
"6636537.37061-122.1054","66365","37.37061-122.1054","Stepping Stones",-122.1054,37.37061,60.96,"US",NA,NA,"UTC"
"6637137.91328-122.52147","66371","37.91328-122.52147","Scott Valley Swim &amp; Tennis Club",-122.52147,37.91328,35.9664,"US",NA,NA,"UTC"
"6637939.34576-120.20713","66379","39.34576-120.20713","Lausanne Way",-120.20713,39.34576,1902.5616,"US",NA,NA,"UTC"
"6638737.99652-122.08318","66387","37.99652-122.08318","Sunrise Ridge  Martinez  CA  USA",-122.08318,37.99652,59.436,"US",NA,NA,"UTC"
"6639337.35071-121.96896","66393","37.35071-121.96896","Edie's Noseball Memorial Station",-121.96896,37.35071,23.7744,"US",NA,NA,"UTC"
"6639537.9088-122.30969","66395","37.9088-122.30969","Sutter - Annex",-122.30969,37.9088,10.668,"US",NA,NA,"UTC"
"6639738.10503-122.64286","66397","38.10503-122.64286","Meadow Lane",-122.64286,38.10503,103.632,"US",NA,NA,"UTC"
"6642138.20998-122.6153","66421","38.20998-122.6153","purrington",-122.6153,38.20998,68.8848,"US",NA,NA,"UTC"
"6642337.47686-122.19998","66423","37.47686-122.19998","Synapse School",-122.19998,37.47686,7.62,"US",NA,NA,"UTC"
"6644137.91662-122.0591","66441","37.91662-122.0591","WC 2 - OUTDOOR",-122.0591,37.91662,32.004,"US",NA,NA,"UTC"
"6644537.42531-122.26891","66445","37.42531-122.26891","Tripp Home",-122.26891,37.42531,119.4816,"US",NA,NA,"UTC"
"6645137.91426-121.73787","66451","37.91426-121.73787","Foothill Drive",-121.73787,37.91426,56.388,"US",NA,NA,"UTC"
"6645737.41562-122.13835","66457","37.41562-122.13835","BarronParkChimalusOutside",-122.13835,37.41562,15.5448,"US",NA,NA,"UTC"
"6646137.8712-122.0974","66461","37.8712-122.0974","GLMS Lafayette",-122.0974,37.8712,118.2624,"US",NA,NA,"UTC"
"6647340.4903-122.40028","66473","40.4903-122.40028","Anderson1",-122.40028,40.4903,213.36,"US",NA,NA,"UTC"
"6648337.85464-122.2427","66483","37.85464-122.2427","Parkside Drive",-122.2427,37.85464,91.7448,"US",NA,NA,"UTC"
"6648537.89762-122.26698","66485","37.89762-122.26698","Euclid Palms",-122.26698,37.89762,243.84,"US",NA,NA,"UTC"
"6666337.88351-122.47006","66663","37.88351-122.47006","Owlswood Lane",-122.47006,37.88351,23.4696,"US",NA,NA,"UTC"
"6708133.63409-117.80022","67081","33.63409-117.80022","Turtle Rock",-117.80022,33.63409,75.5904,"US",NA,NA,"UTC"
"6708937.98035-122.55187","67089","37.98035-122.55187","Forbes Ave",-122.55187,37.98035,58.2168,"US",NA,NA,"UTC"
"6709937.47196-122.23194","67099","37.47196-122.23194","Hawes Right Field",-122.23194,37.47196,10.3632,"US",NA,NA,"UTC"
"6710537.53386-122.01659","67105","37.53386-122.01659","Birch Grove Park",-122.01659,37.53386,9.144,"US",NA,NA,"UTC"
"6711538.52229-121.75734","67115","38.52229-121.75734","Plant Path Research Fields",-121.75734,38.52229,15.5448,"US",NA,NA,"UTC"
"6715337.87685-122.10596","67153","37.87685-122.10596","Sweet Drive",-122.10596,37.87685,193.2432,"US",NA,NA,"UTC"
"6718737.23089-121.96085","67187","37.23089-121.96085","Englewood outdoors",-121.96085,37.23089,112.4712,"US",NA,NA,"UTC"
"6718939.06398-120.12949","67189","39.06398-120.12949","Tahoma",-120.12949,39.06398,1930.6032,"US",NA,NA,"UTC"
"6719137.723-121.72697","67191","37.723-121.72697","North Livermore - Pasatiempo ST",-121.72697,37.723,159.7152,"US",NA,NA,"UTC"
"6719336.91816-121.83805","67193","36.91816-121.83805","Crest Lane Outdoors",-121.83805,36.91816,76.2,"US",NA,NA,"UTC"
"6719539.30069-120.38268","67195","39.30069-120.38268","4254 Lake Drive",-120.38268,39.30069,2102.5104,"US",NA,NA,"UTC"
"6719738.29849-122.28769","67197","38.29849-122.28769","Archer Hotel Napa",-122.28769,38.29849,6.7056,"US",NA,NA,"UTC"
"6720337.93235-122.53087","67203","37.93235-122.53087","Hill Top",-122.53087,37.93235,46.9392,"US",NA,NA,"UTC"
"6720538.10672-122.26093","67205","38.10672-122.26093","outdoor yard",-122.26093,38.10672,36.8808,"US",NA,NA,"UTC"
"6720737.85704-122.23174","67207","37.85704-122.23174","Grand View Dr (outside)",-122.23174,37.85704,248.7168,"US",NA,NA,"UTC"
"6720937.8092-122.20081","67209","37.8092-122.20081","GLMS Oakland",-122.20081,37.8092,174.0408,"US",NA,NA,"UTC"
"6721337.96551-122.56764","67213","37.96551-122.56764","Fernhill exterior",-122.56764,37.96551,24.384,"US",NA,NA,"UTC"
"6721737.77252-122.13516","67217","37.77252-122.13516","Surrey",-122.13516,37.77252,205.1304,"US",NA,NA,"UTC"
"6722737.34961-122.07404","67227","37.34961-122.07404","Purple.LosAltos.A",-122.07404,37.34961,64.3128,"US",NA,NA,"UTC"
"6724134.09079-118.24284","67241","34.09079-118.24284","Elysian Pk NE",-118.24284,34.09079,196.2912,"US",NA,NA,"UTC"
"6725137.58552-122.33724","67251","37.58552-122.33724","Burlingame Ave At Channing",-122.33724,37.58552,4.2672,"US",NA,NA,"UTC"
"6725341.05938-124.14681","67253","41.05938-124.14681","Ewing",-124.14681,41.05938,39.3192,"US",NA,NA,"UTC"
"6725537.45812-122.25388","67255","37.45812-122.25388","Ezrati Outdoors",-122.25388,37.45812,106.3752,"US",NA,NA,"UTC"
"6725937.36028-121.88366","67259","37.36028-121.88366","Luna Park",-121.88366,37.36028,24.9936,"US",NA,NA,"UTC"
"6726137.79157-122.21819","67261","37.79157-122.21819","Barrio 29",-122.21819,37.79157,44.5008,"US",NA,NA,"UTC"
"6726337.66282-122.45957","67263","37.66282-122.45957","Danger Stairs",-122.45957,37.66282,51.2064,"US",NA,NA,"UTC"
"6726537.83611-122.13721","67265","37.83611-122.13721","Moraga CC",-122.13721,37.83611,150.5712,"US",NA,NA,"UTC"
"6727137.36705-122.20925","67271","37.36705-122.20925","40 BUCKEYE  PORTOLA VALLEY  CA",-122.20925,37.36705,220.3704,"US",NA,NA,"UTC"
"6727538.63171-122.76814","67275","38.63171-122.76814","Chalk Hill",-122.76814,38.63171,59.7408,"US",NA,NA,"UTC"
"6727936.46558-121.78044","67279","36.46558-121.78044","Vasquez Trail",-121.78044,36.46558,462.3816,"US",NA,NA,"UTC"
"6728738.29301-122.43812","67287","38.29301-122.43812","7th St E &amp; Lovall Vly Rd",-122.43812,38.29301,35.6616,"US",NA,NA,"UTC"
"6729337.7658-122.44782","67293","37.7658-122.44782","Cole Valley (Clayton and Carl Streets)",-122.44782,37.7658,104.2416,"US",NA,NA,"UTC"
"6729737.23246-121.91466","67297","37.23246-121.91466","Belvale Dr  Los Gatos",-121.91466,37.23246,85.9536,"US",NA,NA,"UTC"
"6730137.36122-122.06952","67301","37.36122-122.06952","Back yard",-122.06952,37.36122,55.4736,"US",NA,NA,"UTC"
"6730537.40214-122.36018","67305","37.40214-122.36018","Tunitas Air",-122.36018,37.40214,155.1432,"US",NA,NA,"UTC"
"6730737.22692-121.9668","67307","37.22692-121.9668","Kennedy Road",-121.9668,37.22692,120.7008,"US",NA,NA,"UTC"
"6731137.72036-122.08364","67311","37.72036-122.08364","EWING ROAD - OUTSIDE",-122.08364,37.72036,152.0952,"US",NA,NA,"UTC"
"6731337.76631-121.97994","67313","37.76631-121.97994","Celaya Circle MZA",-121.97994,37.76631,164.8968,"US",NA,NA,"UTC"
"6731737.8534-122.26077","67317","37.8534-122.26077","The Model School (outside)",-122.26077,37.8534,53.6448,"US",NA,NA,"UTC"
"6732336.99636-121.87421","67323","36.99636-121.87421","LV outside",-121.87421,36.99636,149.9616,"US",NA,NA,"UTC"
"6732537.74064-122.25927","67325","37.74064-122.25927","Bay Farm Headlands (outdoor)",-122.25927,37.74064,2.7432,"US",NA,NA,"UTC"
"6732738.09227-122.5769","67327","38.09227-122.5769","Indian Valley",-122.5769,38.09227,17.6784,"US",NA,NA,"UTC"
"6733337.7594-122.4271","67333","37.7594-122.4271","Dolores Park",-122.4271,37.7594,31.0896,"US",NA,NA,"UTC"
"6734337.29562-122.04391","67343","37.29562-122.04391","Woodhill",-122.04391,37.29562,113.0808,"US",NA,NA,"UTC"
"6734937.08076-121.97402","67349","37.08076-121.97402","Fontenay Villa",-121.97402,37.08076,317.2968,"US",NA,NA,"UTC"
"6735137.03772-122.03775","67351","37.03772-122.03775","Whispering Pines",-122.03775,37.03772,225.552,"US",NA,NA,"UTC"
"6735337.72507-122.05856","67353","37.72507-122.05856","Columbia",-122.05856,37.72507,222.504,"US",NA,NA,"UTC"
"6735737.38472-122.20407","67357","37.38472-122.20407","10 Alhambra Ct. Portola Valley",-122.20407,37.38472,244.1448,"US",NA,NA,"UTC"
"6736739.31676-120.18446","67367","39.31676-120.18446","BlubesAir",-120.18446,39.31676,1890.9792,"US",NA,NA,"UTC"
"6737137.99718-122.56745","67371","37.99718-122.56745","Sleepy Hollow",-122.56745,37.99718,78.3336,"US",NA,NA,"UTC"
"6737936.97337-121.90826","67379","36.97337-121.90826","Roof",-121.90826,36.97337,34.4424,"US",NA,NA,"UTC"
"6738137.80212-122.4103","67381","37.80212-122.4103","North Beach",-122.4103,37.80212,23.7744,"US",NA,NA,"UTC"
"6738537.34239-121.93111","67385","37.34239-121.93111","Chapman Morse",-121.93111,37.34239,23.1648,"US",NA,NA,"UTC"
"6739137.71019-121.90012","67391","37.71019-121.90012","The Boulevard",-121.90012,37.71019,105.7656,"US",NA,NA,"UTC"
"6739337.84645-122.1174","67393","37.84645-122.1174","Draeger Drive",-122.1174,37.84645,225.552,"US",NA,NA,"UTC"
"6739538.44216-122.72209","67395","38.44216-122.72209","WE-DavisStreet",-122.72209,38.44216,46.9392,"US",NA,NA,"UTC"
"6739737.57478-122.39848","67397","37.57478-122.39848","Alberta Glen",-122.39848,37.57478,178.9176,"US",NA,NA,"UTC"
"6739939.26279-119.96658","67399","39.26279-119.96658","Incline Village -Tracy Ct",-119.96658,39.26279,2230.2216,"US",NA,NA,"UTC"
"6740937.73272-122.45521","67409","37.73272-122.45521","Hazelwood at Mangels",-122.45521,37.73272,134.4168,"US",NA,NA,"UTC"
"6741337.48249-122.26717","67413","37.48249-122.26717","Roland",-122.26717,37.48249,71.0184,"US",NA,NA,"UTC"
"6741537.49061-122.28986","67415","37.49061-122.28986","San Carlos Hills",-122.28986,37.49061,265.4808,"US",NA,NA,"UTC"
"6741737.52805-122.29789","67417","37.52805-122.29789","238 41st Ave",-122.29789,37.52805,60.96,"US",NA,NA,"UTC"
"6741937.61825-122.41345","67419","37.61825-122.41345","Acacia And Crystal Springs",-122.41345,37.61825,15.5448,"US",NA,NA,"UTC"
"6742537.62134-122.48103","67425","37.62134-122.48103","Phil",-122.48103,37.62134,27.7368,"US",NA,NA,"UTC"
"6743338.95654-119.78481","67433","38.95654-119.78481","Casa de Lehmann",-119.78481,38.95654,1433.7792,"US",NA,NA,"UTC"
"6743538.29537-122.66372","67435","38.29537-122.66372","Lower Oak",-122.66372,38.29537,29.8704,"US",NA,NA,"UTC"
"6744138.99287-119.95326","67441","38.99287-119.95326","Near Round Hill Pines",-119.95326,38.99287,1901.952,"US",NA,NA,"UTC"
"6744737.01976-121.99225","67447","37.01976-121.99225","B40",-121.99225,37.01976,56.388,"US",NA,NA,"UTC"
"6745937.68543-122.15985","67459","37.68543-122.15985","Stenzel Park",-122.15985,37.68543,3.9624,"US",NA,NA,"UTC"
"6746338.25163-122.45026","67463","38.25163-122.45026","LaPrenda Vineyards",-122.45026,38.25163,8.2296,"US",NA,NA,"UTC"
"6746536.46259-121.72929","67465","36.46259-121.72929","Agrinemsors - outside",-121.72929,36.46259,214.884,"US",NA,NA,"UTC"
"6747736.96809-122.03695","67477","36.96809-122.03695","MH outside",-122.03695,36.96809,21.9456,"US",NA,NA,"UTC"
"6747937.4057-122.13126","67479","37.4057-122.13126","Donald Drive",-122.13126,37.4057,22.5552,"US",NA,NA,"UTC"
"6748338.03745-122.584","67483","38.03745-122.584","Bridgegate",-122.584,38.03745,75.8952,"US",NA,NA,"UTC"
"6749137.9182-122.3072","67491","37.9182-122.3072","EC-Everett",-122.3072,37.9182,28.3464,"US",NA,NA,"UTC"
"6750937.53436-122.30208","67509","37.53436-122.30208","Louise outside",-122.30208,37.53436,14.3256,"US",NA,NA,"UTC"
"6751139.2513-123.77959","67511","39.2513-123.77959","Andiron",-123.77959,39.2513,66.7512,"US",NA,NA,"UTC"
"6751538.01111-122.58384","67515","38.01111-122.58384","Irving",-122.58384,38.01111,59.1312,"US",NA,NA,"UTC"
"6752139.27045-120.12842","67521","39.27045-120.12842","Mountainside",-120.12842,39.27045,2083.9176,"US",NA,NA,"UTC"
"6752737.36423-122.11379","67527","37.36423-122.11379","Summerhill",-122.11379,37.36423,110.6424,"US",NA,NA,"UTC"
"6753138.25021-122.88233","67531","38.25021-122.88233","East of Tomales",-122.88233,38.25021,36.8808,"US",NA,NA,"UTC"
"6753337.78578-122.46506","67533","37.78578-122.46506","6th Ave Btwn Lake &amp; Calif - Backyard",-122.46506,37.78578,55.4736,"US",NA,NA,"UTC"
"6753739.28677-120.16979","67537","39.28677-120.16979","MC^2",-120.16979,39.28677,1895.856,"US",NA,NA,"UTC"
"6753937.99495-122.59602","67539","37.99495-122.59602","The Airtight Garage &lt;=&gt; Hawthorne Court",-122.59602,37.99495,48.768,"US",NA,NA,"UTC"
"6760336.82034-119.76121","67603","36.82034-119.76121","University Portals",-119.76121,36.82034,103.9368,"US",NA,NA,"UTC"
"6761337.9112-122.27386","67613","37.9112-122.27386","Purdue Hillcrest",-122.27386,37.9112,267.6144,"US",NA,NA,"UTC"
"6774737.91636-122.5333","67747","37.91636-122.5333","Magdalena",-122.5333,37.91636,132.8928,"US",NA,NA,"UTC"
"6774937.88791-122.26807","67749","37.88791-122.26807","Tim+Nomi",-122.26807,37.88791,125.5776,"US",NA,NA,"UTC"
"6778338.0138-121.84268","67783","38.0138-121.84268","DHHWCF",-121.84268,38.0138,9.7536,"US",NA,NA,"UTC"
"6778537.45201-122.2073","67785","37.45201-122.2073","ping0609@gmail.com",-122.2073,37.45201,22.5552,"US",NA,NA,"UTC"
"6778737.7837-122.17307","67787","37.7837-122.17307","Leona Heights",-122.17307,37.7837,93.8784,"US",NA,NA,"UTC"
"6779738.71495-122.92328","67797","38.71495-122.92328","VDW",-122.92328,38.71495,94.7928,"US",NA,NA,"UTC"
"6780137.80927-122.23206","67801","37.80927-122.23206","Sunnyhills and Hillcroft Circle",-122.23206,37.80927,42.672,"US",NA,NA,"UTC"
"6780537.58817-121.99736","67805","37.58817-121.99736","Noel PL",-121.99736,37.58817,32.9184,"US",NA,NA,"UTC"
"6780737.10178-121.89538","67807","37.10178-121.89538","MarVista",-121.89538,37.10178,603.1992,"US",NA,NA,"UTC"
"6781139.36591-120.2383","67811","39.36591-120.2383","Solvang Chalet",-120.2383,39.36591,1953.768,"US",NA,NA,"UTC"
"6781736.55621-121.91748","67817","36.55621-121.91748","CBS_SV",-121.91748,36.55621,92.964,"US",NA,NA,"UTC"
"6781938.10496-122.50077","67819","38.10496-122.50077","Black Point - Grandview",-122.50077,38.10496,37.1856,"US",NA,NA,"UTC"
"6782737.92011-122.09037","67827","37.92011-122.09037","Jetson",-122.09037,37.92011,69.1896,"US",NA,NA,"UTC"
"6783139.40752-119.7693","67831","39.40752-119.7693","Mt Gate",-119.7693,39.40752,1438.0464,"US",NA,NA,"UTC"
"6783737.87734-122.08453","67837","37.87734-122.08453","Hillside Pool Outside",-122.08453,37.87734,128.9304,"US",NA,NA,"UTC"
"6784737.74549-122.43366","67847","37.74549-122.43366","Castro Duncan Open Space",-122.43366,37.74549,126.7968,"US",NA,NA,"UTC"
"6784937.95098-122.5422","67849","37.95098-122.5422","McAllister",-122.5422,37.95098,3.048,"US",NA,NA,"UTC"
"6785337.32673-121.88647","67853","37.32673-121.88647","Mentos",-121.88647,37.32673,28.3464,"US",NA,NA,"UTC"
"6788941.32415-124.03715","67889","41.32415-124.03715","Elk Meadow Cabins",-124.03715,41.32415,14.9352,"US",NA,NA,"UTC"
"6790937.55131-122.37466","67909","37.55131-122.37466","Darrell Road - Outside",-122.37466,37.55131,217.3224,"US",NA,NA,"UTC"
"6791137.19407-121.81802","67911","37.19407-121.81802","Whispering Oaks",-121.81802,37.19407,143.256,"US",NA,NA,"UTC"
"6792139.72583-122.17916","67921","39.72583-122.17916","South Orland",-122.17916,39.72583,71.0184,"US",NA,NA,"UTC"
"6792738.8134-122.56642","67927","38.8134-122.56642","North Shore HVL",-122.56642,38.8134,339.2424,"US",NA,NA,"UTC"
"6794136.62589-121.92419","67941","36.62589-121.92419","Jewell  &amp;  Del Monte",-121.92419,36.62589,28.0416,"US",NA,NA,"UTC"
"6794537.80447-121.91383","67945","37.80447-121.91383","Yorkshire Place",-121.91383,37.80447,248.1072,"US",NA,NA,"UTC"
"6795137.83541-122.20108","67951","37.83541-122.20108","Colton Blvd \/ Chambers Lane",-122.20108,37.83541,367.8936,"US",NA,NA,"UTC"
"6796937.92763-122.06906","67969","37.92763-122.06906","Bellamy",-122.06906,37.92763,28.956,"US",NA,NA,"UTC"
"6797338.13332-121.29388","67973","38.13332-121.29388","Corinth",-121.29388,38.13332,14.9352,"US",NA,NA,"UTC"
"6797537.95597-122.54421","67975","37.95597-122.54421","Terrace Ave  Kentfield",-122.54421,37.95597,41.148,"US",NA,NA,"UTC"
"6797737.49854-122.29125","67977","37.49854-122.29125","Club Drive",-122.29125,37.49854,188.3664,"US",NA,NA,"UTC"
"6798137.86385-122.01218","67981","37.86385-122.01218","Oakraider",-122.01218,37.86385,133.1976,"US",NA,NA,"UTC"
"6798537.74576-122.46576","67985","37.74576-122.46576","Forest Hill",-122.46576,37.74576,155.7528,"US",NA,NA,"UTC"
"6799537.63804-122.11832","67995","37.63804-122.11832","Life Chiropractic College West - Outside",-122.11832,37.63804,9.4488,"US",NA,NA,"UTC"
"6799737.90374-122.51099","67997","37.90374-122.51099","27 Eagle Rock Road",-122.51099,37.90374,51.5112,"US",NA,NA,"UTC"
"6802537.79516-121.10078","68025","37.79516-121.10078","17000 E. HWY 120 Ripon CA. 95366",-121.10078,37.79516,21.9456,"US",NA,NA,"UTC"
"6804336.42638-121.30866","68043","36.42638-121.30866","1777 Metz Rd",-121.30866,36.42638,74.0664,"US",NA,NA,"UTC"
"6805736.43751-121.79037","68057","36.43751-121.79037","SCT Outside",-121.79037,36.43751,474.8784,"US",NA,NA,"UTC"
"6806937.23189-121.95693","68069","37.23189-121.95693","Hilow &amp; Shannon Rd",-121.95693,37.23189,109.728,"US",NA,NA,"UTC"
"6808538.46129-122.65041","68085","38.46129-122.65041","KATHLEEN 2",-122.65041,38.46129,87.1728,"US",NA,NA,"UTC"
"6809737.46938-122.13189","68097","37.46938-122.13189","Ruth Court",-122.13189,37.46938,3.3528,"US",NA,NA,"UTC"
"6811736.94366-121.7972","68117","36.94366-121.7972","Lynwood Place (Outside)",-121.7972,36.94366,49.6824,"US",NA,NA,"UTC"
"6815738.36084-122.54281","68157","38.36084-122.54281","Benziger Winery Terrace",-122.54281,38.36084,155.7528,"US",NA,NA,"UTC"
"6816738.46743-122.67717","68167","38.46743-122.67717","Mission Blvd",-122.67717,38.46743,74.0664,"US",NA,NA,"UTC"
"6817937.94094-122.33466","68179","37.94094-122.33466","35th St. &amp; Cerrito Ave.",-122.33466,37.94094,24.6888,"US",NA,NA,"UTC"
"6823533.0547-117.29266","68235","33.0547-117.29266","Backyard",-117.29266,33.0547,45.1104,"US",NA,NA,"UTC"
"6829137.27533-121.88827","68291","37.27533-121.88827","Crestwood",-121.88827,37.27533,46.9392,"US",NA,NA,"UTC"
"6831938.281-122.17129","68319","38.281-122.17129","Green Valley Upland",-122.17129,38.281,187.452,"US",NA,NA,"UTC"
"6832138.01717-122.69758","68321","38.01717-122.69758","Camp Lagunitas",-122.69758,38.01717,81.0768,"US",NA,NA,"UTC"
"6832937.93421-122.52341","68329","37.93421-122.52341","Birch Home",-122.52341,37.93421,1.8288,"US",NA,NA,"UTC"
"6833337.37521-122.08486","68333","37.37521-122.08486","Begen",-122.08486,37.37521,40.8432,"US",NA,NA,"UTC"
"6833937.43465-122.11732","68339","37.43465-122.11732","Bautista Ct",-122.11732,37.43465,2.7432,"US",NA,NA,"UTC"
"6834537.32457-122.05866","68345","37.32457-122.05866","Oakdell Ranch  Cupertino",-122.05866,37.32457,90.2208,"US",NA,NA,"UTC"
"6834737.52714-121.92761","68347","37.52714-121.92761","Ceridwen",-121.92761,37.52714,72.8472,"US",NA,NA,"UTC"
"6834937.90011-122.26726","68349","37.90011-122.26726","Potting Shed",-122.26726,37.90011,253.2888,"US",NA,NA,"UTC"
"6835137.71929-121.86588","68351","37.71929-121.86588","Dublin Ranch",-121.86588,37.71929,149.352,"US",NA,NA,"UTC"
"6835337.49842-122.45802","68353","37.49842-122.45802","Coronado Ave",-122.45802,37.49842,26.5176,"US",NA,NA,"UTC"
"6835738.50388-122.47669","68357","38.50388-122.47669","Stockton ST",-122.47669,38.50388,89.3064,"US",NA,NA,"UTC"
"6837737.34227-122.04356","68377","37.34227-122.04356","Serra Park",-122.04356,37.34227,66.1416,"US",NA,NA,"UTC"
"6838937.99246-121.90095","68389","37.99246-121.90095","East Mulligan Hill",-121.90095,37.99246,128.6256,"US",NA,NA,"UTC"
"6839137.44782-122.17427","68391","37.44782-122.17427","Cambridge",-122.17427,37.44782,19.812,"US",NA,NA,"UTC"
"6839737.42574-122.13241","68397","37.42574-122.13241","Ramona @ Matadero Creek",-122.13241,37.42574,8.2296,"US",NA,NA,"UTC"
"6841337.93735-122.04392","68413","37.93735-122.04392","Concord  CA",-122.04392,37.93735,23.4696,"US",NA,NA,"UTC"
"6842537.91376-122.0246","68425","37.91376-122.0246","Cascade Court",-122.0246,37.91376,48.768,"US",NA,NA,"UTC"
"6842740.65682-119.35986","68427","40.65682-119.35986","BRC Tower in Gerlach NV",-119.35986,40.65682,1202.436,"US",NA,NA,"UTC"
"6843337.2453-121.82082","68433","37.2453-121.82082","5819 Zileman Drive",-121.82082,37.2453,53.34,"US",NA,NA,"UTC"
"6843737.84814-122.25176","68437","37.84814-122.25176","Outside",-122.25176,37.84814,60.96,"US",NA,NA,"UTC"
"6844137.9116-122.07783","68441","37.9116-122.07783","Sousa Drive",-122.07783,37.9116,92.0496,"US",NA,NA,"UTC"
"6844337.63505-122.48531","68443","37.63505-122.48531","San Pablo Terrace",-122.48531,37.63505,56.388,"US",NA,NA,"UTC"
"6844737.47583-122.17405","68447","37.47583-122.17405","Hedge Rd",-122.17405,37.47583,6.7056,"US",NA,NA,"UTC"
"6844937.60542-122.49238","68449","37.60542-122.49238","Rockaway Beach",-122.49238,37.60542,32.3088,"US",NA,NA,"UTC"
"6845937.29689-122.04026","68459","37.29689-122.04026","Waterford",-122.04026,37.29689,103.3272,"US",NA,NA,"UTC"
"6846338.70496-122.95406","68463","38.70496-122.95406","SKC",-122.95406,38.70496,90.2208,"US",NA,NA,"UTC"
"6847338.42745-122.65245","68473","38.42745-122.65245","purpleopolis",-122.65245,38.42745,132.2832,"US",NA,NA,"UTC"
"6847538.52034-122.97411","68475","38.52034-122.97411","Casa de Oui-Oui",-122.97411,38.52034,39.3192,"US",NA,NA,"UTC"
"6849737.65727-121.8262","68497","37.65727-121.8262","Mingoia Street",-121.8262,37.65727,128.6256,"US",NA,NA,"UTC"
"6850337.53941-121.93624","68503","37.53941-121.93624","Mission Ranch",-121.93624,37.53941,49.9872,"US",NA,NA,"UTC"
"6850938.02772-122.56037","68509","38.02772-122.56037","South Side Yard",-122.56037,38.02772,36.8808,"US",NA,NA,"UTC"
"6851137.51936-122.30434","68511","37.51936-122.30434","Newlands Ave",-122.30434,37.51936,168.5544,"US",NA,NA,"UTC"
"6851537.20438-122.0779","68515","37.20438-122.0779","Lower Beatty",-122.0779,37.20438,761.6952,"US",NA,NA,"UTC"
"6852138.00693-122.57194","68521","38.00693-122.57194","Near HV Hawks",-122.57194,38.00693,83.2104,"US",NA,NA,"UTC"
"6853336.54794-121.9143","68533","36.54794-121.9143","N.H. Hatton Road",-121.9143,36.54794,59.1312,"US",NA,NA,"UTC"
"6855337.42519-122.26376","68553","37.42519-122.26376","Fox Hollow",-122.26376,37.42519,121.0056,"US",NA,NA,"UTC"
"6856337.12284-121.68945","68563","37.12284-121.68945","Woodland Acres",-121.68945,37.12284,191.7192,"US",NA,NA,"UTC"
"6856737.52125-120.30447","68567","37.52125-120.30447","MID Lake McSwain",-120.30447,37.52125,132.588,"US",NA,NA,"UTC"
"6857337.78779-122.46373","68573","37.78779-122.46373","Fifth Avenue",-122.46373,37.78779,60.0456,"US",NA,NA,"UTC"
"6857537.35834-119.79674","68575","37.35834-119.79674","Riverview Outside",-119.79674,37.35834,400.812,"US",NA,NA,"UTC"
"6858337.25474-122.03384","68583","37.25474-122.03384","Komina",-122.03384,37.25474,168.5544,"US",NA,NA,"UTC"
"6858537.22714-121.85765","68585","37.22714-121.85765","Graystone Deer Out",-121.85765,37.22714,75.2856,"US",NA,NA,"UTC"
"6858938.0104-122.58927","68589","38.0104-122.58927","dragon_breath",-122.58927,38.0104,68.58,"US",NA,NA,"UTC"
"6860338.41685-122.55802","68603","38.41685-122.55802","Kenwood",-122.55802,38.41685,128.9304,"US",NA,NA,"UTC"
"6861737.55753-121.94553","68617","37.55753-121.94553","Fremont Foothill Area",-121.94553,37.55753,26.2128,"US",NA,NA,"UTC"
"6861937.38938-122.01977","68619","37.38938-122.01977","Sunnyvale SNAIL",-122.01977,37.38938,13.1064,"US",NA,NA,"UTC"
"6862537.76413-120.82788","68625","37.76413-120.82788","Oakdale S.Maag",-120.82788,37.76413,58.5216,"US",NA,NA,"UTC"
"6862937.4865-122.25706","68629","37.4865-122.25706","Saint Francis Way",-122.25706,37.4865,22.5552,"US",NA,NA,"UTC"
"6863137.89065-122.03529","68631","37.89065-122.03529","McConnell Lane",-122.03529,37.89065,81.9912,"US",NA,NA,"UTC"
"6863337.88393-122.12067","68633","37.88393-122.12067","Sibert Ct",-122.12067,37.88393,116.7384,"US",NA,NA,"UTC"
"6863539.1438-121.072","68635","39.1438-121.072","Frog Embassy",-121.072,39.1438,629.412,"US",NA,NA,"UTC"
"6864537.76008-122.46552","68645","37.76008-122.46552","Kirkham outside",-122.46552,37.76008,103.3272,"US",NA,NA,"UTC"
"6865138.78521-120.87171","68651","38.78521-120.87171","Riverwood",-120.87171,38.78521,471.5256,"US",NA,NA,"UTC"
"6865537.29379-122.15922","68655","37.29379-122.15922","Skyline and Portola Heights Rd",-122.15922,37.29379,672.084,"US",NA,NA,"UTC"
"6865737.76944-122.26249","68657","37.76944-122.26249","Gold Coast  Morton St.",-122.26249,37.76944,10.3632,"US",NA,NA,"UTC"
"6866138.24939-122.6096","68661","38.24939-122.6096","Sarkesian Dr and Putman Way",-122.6096,38.24939,15.8496,"US",NA,NA,"UTC"
"6866737.37201-122.0079","68667","37.37201-122.0079","Sunnyvale Courtyard (Outside)",-122.0079,37.37201,21.336,"US",NA,NA,"UTC"
"6866938.24379-122.65192","68669","38.24379-122.65192","Cherry Street",-122.65192,38.24379,23.7744,"US",NA,NA,"UTC"
"6867137.85897-122.2395","68671","37.85897-122.2395","Eucalyptus Path",-122.2395,37.85897,181.0512,"US",NA,NA,"UTC"
"6869537.73882-122.47247","68695","37.73882-122.47247","yard",-122.47247,37.73882,103.632,"US",NA,NA,"UTC"
"6869937.352-122.07945","68699","37.352-122.07945","1250 Fremont Ave - Outside",-122.07945,37.352,68.2752,"US",NA,NA,"UTC"
"6870737.54171-122.5032","68707","37.54171-122.5032","Franklin St",-122.5032,37.54171,56.9976,"US",NA,NA,"UTC"
"6871137.82687-122.24526","68711","37.82687-122.24526","Backyard",-122.24526,37.82687,57.3024,"US",NA,NA,"UTC"
"6871337.65259-122.08556","68713","37.65259-122.08556","Austin",-122.08556,37.65259,19.2024,"US",NA,NA,"UTC"
"6871737.75705-122.42765","68717","37.75705-122.42765","Church and Liberty",-122.42765,37.75705,66.4464,"US",NA,NA,"UTC"
"6871938.67812-121.01196","68719","38.67812-121.01196","Hills Of El Dorado",-121.01196,38.67812,403.5552,"US",NA,NA,"UTC"
"6880138.24538-120.36464","68801","38.24538-120.36464","Fairway Dr.",-120.36464,38.24538,1230.7824,"US",NA,NA,"UTC"
"6880737.28984-121.73885","68807","37.28984-121.73885","Glen Arden - Villages",-121.73885,37.28984,230.124,"US",NA,NA,"UTC"
"6890737.88059-122.24368","68907","37.88059-122.24368","Space Scinces Lab - UCB",-122.24368,37.88059,394.716,"US",NA,NA,"UTC"
"6893737.69146-121.86318","68937","37.69146-121.86318","ORANGE X-12",-121.86318,37.69146,106.9848,"US",NA,NA,"UTC"
"6893936.96654-122.00283","68939","36.96654-122.00283","Harbor Pegasus Racing",-122.00283,36.96654,1.2192,"US",NA,NA,"UTC"
"6894337.80315-122.21822","68943","37.80315-122.21822","Outdoor sensor",-122.21822,37.80315,70.104,"US",NA,NA,"UTC"
"6894738.26647-122.46057","68947","38.26647-122.46057","The Presentation School",-122.46057,38.26647,14.0208,"US",NA,NA,"UTC"
"6895137.87294-122.28979","68951","37.87294-122.28979","Redwood",-122.28979,37.87294,21.336,"US",NA,NA,"UTC"
"6896738.02555-122.55063","68967","38.02555-122.55063","Cedar Hill",-122.55063,38.02555,48.4632,"US",NA,NA,"UTC"
"6897938.01255-122.58836","68979","38.01255-122.58836","Crane Drive San Anselmo",-122.58836,38.01255,60.96,"US",NA,NA,"UTC"
"6898337.78223-122.38914","68983","37.78223-122.38914","South Beach Marina Apts Bldg 2",-122.38914,37.78223,3.3528,"US",NA,NA,"UTC"
"6898537.58451-120.2731","68985","37.58451-120.2731","MID Exchequer Powerhouse",-120.2731,37.58451,149.6568,"US",NA,NA,"UTC"
"6902937.87605-122.08234","69029","37.87605-122.08234","Pine Knoll Out",-122.08234,37.87605,128.016,"US",NA,NA,"UTC"
"6903134.39365-118.90688","69031","34.39365-118.90688","Rio Vista Elementary School",-118.90688,34.39365,133.8072,"US",NA,NA,"UTC"
"6903339.32584-120.88086","69033","39.32584-120.88086","Washington Ridge",-120.88086,39.32584,1272.54,"US",NA,NA,"UTC"
"6904138.05766-122.57345","69041","38.05766-122.57345","Thunderbird",-122.57345,38.05766,76.5048,"US",NA,NA,"UTC"
"6904538.64725-121.2406","69045","38.64725-121.2406","Kewanee",-121.2406,38.64725,72.2376,"US",NA,NA,"UTC"
"6904937.89106-122.03774","69049","37.89106-122.03774","Horse Hill  Walnut Creek",-122.03774,37.89106,80.1624,"US",NA,NA,"UTC"
"6905538.25819-120.32942","69055","38.25819-120.32942","BLS Drive and Meadow Drive",-120.32942,38.25819,1218.2856,"US",NA,NA,"UTC"
"6905939.38454-119.77763","69059","39.38454-119.77763","Edmonton Drive",-119.77763,39.38454,1529.1816,"US",NA,NA,"UTC"
"6906137.486-122.4458","69061","37.486-122.4458","Frenchmans Creek",-122.4458,37.486,20.4216,"US",NA,NA,"UTC"
"6907137.12283-121.99","69071","37.12283-121.99","harmless science experiment",-121.99,37.12283,461.772,"US",NA,NA,"UTC"
"6908139.00808-120.11249","69081","39.00808-120.11249","Tahoe",-120.11249,39.00808,1905.3048,"US",NA,NA,"UTC"
"6909937.33447-121.94605","69099","37.33447-121.94605","Petit Trianon",-121.94605,37.33447,31.0896,"US",NA,NA,"UTC"
"6910737.50017-122.29218","69107","37.50017-122.29218","Upper Creek Trailhead  Belmont",-122.29218,37.50017,170.0784,"US",NA,NA,"UTC"
"6910937.5862-122.00911","69109","37.5862-122.00911","Platinum St.",-122.00911,37.5862,15.8496,"US",NA,NA,"UTC"
"6911737.52839-122.31544","69117","37.52839-122.31544","Monterey Trailhead",-122.31544,37.52839,51.5112,"US",NA,NA,"UTC"
"6912137.82592-122.27995","69121","37.82592-122.27995","34th and Adeline",-122.27995,37.82592,9.144,"US",NA,NA,"UTC"
"6912338.30272-122.54771","69123","38.30272-122.54771","Diamond A Point Paco",-122.54771,38.30272,368.808,"US",NA,NA,"UTC"
"6912938.37312-120.63167","69129","38.37312-120.63167","Pine Acres",-120.63167,38.37312,779.3736,"US",NA,NA,"UTC"
"6913137.79863-122.22034","69131","37.79863-122.22034","Sausal Street",-122.22034,37.79863,68.2752,"US",NA,NA,"UTC"
"6913337.22533-121.93972","69133","37.22533-121.93972","Los Gatos   Suview dr",-121.93972,37.22533,217.932,"US",NA,NA,"UTC"
"6913537.90397-122.55458","69135","37.90397-122.55458","Millside Lane",-122.55458,37.90397,90.2208,"US",NA,NA,"UTC"
"6913736.87181-121.81982","69137","36.87181-121.81982","Pajaro Dunes North",-121.81982,36.87181,2.4384,"US",NA,NA,"UTC"
"6914337.58277-122.38098","69143","37.58277-122.38098","Adeline Dr",-122.38098,37.58277,38.1,"US",NA,NA,"UTC"
"6915538.29378-122.48422","69155","38.29378-122.48422","Lily\u2019s Place",-122.48422,38.29378,27.7368,"US",NA,NA,"UTC"
"6917338.12499-122.60417","69173","38.12499-122.60417","Rolling Hills Club Tennis Swim and Fitness",-122.60417,38.12499,45.1104,"US",NA,NA,"UTC"
"6917937.52643-122.35622","69179","37.52643-122.35622","1251 laurel hill drive",-122.35622,37.52643,144.1704,"US",NA,NA,"UTC"
"6918137.38476-122.05591","69181","37.38476-122.05591","Ayala Place",-122.05591,37.38476,31.0896,"US",NA,NA,"UTC"
"6918537.36997-122.09978","69185","37.36997-122.09978","Mid Los Altos",-122.09978,37.36997,53.0352,"US",NA,NA,"UTC"
"6918937.33058-121.92276","69189","37.33058-121.92276","Rosecrest Terrace",-121.92276,37.33058,31.0896,"US",NA,NA,"UTC"
"6919137.5254-122.35356","69191","37.5254-122.35356","Lexington",-122.35356,37.5254,167.64,"US",NA,NA,"UTC"
"6919337.43802-122.25643","69193","37.43802-122.25643","Woodside Glens (Raven)",-122.25643,37.43802,115.5192,"US",NA,NA,"UTC"
"6919737.46326-122.16827","69197","37.46326-122.16827","Arlington Way",-122.16827,37.46326,14.9352,"US",NA,NA,"UTC"
"6919937.40535-122.05966","69199","37.40535-122.05966","Fairchild",-122.05966,37.40535,12.4968,"US",NA,NA,"UTC"
"6920134.14244-117.84944","69201","34.14244-117.84944","North Glendora",-117.84944,34.14244,274.0152,"US",NA,NA,"UTC"
"6920737.49124-122.26894","69207","37.49124-122.26894","Sunset Dr - San Carlos",-122.26894,37.49124,81.6864,"US",NA,NA,"UTC"
"6921938.72688-122.90104","69219","38.72688-122.90104","Black Dog Ranch",-122.90104,38.72688,135.9408,"US",NA,NA,"UTC"
"6922138.75411-120.78927","69221","38.75411-120.78927","Crystal Heights",-120.78927,38.75411,653.1864,"US",NA,NA,"UTC"
"6922337.40252-122.28329","69223","37.40252-122.28329","1080 Bear Gulch",-122.28329,37.40252,519.3792,"US",NA,NA,"UTC"
"6922537.60138-122.04901","69225","37.60138-122.04901","Love_Air",-122.04901,37.60138,7.9248,"US",NA,NA,"UTC"
"6922737.81961-121.98154","69227","37.81961-121.98154","smoke",-121.98154,37.81961,131.9784,"US",NA,NA,"UTC"
"6923537.83963-122.25525","69235","37.83963-122.25525","Boyd Avenue  Oakland",-122.25525,37.83963,44.196,"US",NA,NA,"UTC"
"6923737.54529-122.31547","69237","37.54529-122.31547","Stratford Way",-122.31547,37.54529,12.4968,"US",NA,NA,"UTC"
"6924337.74496-122.43846","69243","37.74496-122.43846","Diamond Heights Blvd",-122.43846,37.74496,165.5064,"US",NA,NA,"UTC"
"6924937.84102-122.19643","69249","37.84102-122.19643","manzanita at villanova",-122.19643,37.84102,413.9184,"US",NA,NA,"UTC"
"6925937.13366-121.99027","69259","37.13366-121.99027","Summit West - Mountain Charlie",-121.99027,37.13366,529.4376,"US",NA,NA,"UTC"
"6926736.73883-121.37092","69267","36.73883-121.37092","Calera Wine Company",-121.37092,36.73883,365.76,"US",NA,NA,"UTC"
"6926937.88937-122.45695","69269","37.88937-122.45695","Dick Rothkopf",-122.45695,37.88937,154.8384,"US",NA,NA,"UTC"
"6928338.41454-122.88196","69283","38.41454-122.88196","Cherry Ridge Road",-122.88196,38.41454,91.7448,"US",NA,NA,"UTC"
"6928738.47966-122.71558","69287","38.47966-122.71558","Gardenview",-122.71558,38.47966,152.0952,"US",NA,NA,"UTC"
"6930138.75157-120.57744","69301","38.75157-120.57744","Amber Trail Gulch",-120.57744,38.75157,1143,"US",NA,NA,"UTC"
"6930538.28618-122.71349","69305","38.28618-122.71349","Live Oak",-122.71349,38.28618,56.9976,"US",NA,NA,"UTC"
"6931538.10817-122.60364","69315","38.10817-122.60364","Apollo Ct",-122.60364,38.10817,27.432,"US",NA,NA,"UTC"
"6932938.11717-122.57156","69329","38.11717-122.57156","Gazania  Novato",-122.57156,38.11717,17.9832,"US",NA,NA,"UTC"
"6933138.2412-122.64864","69331","38.2412-122.64864","719 Keokuk",-122.64864,38.2412,26.2128,"US",NA,NA,"UTC"
"6933538.445-122.89957","69335","38.445-122.89957","Green Valley Oasis",-122.89957,38.445,83.5152,"US",NA,NA,"UTC"
"6933736.99621-122.06312","69337","36.99621-122.06312","West Campus",-122.06312,36.99621,218.5416,"US",NA,NA,"UTC"
"6933937.52431-122.3308","69339","37.52431-122.3308","Backyard Balcony",-122.3308,37.52431,106.9848,"US",NA,NA,"UTC"
"6934139.20961-120.96165","69341","39.20961-120.96165","Pine Knoll",-120.96165,39.20961,797.9664,"US",NA,NA,"UTC"
"6935337.27249-121.88925","69353","37.27249-121.88925","Hillsdale and Cherry",-121.88925,37.27249,48.1584,"US",NA,NA,"UTC"
"6935537.88232-122.24844","69355","37.88232-122.24844","GrizzlyPeakAndSummit",-122.24844,37.88232,373.0752,"US",NA,NA,"UTC"
"6936137.48539-122.24138","69361","37.48539-122.24138","Mount Carmel",-122.24138,37.48539,9.144,"US",NA,NA,"UTC"
"6936537.37856-122.20919","69365","37.37856-122.20919","Garage",-122.20919,37.37856,195.9864,"US",NA,NA,"UTC"
"6937337.38162-122.16379","69373","37.38162-122.16379","Moon Lane",-122.16379,37.38162,84.4296,"US",NA,NA,"UTC"
"6937537.16061-121.97068","69375","37.16061-121.97068","Roaring Water Way",-121.97068,37.16061,280.7208,"US",NA,NA,"UTC"
"6937737.35107-122.19804","69377","37.35107-122.19804","Lower Los Trancos Woods Outside  Portola Valley CA",-122.19804,37.35107,256.032,"US",NA,NA,"UTC"
"6938737.41917-122.15292","69387","37.41917-122.15292","College-Dartmouth outside",-122.15292,37.41917,17.6784,"US",NA,NA,"UTC"
"6938937.56173-122.33853","69389","37.56173-122.33853","333 outdoor",-122.33853,37.56173,17.0688,"US",NA,NA,"UTC"
"6939537.46285-122.26247","69395","37.46285-122.26247","Home",-122.26247,37.46285,149.0472,"US",NA,NA,"UTC"
"6940137.54686-122.32529","69401","37.54686-122.32529","Caribbean - Outside",-122.32529,37.54686,26.2128,"US",NA,NA,"UTC"
"6940337.6696-122.43797","69403","37.6696-122.43797","Sunshine Gardens  SSF",-122.43797,37.6696,49.9872,"US",NA,NA,"UTC"
"6941537.98746-122.07594","69415","37.98746-122.07594","Pacheco",-122.07594,37.98746,19.2024,"US",NA,NA,"UTC"
"6941737.43313-122.28378","69417","37.43313-122.28378","Kings Mountain Stable",-122.28378,37.43313,185.928,"US",NA,NA,"UTC"
"6941937.73835-122.43612","69419","37.73835-122.43612","Diamond \/ Conrad",-122.43612,37.73835,121.3104,"US",NA,NA,"UTC"
"6943138.10591-122.86034","69431","38.10591-122.86034","Drakes View Dr",-122.86034,38.10591,1.2192,"US",NA,NA,"UTC"
"6943538.37717-122.42236","69435","38.37717-122.42236","Black Oak Farm",-122.42236,38.37717,363.0168,"US",NA,NA,"UTC"
"6943937.48605-122.26066","69439","37.48605-122.26066","De Anza",-122.26066,37.48605,33.8328,"US",NA,NA,"UTC"
"6944138.23384-122.59898","69441","38.23384-122.59898","Pub Republic",-122.59898,38.23384,7.62,"US",NA,NA,"UTC"
"6944339.83087-121.83336","69443","39.83087-121.83336","Indian Cliffs Dr",-121.83336,39.83087,157.8864,"US",NA,NA,"UTC"
"6944738.02728-122.5473","69447","38.02728-122.5473","Lower Marinwood",-122.5473,38.02728,19.5072,"US",NA,NA,"UTC"
"6945138.29899-122.45143","69451","38.29899-122.45143","Jasper Ridge",-122.45143,38.29899,75.8952,"US",NA,NA,"UTC"
"6945938.0629-122.56314","69459","38.0629-122.56314","Fairway Dr.",-122.56314,38.0629,38.4048,"US",NA,NA,"UTC"
"6946137.71373-122.46912","69461","37.71373-122.46912","Last House",-122.46912,37.71373,73.7616,"US",NA,NA,"UTC"
"6946939.23568-120.07468","69469","39.23568-120.07468","Agate Bay",-120.07468,39.23568,1942.4904,"US",NA,NA,"UTC"
"6947137.52228-122.29751","69471","37.52228-122.29751","Central Belmont",-122.29751,37.52228,97.536,"US",NA,NA,"UTC"
"6947337.54027-122.51627","69473","37.54027-122.51627","The Cove",-122.51627,37.54027,30.7848,"US",NA,NA,"UTC"
"6947938.31604-122.50243","69479","38.31604-122.50243","Vinvista Farm",-122.50243,38.31604,57.912,"US",NA,NA,"UTC"
"6948738.62775-122.96416","69487","38.62775-122.96416","Camp Quail",-122.96416,38.62775,258.4704,"US",NA,NA,"UTC"
"6948937.36248-122.20662","69489","37.36248-122.20662","PV HOME",-122.20662,37.36248,188.3664,"US",NA,NA,"UTC"
"6949137.03766-121.52011","69491","37.03766-121.52011","Leavesley @ Crews",-121.52011,37.03766,85.344,"US",NA,NA,"UTC"
"6949738.35494-122.00182","69497","38.35494-122.00182","S. Orchard",-122.00182,38.35494,60.6552,"US",NA,NA,"UTC"
"6950538.11033-122.88129","69505","38.11033-122.88129","590 Via de la Vista  Inverness  CA 94937",-122.88129,38.11033,153.3144,"US",NA,NA,"UTC"
"6951137.57516-122.34957","69511","37.57516-122.34957","Ralston Ave",-122.34957,37.57516,14.9352,"US",NA,NA,"UTC"
"6951538.11123-122.86595","69515","38.11123-122.86595","Chicken Ranch Beach 94937",-122.86595,38.11123,6.7056,"US",NA,NA,"UTC"
"6951737.235-122.06009","69517","37.235-122.06009","Sanborn Park Proper",-122.06009,37.235,396.24,"US",NA,NA,"UTC"
"6951938.37395-122.88856","69519","38.37395-122.88856","Falstaff Road",-122.88856,38.37395,163.6776,"US",NA,NA,"UTC"
"6952137.48399-122.2764","69521","37.48399-122.2764","Loma cul-de-sac",-122.2764,37.48399,151.4856,"US",NA,NA,"UTC"
"6952537.26804-121.84769","69525","37.26804-121.84769","Parkview",-121.84769,37.26804,48.1584,"US",NA,NA,"UTC"
"6952932.77657-117.17514","69529","32.77657-117.17514","Glidden View",-117.17514,32.77657,88.0872,"US",NA,NA,"UTC"
"6953137.56014-122.34217","69531","37.56014-122.34217","525 El Cerrito",-122.34217,37.56014,17.0688,"US",NA,NA,"UTC"
"6953337.22318-121.8959","69533","37.22318-121.8959","De Palma",-121.8959,37.22318,106.3752,"US",NA,NA,"UTC"
"6953939.20931-121.35683","69539","39.20931-121.35683","Henwood Ranch",-121.35683,39.20931,113.6904,"US",NA,NA,"UTC"
"6954138.32756-122.29209","69541","38.32756-122.29209","Shelter Creek",-122.29209,38.32756,13.4112,"US",NA,NA,"UTC"
"6954737.87871-122.08167","69547","37.87871-122.08167","Golden Rain e12",-122.08167,37.87871,128.3208,"US",NA,NA,"UTC"
"6954937.90975-122.19837","69549","37.90975-122.19837","Home",-122.19837,37.90975,216.7128,"US",NA,NA,"UTC"
"6955737.05382-122.07649","69557","37.05382-122.07649","Ashley and Balir",-122.07649,37.05382,127.4064,"US",NA,NA,"UTC"
"6956537.33653-122.05177","69565","37.33653-122.05177","929 Olympus Court",-122.05177,37.33653,79.248,"US",NA,NA,"UTC"
"6957338.429-122.69372","69573","38.429-122.69372","Magnuson's Backyard",-122.69372,38.429,62.484,"US",NA,NA,"UTC"
"6957738.24659-122.70894","69577","38.24659-122.70894","Lundberg Ave",-122.70894,38.24659,63.0936,"US",NA,NA,"UTC"
"6957937.61397-122.4725","69579","37.61397-122.4725","Amapola Ave.",-122.4725,37.61397,72.5424,"US",NA,NA,"UTC"
"6958139.36429-120.24686","69581","39.36429-120.24686","Stockholm #2",-120.24686,39.36429,2011.68,"US",NA,NA,"UTC"
"6958338.11894-122.55037","69583","38.11894-122.55037","Saddle Wood",-122.55037,38.11894,18.5928,"US",NA,NA,"UTC"
"6958737.81957-122.22279","69587","37.81957-122.22279","Sea view",-122.22279,37.81957,129.54,"US",NA,NA,"UTC"
"6959937.7165-121.72919","69599","37.7165-121.72919","Aspen Ct",-121.72919,37.7165,159.4104,"US",NA,NA,"UTC"
"6961337.91152-122.56597","69613","37.91152-122.56597","Madrone House Outside",-122.56597,37.91152,106.68,"US",NA,NA,"UTC"
"6961537.21167-121.97389","69615","37.21167-121.97389","Foster \/ Dishman",-121.97389,37.21167,202.692,"US",NA,NA,"UTC"
"6962136.99181-122.06824","69621","36.99181-122.06824","FSH",-122.06824,36.99181,202.692,"US",NA,NA,"UTC"
"6962537.97041-122.60678","69625","37.97041-122.60678","Air 1",-122.60678,37.97041,245.6688,"US",NA,NA,"UTC"
"6962938.22399-122.65918","69629","38.22399-122.65918","1 Iverson Way",-122.65918,38.22399,81.3816,"US",NA,NA,"UTC"
"6963937.15875-121.98435","69639","37.15875-121.98435","Chloe is here!",-121.98435,37.15875,445.9224,"US",NA,NA,"UTC"
"6964937.90618-120.59281","69649","37.90618-120.59281","Lake Tulloch Hackson",-120.59281,37.90618,175.26,"US",NA,NA,"UTC"
"6965537.88414-122.25723","69655","37.88414-122.25723","Air Wolf",-122.25723,37.88414,193.2432,"US",NA,NA,"UTC"
"6965737.83469-121.98552","69657","37.83469-121.98552","Danville",-121.98552,37.83469,148.7424,"US",NA,NA,"UTC"
"6966537.56706-122.35306","69665","37.56706-122.35306","BrewerDr",-122.35306,37.56706,39.9288,"US",NA,NA,"UTC"
"6967135.57396-121.10373","69671","35.57396-121.10373","Cambria_Leimert_Outside",-121.10373,35.57396,71.628,"US",NA,NA,"UTC"
"6967337.35587-122.05784","69673","37.35587-122.05784","BT",-122.05784,37.35587,61.2648,"US",NA,NA,"UTC"
"6967937.72048-122.46517","69679","37.72048-122.46517","Merced Heights",-122.46517,37.72048,95.4024,"US",NA,NA,"UTC"
"6968136.87631-121.62787","69681","36.87631-121.62787","Front Porch",-121.62787,36.87631,184.7088,"US",NA,NA,"UTC"
"6968338.05088-122.22626","69683","38.05088-122.22626","Upper Valona",-122.22626,38.05088,47.244,"US",NA,NA,"UTC"
"6968737.23325-121.93388","69687","37.23325-121.93388","Greenridge",-121.93388,37.23325,155.1432,"US",NA,NA,"UTC"
"6968937.92093-121.61691","69689","37.92093-121.61691","Discovery Bay",-121.61691,37.92093,2.7432,"US",NA,NA,"UTC"
"6969337.39291-122.19657","69693","37.39291-122.19657","HawkHaven",-122.19657,37.39291,166.116,"US",NA,NA,"UTC"
"6969737.43608-122.22888","69697","37.43608-122.22888","Bear Gulch",-122.22888,37.43608,105.4608,"US",NA,NA,"UTC"
"6969937.3367-121.8699","69699","37.3367-121.8699","4XX S 16th St",-121.8699,37.3367,26.8224,"US",NA,NA,"UTC"
"6970937.08573-119.29821","69709","37.08573-119.29821","McManus Cabin",-119.29821,37.08573,1798.0152,"US",NA,NA,"UTC"
"6971137.61364-122.48185","69711","37.61364-122.48185","Winona Avenue",-122.48185,37.61364,36.2712,"US",NA,NA,"UTC"
"6971337.52047-122.3027","69713","37.52047-122.3027","Cipriani at Alameda",-122.3027,37.52047,145.3896,"US",NA,NA,"UTC"
"6971538.01158-122.54793","69715","38.01158-122.54793","Orange Blossom",-122.54793,38.01158,8.5344,"US",NA,NA,"UTC"
"6971737.59295-122.40372","69717","37.59295-122.40372","Millbrae Highlands",-122.40372,37.59295,87.1728,"US",NA,NA,"UTC"
"6977334.07944-118.11298","69773","34.07944-118.11298","SCAP_14",-118.11298,34.07944,118.2624,"US",NA,NA,"UTC"
"6980138.57674-121.44459","69801","38.57674-121.44459","AMTS_SCANS_038",-121.44459,38.57674,8.5344,"US",NA,NA,"UTC"
"6985137.75891-122.22694","69851","37.75891-122.22694","3272 Thompson Ave.",-122.22694,37.75891,3.3528,"US",NA,NA,"UTC"
"6985938.25556-122.35112","69859","38.25556-122.35112","Domaine Carneros Winery",-122.35112,38.25556,50.5968,"US",NA,NA,"UTC"
"6987537.66412-121.90175","69875","37.66412-121.90175","Petite Sirah",-121.90175,37.66412,99.3648,"US",NA,NA,"UTC"
"6988137.98734-122.55337","69881","37.98734-122.55337","Sun Valley - Shannon Ln",-122.55337,37.98734,48.768,"US",NA,NA,"UTC"
"6988537.90406-122.49334","69885","37.90406-122.49334","The Ranch Outside",-122.49334,37.90406,36.576,"US",NA,NA,"UTC"
"6988937.8877-122.16486","69889","37.8877-122.16486","Chapel Drive",-122.16486,37.8877,260.604,"US",NA,NA,"UTC"
"6989936.66424-121.80471","69899","36.66424-121.80471","The Dunes Marina",-121.80471,36.66424,36.8808,"US",NA,NA,"UTC"
"6990537.44306-122.23241","69905","37.44306-122.23241","Churchill Ave",-122.23241,37.44306,44.8056,"US",NA,NA,"UTC"
"6990738.30752-122.50066","69907","38.30752-122.50066","Maggie\u2019s Farm",-122.50066,38.30752,50.292,"US",NA,NA,"UTC"
"6990937.78594-122.43812","69909","37.78594-122.43812","CTC 1770 Scott",-122.43812,37.78594,46.0248,"US",NA,NA,"UTC"
"6991337.40298-122.28625","69913","37.40298-122.28625","DCK",-122.28625,37.40298,515.7216,"US",NA,NA,"UTC"
"6992537.34311-122.11382","69925","37.34311-122.11382","Magdalena Rd LAH",-122.11382,37.34311,192.6336,"US",NA,NA,"UTC"
"6992737.99126-121.75335","69927","37.99126-121.75335","Frandoras Circle",-121.75335,37.99126,21.6408,"US",NA,NA,"UTC"
"6992938.48341-122.6912","69929","38.48341-122.6912","Vistara1",-122.6912,38.48341,235.9152,"US",NA,NA,"UTC"
"6993138.38426-122.83701","69931","38.38426-122.83701","Blackney Ranch",-122.83701,38.38426,95.7072,"US",NA,NA,"UTC"
"6993338.42239-122.87791","69933","38.42239-122.87791","Rainbow Ranch",-122.87791,38.42239,59.7408,"US",NA,NA,"UTC"
"6993537.73398-122.05736","69935","37.73398-122.05736","Bellhurst Lane",-122.05736,37.73398,286.8168,"US",NA,NA,"UTC"
"6994137.43914-122.13168","69941","37.43914-122.13168","Garland",-122.13168,37.43914,4.8768,"US",NA,NA,"UTC"
"6994937.28686-121.99189","69949","37.28686-121.99189","Sammy's House",-121.99189,37.28686,78.9432,"US",NA,NA,"UTC"
"6996138.29377-122.43546","69961","38.29377-122.43546","Lovall Valley",-122.43546,38.29377,40.5384,"US",NA,NA,"UTC"
"6996334.09407-116.4245","69963","34.09407-116.4245","K'Tony's Kismet",-116.4245,34.09407,1113.4344,"US",NA,NA,"UTC"
"6996537.90342-122.28954","69965","37.90342-122.28954","Golestan School",-122.28954,37.90342,47.5488,"US",NA,NA,"UTC"
"6996937.47036-122.25513","69969","37.47036-122.25513","Canyon",-122.25513,37.47036,40.8432,"US",NA,NA,"UTC"
"6997338.4854-122.89022","69973","38.4854-122.89022","Covey Rd",-122.89022,38.4854,82.6008,"US",NA,NA,"UTC"
"6998538.00866-122.615","69985","38.00866-122.615","House",-122.615,38.00866,87.4776,"US",NA,NA,"UTC"
"6998737.7385-121.91423","69987","37.7385-121.91423","Bent Creek - Bridge Creek Drive",-121.91423,37.7385,128.016,"US",NA,NA,"UTC"
"6999137.36043-122.17372","69991","37.36043-122.17372","Page Mill Rd",-122.17372,37.36043,324.9168,"US",NA,NA,"UTC"
"6999338.12566-122.5761","69993","38.12566-122.5761","Partridge Knolls",-122.5761,38.12566,20.7264,"US",NA,NA,"UTC"
"6999538.40001-122.88309","69995","38.40001-122.88309","Burgandy Way",-122.88309,38.40001,110.0328,"US",NA,NA,"UTC"
"6999738.02787-122.58312","69997","38.02787-122.58312","30 Maoli",-122.58312,38.02787,107.8992,"US",NA,NA,"UTC"
"6999938.10427-122.6115","69999","38.10427-122.6115","Los Cedros",-122.6115,38.10427,37.1856,"US",NA,NA,"UTC"
"7000139.40291-119.82373","70001","39.40291-119.82373","FLOWERING SAGE TRAIL",-119.82373,39.40291,1731.5688,"US",NA,NA,"UTC"
"7000538.33909-122.48039","70005","38.33909-122.48039","Moon Mountain Road",-122.48039,38.33909,212.7504,"US",NA,NA,"UTC"
"7000737.92791-122.52102","70007","37.92791-122.52102","Madera Gardens",-122.52102,37.92791,1.8288,"US",NA,NA,"UTC"
"7001137.04903-122.02667","70011","37.04903-122.02667","Teahouse",-122.02667,37.04903,165.8112,"US",NA,NA,"UTC"
"7001337.44356-122.18547","70013","37.44356-122.18547","Windsor T-S",-122.18547,37.44356,25.908,"US",NA,NA,"UTC"
"7001537.8115-122.2953","70015","37.8115-122.2953","BsCrib",-122.2953,37.8115,5.1816,"US",NA,NA,"UTC"
"7002538.55301-122.72192","70025","38.55301-122.72192","8566 outside",-122.72192,38.55301,176.4792,"US",NA,NA,"UTC"
"7002739.07392-123.41452","70027","39.07392-123.41452","Peachland Road",-123.41452,39.07392,434.6448,"US",NA,NA,"UTC"
"7003137.2521-122.05436","70031","37.2521-122.05436","Chipper Hill",-122.05436,37.2521,219.456,"US",NA,NA,"UTC"
"7003537.34048-121.86697","70035","37.34048-121.86697","S 20th Brookwood",-121.86697,37.34048,28.0416,"US",NA,NA,"UTC"
"7004337.45157-122.20408","70043","37.45157-122.20408","Elena Avenue",-122.20408,37.45157,22.5552,"US",NA,NA,"UTC"
"7007138.26143-122.62938","70071","38.26143-122.62938","Pico's Palace",-122.62938,38.26143,20.7264,"US",NA,NA,"UTC"
"7007537.4709-122.18211","70075","37.4709-122.18211","Juniper Drive",-122.18211,37.4709,12.8016,"US",NA,NA,"UTC"
"7007737.31318-122.18563","70077","37.31318-122.18563","Midpeninsula Regional Open Space District - SFO",-122.18563,37.31318,695.2488,"US",NA,NA,"UTC"
"7007938.36262-122.52364","70079","38.36262-122.52364","HORN AVE",-122.52364,38.36262,80.1624,"US",NA,NA,"UTC"
"7008337.44717-122.27764","70083","37.44717-122.27764","NCEFT",-122.27764,37.44717,161.2392,"US",NA,NA,"UTC"
"7009137.89199-122.18866","70091","37.89199-122.18866","Orinda Country Club",-122.18866,37.89199,163.3728,"US",NA,NA,"UTC"
"7009537.27704-121.88495","70095","37.27704-121.88495","home",-121.88495,37.27704,45.72,"US",NA,NA,"UTC"
"7009737.9244-122.53541","70097","37.9244-122.53541","Christmas Tree Hill",-122.53541,37.9244,123.7488,"US",NA,NA,"UTC"
"7010137.67219-121.76662","70101","37.67219-121.76662","Chateau-PL",-121.76662,37.67219,156.3624,"US",NA,NA,"UTC"
"7010937.75363-122.24029","70109","37.75363-122.24029","Krusi",-122.24029,37.75363,3.048,"US",NA,NA,"UTC"
"7011338.15449-122.67107","70113","38.15449-122.67107","McEvoy Ranch",-122.67107,38.15449,142.6464,"US",NA,NA,"UTC"
"7012539.2845-120.12666","70125","39.2845-120.12666","Northstar",-120.12666,39.2845,1926.0312,"US",NA,NA,"UTC"
"7012937.45989-122.23346","70129","37.45989-122.23346","Anamor",-122.23346,37.45989,19.812,"US",NA,NA,"UTC"
"7014337.35166-122.06778","70143","37.35166-122.06778","South Los Altos",-122.06778,37.35166,64.6176,"US",NA,NA,"UTC"
"7014537.60371-122.42164","70145","37.60371-122.42164","Millbrae Meadows Swim Club",-122.42164,37.60371,111.5568,"US",NA,NA,"UTC"
"7014737.35157-121.94915","70147","37.35157-121.94915","SMPH - Monroe &amp; Harrison",-121.94915,37.35157,22.86,"US",NA,NA,"UTC"
"7015137.05573-122.03261","70151","37.05573-122.03261","Lockhart Gultch",-122.03261,37.05573,109.4232,"US",NA,NA,"UTC"
"7015337.34356-122.20047","70153","37.34356-122.20047","OST RidgeRunner",-122.20047,37.34356,425.5008,"US",NA,NA,"UTC"
"7015738.2625-122.43472","70157","38.2625-122.43472","8th street",-122.43472,38.2625,10.3632,"US",NA,NA,"UTC"
"7015937.39136-122.08944","70159","37.39136-122.08944","Palo Alto Ave",-122.08944,37.39136,28.6512,"US",NA,NA,"UTC"
"7016137.40044-122.16685","70161","37.40044-122.16685","South Dish",-122.16685,37.40044,130.1496,"US",NA,NA,"UTC"
"7016339.09431-119.94153","70163","39.09431-119.94153","Glenbrook",-119.94153,39.09431,1903.1712,"US",NA,NA,"UTC"
"7016737.67754-121.76499","70167","37.67754-121.76499","Mine",-121.76499,37.67754,154.5336,"US",NA,NA,"UTC"
"7016937.93251-122.34189","70169","37.93251-122.34189","MASUK-ANGIN",-122.34189,37.93251,15.8496,"US",NA,NA,"UTC"
"7017338.46625-122.65878","70173","38.46625-122.65878","Charmian",-122.65878,38.46625,85.344,"US",NA,NA,"UTC"
"7019538.69644-123.43428","70195","38.69644-123.43428","Sea Gate Road",-123.43428,38.69644,32.9184,"US",NA,NA,"UTC"
"7019736.53734-121.8693","70197","36.53734-121.8693","Brookdale Neighborhood  Carmel",-121.8693,36.53734,18.5928,"US",NA,NA,"UTC"
"7020739.47962-122.50686","70207","39.47962-122.50686","Elk Creek",-122.50686,39.47962,280.1112,"US",NA,NA,"UTC"
"7021539.76312-120.52581","70215","39.76312-120.52581","Steve",-120.52581,39.76312,1637.6904,"US",NA,NA,"UTC"
"7021738.92233-120.00603","70217","38.92233-120.00603","TAHOE ISLAND DR",-120.00603,38.92233,1905.3048,"US",NA,NA,"UTC"
"7023538.2922-122.26522","70235","38.2922-122.26522","Pennyroyal Street",-122.26522,38.2922,23.1648,"US",NA,NA,"UTC"
"7023938.71275-122.95569","70239","38.71275-122.95569","Garden",-122.95569,38.71275,130.7592,"US",NA,NA,"UTC"
"7024737.36971-122.34407","70247","37.36971-122.34407","159164",-122.34407,37.36971,318.516,"US",NA,NA,"UTC"
"7024935.69014-120.7348","70249","35.69014-120.7348","Highlander Ranch",-120.7348,35.69014,283.7688,"US",NA,NA,"UTC"
"7025137.80836-122.421","70251","37.80836-122.421","SF Maritime NHP",-122.421,37.80836,2.4384,"US",NA,NA,"UTC"
"7029737.49652-122.27387","70297","37.49652-122.27387","Dundee",-122.27387,37.49652,123.7488,"US",NA,NA,"UTC"
"7029937.89078-122.09925","70299","37.89078-122.09925","Anita Court",-122.09925,37.89078,114.3,"US",NA,NA,"UTC"
"7030339.47856-119.81401","70303","39.47856-119.81401","SW Reno",-119.81401,39.47856,1396.2888,"US",NA,NA,"UTC"
"7030738.66523-121.14617","70307","38.66523-121.14617","Los Cerros  Folsom  CA",-121.14617,38.66523,111.252,"US",NA,NA,"UTC"
"7031739.87529-123.50734","70317","39.87529-123.50734","Middle Road",-123.50734,39.87529,842.1624,"US",NA,NA,"UTC"
"7032938.2678-122.71294","70329","38.2678-122.71294","McBrown",-122.71294,38.2678,47.8536,"US",NA,NA,"UTC"
"7033937.8635-122.18246","70339","37.8635-122.18246","Wilder Fields",-122.18246,37.8635,214.2744,"US",NA,NA,"UTC"
"7035338.50388-122.8718","70353","38.50388-122.8718","SRJC Shone Farm",-122.8718,38.50388,69.7992,"US",NA,NA,"UTC"
"7035937.67654-122.12063","70359","37.67654-122.12063","San Lorenzo",-122.12063,37.67654,12.192,"US",NA,NA,"UTC"
"7036337.89485-122.30305","70363","37.89485-122.30305","JacksonSt_AlbanyCA",-122.30305,37.89485,40.2336,"US",NA,NA,"UTC"
"7036538.48396-121.44436","70365","38.48396-121.44436","Center Pkwy",-121.44436,38.48396,5.7912,"US",NA,NA,"UTC"
"7037537.55518-122.03878","70375","37.55518-122.03878","Sharks",-122.03878,37.55518,8.8392,"US",NA,NA,"UTC"
"7037937.32449-122.01217","70379","37.32449-122.01217","Stevens Creek Blvd &amp; N Wolfe Rd",-122.01217,37.32449,57.912,"US",NA,NA,"UTC"
"7040337.32043-122.27031","70403","37.32043-122.27031","100 Canada Vista",-122.27031,37.32043,170.0784,"US",NA,NA,"UTC"
"7040937.72121-122.4762","70409","37.72121-122.4762","San Francisco State University - A&amp;F",-122.4762,37.72121,48.4632,"US",NA,NA,"UTC"
"7044937.95203-122.53239","70449","37.95203-122.53239","Corte Balboa",-122.53239,37.95203,60.0456,"US",NA,NA,"UTC"
"7047137.29126-122.21114","70471","37.29126-122.21114","Buffalo Valley View",-122.21114,37.29126,494.0808,"US",NA,NA,"UTC"
"7047537.0524-122.03299","70475","37.0524-122.03299","Aviator Ct",-122.03299,37.0524,159.1056,"US",NA,NA,"UTC"
"7047738.8663-121.07375","70477","38.8663-121.07375","Buena Vista",-121.07375,38.8663,394.1064,"US",NA,NA,"UTC"
"7049537.08609-121.56962","70495","37.08609-121.56962","Creekview Vinyards\/FEVS",-121.56962,37.08609,105.156,"US",NA,NA,"UTC"
"7049937.63375-122.49079","70499","37.63375-122.49079","Cypress Cottage",-122.49079,37.63375,11.2776,"US",NA,NA,"UTC"
"7050737.29356-122.16769","70507","37.29356-122.16769","Castanea Ridge",-122.16769,37.29356,745.8456,"US",NA,NA,"UTC"
"7050937.24618-121.99613","70509","37.24618-121.99613","Twin Creeks2-Grebob",-121.99613,37.24618,122.8344,"US",NA,NA,"UTC"
"7051937.54072-122.329","70519","37.54072-122.329","Verona Ridge",-122.329,37.54072,83.2104,"US",NA,NA,"UTC"
"7052337.38335-122.19151","70523","37.38335-122.19151","14 Arastradero",-122.19151,37.38335,117.6528,"US",NA,NA,"UTC"
"7052538.60698-122.76003","70525","38.60698-122.76003","Medlock Ames",-122.76003,38.60698,74.9808,"US",NA,NA,"UTC"
"7053137.41697-122.09221","70531","37.41697-122.09221","Plymouth St-Outside",-122.09221,37.41697,4.572,"US",NA,NA,"UTC"
"7053338.22858-121.53303","70533","38.22858-121.53303","Walnut Grove",-121.53303,38.22858,0.9144,"US",NA,NA,"UTC"
"7053937.33263-122.20542","70539","37.33263-122.20542","Rocky Creek Road",-122.20542,37.33263,603.504,"US",NA,NA,"UTC"
"7054341.70385-122.56179","70543","41.70385-122.56179","Delphic",-122.56179,41.70385,783.6408,"US",NA,NA,"UTC"
"7054538.59176-121.34403","70545","38.59176-121.34403","Outside Keane Drive  Carmichael",-121.34403,38.59176,16.1544,"US",NA,NA,"UTC"
"7054937.8771-122.02274","70549","37.8771-122.02274","M-C outside",-122.02274,37.8771,107.8992,"US",NA,NA,"UTC"
"7055337.23517-122.00733","70553","37.23517-122.00733","West Heights",-122.00733,37.23517,222.504,"US",NA,NA,"UTC"
"7055738.04372-122.52299","70557","38.04372-122.52299","MARIN VALLEY MOBILE COUNTRY CLUB",-122.52299,38.04372,24.6888,"US",NA,NA,"UTC"
"7056137.20769-122.05677","70561","37.20769-122.05677","Upper Oak Ridge",-122.05677,37.20769,784.5552,"US",NA,NA,"UTC"
"7056937.62681-122.44654","70569","37.62681-122.44654","Rollingwood \/ Palmhaus",-122.44654,37.62681,166.116,"US",NA,NA,"UTC"
"7057139.19688-123.03556","70571","39.19688-123.03556","Hobby Ranch",-123.03556,39.19688,479.4504,"US",NA,NA,"UTC"
"7057537.31353-122.05959","70575","37.31353-122.05959","MVXC-Madrid-Rd",-122.05959,37.31353,117.9576,"US",NA,NA,"UTC"
"7057937.96099-121.95077","70579","37.96099-121.95077","Meadow Wood Pl",-121.95077,37.96099,106.3752,"US",NA,NA,"UTC"
"7058737.74256-122.42509","70587","37.74256-122.42509","outside backyard",-122.42509,37.74256,39.9288,"US",NA,NA,"UTC"
"7060938.0186-122.64403","70609","38.0186-122.64403","Spirit Rock Meditation Center",-122.64403,38.0186,129.8448,"US",NA,NA,"UTC"
"7061537.36302-121.97121","70615","37.36302-121.97121","Elliot St.",-121.97121,37.36302,17.9832,"US",NA,NA,"UTC"
"7062338.62489-121.32177","70623","38.62489-121.32177","Rosy Ln  Carmichael",-121.32177,38.62489,34.7472,"US",NA,NA,"UTC"
"7063137.53365-122.26709","70631","37.53365-122.26709","Belmont Shores",-122.26709,37.53365,3.048,"US",NA,NA,"UTC"
"7063537.32039-122.0585","70635","37.32039-122.0585","MVXC - Byrne",-122.0585,37.32039,104.5464,"US",NA,NA,"UTC"
"7065137.73332-122.13488","70651","37.73332-122.13488","LeBrun Estates",-122.13488,37.73332,29.2608,"US",NA,NA,"UTC"
"7065737.41572-122.09658","70657","37.41572-122.09658","MTV",-122.09658,37.41572,5.4864,"US",NA,NA,"UTC"
"7066337.83195-122.20882","70663","37.83195-122.20882","Hello!",-122.20882,37.83195,266.3952,"US",NA,NA,"UTC"
"7066937.76588-122.23467","70669","37.76588-122.23467","Reynburn - Outside",-122.23467,37.76588,6.096,"US",NA,NA,"UTC"
"7067538.08814-122.56956","70675","38.08814-122.56956","Casa Rudolph",-122.56956,38.08814,9.4488,"US",NA,NA,"UTC"
"7067937.64743-122.46858","70679","37.64743-122.46858","Home",-122.46858,37.64743,185.0136,"US",NA,NA,"UTC"
"7068137.21101-122.06708","70681","37.21101-122.06708","Reed Knoll",-122.06708,37.21101,855.5736,"US",NA,NA,"UTC"
"7068537.36153-122.14111","70685","37.36153-122.14111","Vinedo",-122.14111,37.36153,164.8968,"US",NA,NA,"UTC"
"7068937.73781-122.39226","70689","37.73781-122.39226","McKinnon at Phelps Backyard 10 Ft Above Grade",-122.39226,37.73781,9.4488,"US",NA,NA,"UTC"
"7069138.26791-122.63161","70691","38.26791-122.63161","Near Sonoma Mountain Elem School",-122.63161,38.26791,23.7744,"US",NA,NA,"UTC"
"7069539.17363-120.23333","70695","39.17363-120.23333","John Scott Trail (West)",-120.23333,39.17363,2018.3856,"US",NA,NA,"UTC"
"7069738.22968-122.65916","70697","38.22968-122.65916","Leif&amp;Vera",-122.65916,38.22968,62.484,"US",NA,NA,"UTC"
"7070137.6801-122.40311","70701","37.6801-122.40311","Zhanger Household",-122.40311,37.6801,54.864,"US",NA,NA,"UTC"
"7070338.66655-122.95513","70703","38.66655-122.95513","West Dry Creek Rd - Koch",-122.95513,38.66655,137.16,"US",NA,NA,"UTC"
"7070737.24636-121.91595","70707","37.24636-121.91595","BEDlaM",-121.91595,37.24636,68.58,"US",NA,NA,"UTC"
"7071138.03594-122.54041","70711","38.03594-122.54041","Central Marinwood",-122.54041,38.03594,15.24,"US",NA,NA,"UTC"
"7071736.95462-122.02891","70717","36.95462-122.02891","Pelton",-122.02891,36.95462,13.1064,"US",NA,NA,"UTC"
"7072137.55145-122.34698","70721","37.55145-122.34698","Culebra Outside",-122.34698,37.55145,105.7656,"US",NA,NA,"UTC"
"7072737.34668-121.89556","70727","37.34668-121.89556","Purple95112",-121.89556,37.34668,21.9456,"US",NA,NA,"UTC"
"7072937.05024-122.02595","70729","37.05024-122.02595","Bluebonnet",-122.02595,37.05024,171.9072,"US",NA,NA,"UTC"
"7073937.51471-122.29845","70739","37.51471-122.29845","Pullman Ave",-122.29845,37.51471,83.82,"US",NA,NA,"UTC"
"7074538.0182-122.56773","70745","38.0182-122.56773","Gan Preschool",-122.56773,38.0182,33.8328,"US",NA,NA,"UTC"
"7075938.6675-121.5085","70759","38.6675-121.5085","Natomas Park - Heron",-121.5085,38.6675,4.2672,"US",NA,NA,"UTC"
"7076137.91198-121.7403","70761","37.91198-121.7403","Spyglass",-121.7403,37.91198,62.484,"US",NA,NA,"UTC"
"7077337.45009-122.25441","70773","37.45009-122.25441","Eden Bower",-122.25441,37.45009,151.4856,"US",NA,NA,"UTC"
"7077737.93074-122.06947","70777","37.93074-122.06947","Eccleston &amp; Sun Valley",-122.06947,37.93074,24.384,"US",NA,NA,"UTC"
"7078138.87327-120.03987","70781","38.87327-120.03987","Joker",-120.03987,38.87327,1971.4464,"US",NA,NA,"UTC"
"7078338.00107-122.54745","70783","38.00107-122.54745","Button",-122.54745,38.00107,43.5864,"US",NA,NA,"UTC"
"7078537.29413-121.76025","70785","37.29413-121.76025","EstatesOutside",-121.76025,37.29413,131.3688,"US",NA,NA,"UTC"
"7079938.24153-122.64894","70799","38.24153-122.64894","Oak Hill",-122.64894,38.24153,25.2984,"US",NA,NA,"UTC"
"7080337.96346-122.28661","70803","37.96346-122.28661","La Honda Road",-122.28661,37.96346,44.196,"US",NA,NA,"UTC"
"7085937.31287-121.89442","70859","37.31287-121.89442","443 Shepherd Ave",-121.89442,37.31287,33.8328,"US",NA,NA,"UTC"
"7086137.43587-122.14706","70861","37.43587-122.14706","Lowell Outside",-122.14706,37.43587,11.2776,"US",NA,NA,"UTC"
"7087137.14159-122.08988","70871","37.14159-122.08988","Bear Creek Rec",-122.08988,37.14159,177.0888,"US",NA,NA,"UTC"
"7087739.41623-119.797","70877","39.41623-119.797","WelcomeWay-Outside",-119.797,39.41623,1519.428,"US",NA,NA,"UTC"
"7088337.67148-119.80822","70883","37.67148-119.80822","YOSE @ El Portal",-119.80822,37.67148,549.8592,"US",NA,NA,"UTC"
"7088738.52948-122.49066","70887","38.52948-122.49066","Duckhorn",-122.49066,38.52948,72.8472,"US",NA,NA,"UTC"
"7089137.5545-122.3172","70891","37.5545-122.3172","Hayward Park on El Camino",-122.3172,37.5545,7.3152,"US",NA,NA,"UTC"
"7089338.41115-122.79491","70893","38.41115-122.79491","Lunardi Electric",-122.79491,38.41115,24.6888,"US",NA,NA,"UTC"
"7100137.70349-121.40453","71001","37.70349-121.40453","uxoman",-121.40453,37.70349,36.8808,"US",NA,NA,"UTC"
"7100337.79391-122.44504","71003","37.79391-122.44504","Baker and Vallejo",-122.44504,37.79391,70.104,"US",NA,NA,"UTC"
"7103337.1116-121.89569","71033","37.1116-121.89569","Lago Lomita Vineyards",-121.89569,37.1116,786.6888,"US",NA,NA,"UTC"
"7144137.96875-122.25815","71441","37.96875-122.25815","Upper Coach Drive",-122.25815,37.96875,164.8968,"US",NA,NA,"UTC"
"7144337.56124-121.99151","71443","37.56124-121.99151","MoonRiver",-121.99151,37.56124,18.288,"US",NA,NA,"UTC"
"7144937.6916-122.15267","71449","37.6916-122.15267","Manor Branch Library  COSL",-122.15267,37.6916,5.7912,"US",NA,NA,"UTC"
"7145134.07732-118.94425","71451","34.07732-118.94425","Yellow Hill",-118.94425,34.07732,411.7848,"US",NA,NA,"UTC"
"7145337.76372-122.24869","71453","37.76372-122.24869","Walnut &amp; San Antonio",-122.24869,37.76372,9.4488,"US",NA,NA,"UTC"
"7146137.7286-122.15932","71461","37.7286-122.15932","City Hall  COSL",-122.15932,37.7286,18.8976,"US",NA,NA,"UTC"
"7146537.70609-122.14564","71465","37.70609-122.14564","Public Works Service Center  COSL",-122.14564,37.70609,12.192,"US",NA,NA,"UTC"
"7147137.51147-122.26958","71471","37.51147-122.26958","Chestnut ST",-122.26958,37.51147,55.4736,"US",NA,NA,"UTC"
"7148137.74224-122.46113","71481","37.74224-122.46113","KensingtonWaySJM",-122.46113,37.74224,150.5712,"US",NA,NA,"UTC"
"7148537.43013-122.14992","71485","37.43013-122.14992","Aufmugo Sensor",-122.14992,37.43013,13.1064,"US",NA,NA,"UTC"
"7149137.97213-122.61253","71491","37.97213-122.61253","Monte Cristo",-122.61253,37.97213,233.7816,"US",NA,NA,"UTC"
"7149737.417-122.26114","71497","37.417-122.26114","Roberta &amp; Turkey Farm",-122.26114,37.417,126.7968,"US",NA,NA,"UTC"
"7150337.80683-122.22044","71503","37.80683-122.22044","Per Pull Rane   Per Err Pull Ray Ain",-122.22044,37.80683,79.248,"US",NA,NA,"UTC"
"7151138.99921-122.75045","71511","38.99921-122.75045","Dog House",-122.75045,38.99921,407.8224,"US",NA,NA,"UTC"
"7152537.90823-122.54913","71525","37.90823-122.54913","Lower Alcatraz Place",-122.54913,37.90823,50.292,"US",NA,NA,"UTC"
"7154137.04291-122.08948","71541","37.04291-122.08948","Felton Heights",-122.08948,37.04291,251.7648,"US",NA,NA,"UTC"
"7154938.31389-122.23762","71549","38.31389-122.23762","Coombsville",-122.23762,38.31389,94.1832,"US",NA,NA,"UTC"
"7155537.88897-122.1805","71555","37.88897-122.1805","Orindawoods",-122.1805,37.88897,236.8296,"US",NA,NA,"UTC"
"7155938.35459-122.2534","71559","38.35459-122.2534","Silverado Highlands",-122.2534,38.35459,92.0496,"US",NA,NA,"UTC"
"7156137.84279-122.25046","71561","37.84279-122.25046","Blaburtings",-122.25046,37.84279,57.912,"US",NA,NA,"UTC"
"7156534.44633-119.74282","71565","34.44633-119.74282","Dixon St",-119.74282,34.44633,73.152,"US",NA,NA,"UTC"
"7156937.97676-122.54792","71569","37.97676-122.54792","Alexander Ave",-122.54792,37.97676,35.6616,"US",NA,NA,"UTC"
"7157537.96124-122.49321","71575","37.96124-122.49321","JB",-122.49321,37.96124,3.3528,"US",NA,NA,"UTC"
"7157737.31633-121.89938","71577","37.31633-121.89938","Hartford Avenue",-121.89938,37.31633,34.4424,"US",NA,NA,"UTC"
"7157937.74504-122.43474","71579","37.74504-122.43474","28th Street at Diamond (Outside)",-122.43474,37.74504,123.444,"US",NA,NA,"UTC"
"7159337.67128-121.75809","71593","37.67128-121.75809","Chateau",-121.75809,37.67128,161.8488,"US",NA,NA,"UTC"
"7159537.37511-122.0423","71595","37.37511-122.0423","Washington Park Sunnyvale",-122.0423,37.37511,35.6616,"US",NA,NA,"UTC"
"7160337.74356-122.25785","71603","37.74356-122.25785","Tipperary Court",-122.25785,37.74356,4.572,"US",NA,NA,"UTC"
"7160537.27389-122.18016","71605","37.27389-122.18016","Portola Hts - 5 Points",-122.18016,37.27389,534.6192,"US",NA,NA,"UTC"
"7160938.07087-122.21457","71609","38.07087-122.21457","Harbour Towne  Glen Cove",-122.21457,38.07087,39.9288,"US",NA,NA,"UTC"
"7162137.88312-122.20065","71621","37.88312-122.20065","197 EL TOYONAL",-122.20065,37.88312,256.9464,"US",NA,NA,"UTC"
"7163338.67573-121.08835","71633","38.67573-121.08835","Muse Drive",-121.08835,38.67573,323.088,"US",NA,NA,"UTC"
"7163737.72643-122.24388","71637","37.72643-122.24388","Waterfront-HBP1",-122.24388,37.72643,5.4864,"US",NA,NA,"UTC"
"7163937.81369-122.00026","71639","37.81369-122.00026","Town and Country Drive",-122.00026,37.81369,130.7592,"US",NA,NA,"UTC"
"7164137.88025-122.03035","71641","37.88025-122.03035","dj",-122.03035,37.88025,76.5048,"US",NA,NA,"UTC"
"7172336.96411-122.05722","71723","36.96411-122.05722","HilltopApartments",-122.05722,36.96411,66.7512,"US",NA,NA,"UTC"
"7172537.62076-121.85181","71725","37.62076-121.85181","Van Dyke Ranch",-121.85181,37.62076,181.356,"US",NA,NA,"UTC"
"7173338.0028-122.60615","71733","38.0028-122.60615","White Hill School",-122.60615,38.0028,67.6656,"US",NA,NA,"UTC"
"7173938.17091-122.62981","71739","38.17091-122.62981","Cayetana Ranch",-122.62981,38.17091,37.1856,"US",NA,NA,"UTC"
"7175338.62941-122.86285","71753","38.62941-122.86285","House Wooster",-122.86285,38.62941,83.82,"US",NA,NA,"UTC"
"7175537.58616-122.33843","71755","37.58616-122.33843","Between Lexington and Rollins",-122.33843,37.58616,3.9624,"US",NA,NA,"UTC"
"7175737.34642-121.98585","71757","37.34642-121.98585","Pomeroy Green",-121.98585,37.34642,30.48,"US",NA,NA,"UTC"
"7176338.08091-122.15453","71763","38.08091-122.15453","476 McCall Drive Benicia Ca 94510",-122.15453,38.08091,82.9056,"US",NA,NA,"UTC"
"7176937.88125-122.29547","71769","37.88125-122.29547","1232 Kains Ave. Berkeley  CA 94706",-122.29547,37.88125,15.5448,"US",NA,NA,"UTC"
"7177138.4064-122.9221","71771","38.4064-122.9221","TnTFarms",-122.9221,38.4064,227.076,"US",NA,NA,"UTC"
"7177537.74371-122.43567","71775","37.74371-122.43567","Diamond St.",-122.43567,37.74371,129.2352,"US",NA,NA,"UTC"
"7178137.8767-122.28159","71781","37.8767-122.28159","Cedar Street Outside",-122.28159,37.8767,34.4424,"US",NA,NA,"UTC"
"7178738.89539-121.32332","71787","38.89539-121.32332","PAPA JOE",-121.32332,38.89539,40.8432,"US",NA,NA,"UTC"
"7179136.9705-122.05811","71791","36.9705-122.05811","Schiller2",-122.05811,36.9705,73.4568,"US",NA,NA,"UTC"
"7179337.08128-122.07145","71793","37.08128-122.07145","Quail Hollow Bowl",-122.07145,37.08128,154.8384,"US",NA,NA,"UTC"
"7179737.82623-122.23319","71797","37.82623-122.23319","Oakland Near Highland OUTDOOR",-122.23319,37.82623,105.7656,"US",NA,NA,"UTC"
"7179937.21998-121.76141","71799","37.21998-121.76141","Bayliss Pl",-121.76141,37.21998,68.58,"US",NA,NA,"UTC"
"7181334.27373-118.30572","71813","34.27373-118.30572","Sunland",-118.30572,34.27373,476.7072,"US",NA,NA,"UTC"
"7181937.12122-121.93806","71819","37.12122-121.93806","Morrell Cutoff Rd.",-121.93806,37.12122,381.9144,"US",NA,NA,"UTC"
"7182938.36029-121.99623","71829","38.36029-121.99623","Vacaville High School",-121.99623,38.36029,59.1312,"US",NA,NA,"UTC"
"7184137.85128-120.18167","71841","37.85128-120.18167","Pine Mountain Lake  Groveland  CA",-120.18167,37.85128,856.1832,"US",NA,NA,"UTC"
"7184537.86408-122.28426","71845","37.86408-122.28426","Valley Street",-122.28426,37.86408,26.2128,"US",NA,NA,"UTC"
"7184735.64167-117.69208","71847","35.64167-117.69208","N. Inyo St. Ridgecrest",-117.69208,35.64167,703.7832,"US",NA,NA,"UTC"
"7185537.12849-122.00053","71855","37.12849-122.00053","Hutchinson",-122.00053,37.12849,480.3648,"US",NA,NA,"UTC"
"7207937.78521-122.44454","72079","37.78521-122.44454","The Little School",-122.44454,37.78521,64.3128,"US",NA,NA,"UTC"
"7208138.07549-122.23302","72081","38.07549-122.23302","California State University Maritime Academy - PEAC",-122.23302,38.07549,32.9184,"US",NA,NA,"UTC"
"7209337.59158-121.88188","72093","37.59158-121.88188","Alameda Creek Watershed Center",-121.88188,37.59158,74.9808,"US",NA,NA,"UTC"
"7210137.44531-122.15424","72101","37.44531-122.15424","Cowper Air",-122.15424,37.44531,14.3256,"US",NA,NA,"UTC"
"7211936.96903-122.01181","72119","36.96903-122.01181","Cushnir",-122.01181,36.96903,17.6784,"US",NA,NA,"UTC"
"7225139.72135-120.56694","72251","39.72135-120.56694","Clio | Mohawk Meadows",-120.56694,39.72135,1391.1072,"US",NA,NA,"UTC"
"7225337.1509-122.1251","72253","37.1509-122.1251","Buena Vista Outside",-122.1251,37.1509,190.5,"US",NA,NA,"UTC"
"7225737.9558-122.53784","72257","37.9558-122.53784","Kentfield",-122.53784,37.9558,53.6448,"US",NA,NA,"UTC"
"7226337.38333-122.25378","72263","37.38333-122.25378","580 Old la Honda outdoors",-122.25378,37.38333,373.9896,"US",NA,NA,"UTC"
"7226937.36091-122.03377","72269","37.36091-122.03377","Dawn Drive",-122.03377,37.36091,42.0624,"US",NA,NA,"UTC"
"7228337.78364-122.42502","72283","37.78364-122.42502","Laguna Heights",-122.42502,37.78364,56.388,"US",NA,NA,"UTC"
"7229537.82944-121.93233","72295","37.82944-121.93233","Mossy Oak Dr",-121.93233,37.82944,229.2096,"US",NA,NA,"UTC"
"7229938.56309-121.71395","72299","38.56309-121.71395","Bryant Place",-121.71395,38.56309,13.716,"US",NA,NA,"UTC"
"7230939.25924-119.97974","72309","39.25924-119.97974","FLWOD",-119.97974,39.25924,2090.0136,"US",NA,NA,"UTC"
"7232537.75722-122.46616","72325","37.75722-122.46616","Peach",-122.46616,37.75722,128.6256,"US",NA,NA,"UTC"
"7233336.98257-122.04551","72333","36.98257-122.04551","Spring Street Outside",-122.04551,36.98257,96.6216,"US",NA,NA,"UTC"
"7233733.54153-117.72325","72337","33.54153-117.72325","Aliso Woods Canyon",-117.72325,33.54153,138.3792,"US",NA,NA,"UTC"
"7234337.51936-122.33933","72343","37.51936-122.33933","VBCPhD2",-122.33933,37.51936,145.9992,"US",NA,NA,"UTC"
"7234737.75614-122.43257","72347","37.75614-122.43257","Panthers Rest Outdoor",-122.43257,37.75614,106.3752,"US",NA,NA,"UTC"
"7237737.2315-122.35741","72377","37.2315-122.35741","DoubleDog Ranch RoadHouse",-122.35741,37.2315,35.3568,"US",NA,NA,"UTC"
"7245934.08981-118.10216","72459","34.08981-118.10216","San Gabriel Village",-118.10216,34.08981,115.5192,"US",NA,NA,"UTC"
"7246137.77313-122.51118","72461","37.77313-122.51118","Kelly's Cove",-122.51118,37.77313,7.62,"US",NA,NA,"UTC"
"7246937.90046-122.5185","72469","37.90046-122.5185","Thoreau Circle",-122.5185,37.90046,58.2168,"US",NA,NA,"UTC"
"7247539.2346-120.9885","72475","39.2346-120.9885","Madrona Springs",-120.9885,39.2346,985.7232,"US",NA,NA,"UTC"
"7247737.30856-121.89927","72477","37.30856-121.89927","Blewett-Willow1",-121.89927,37.30856,35.9664,"US",NA,NA,"UTC"
"7247937.46607-122.2543","72479","37.46607-122.2543","Texafornia",-122.2543,37.46607,76.5048,"US",NA,NA,"UTC"
"7248537.32162-122.18916","72485","37.32162-122.18916","Dirt Alpine",-122.18916,37.32162,650.1384,"US",NA,NA,"UTC"
"7249737.28497-121.84936","72497","37.28497-121.84936","Valley",-121.84936,37.28497,97.2312,"US",NA,NA,"UTC"
"7249938.33017-121.96168","72499","38.33017-121.96168","TC Marna",-121.96168,38.33017,38.7096,"US",NA,NA,"UTC"
"7250137.98094-122.29035","72501","37.98094-122.29035","Passionfruit Studio",-122.29035,37.98094,83.2104,"US",NA,NA,"UTC"
"7250337.23949-122.33049","72503","37.23949-122.33049","Ridgetop Ranch",-122.33049,37.23949,345.3384,"US",NA,NA,"UTC"
"7251338.56034-121.49079","72513","38.56034-121.49079","JEF",-121.49079,38.56034,5.4864,"US",NA,NA,"UTC"
"7251737.85527-122.26992","72517","37.85527-122.26992","dc-home-ext",-122.26992,37.85527,37.4904,"US",NA,NA,"UTC"
"7252737.84919-122.24657","72527","37.84919-122.24657","Ross@Chabot",-122.24657,37.84919,68.8848,"US",NA,NA,"UTC"
"7253939.49497-119.87972","72539","39.49497-119.87972","Juniperhills",-119.87972,39.49497,1484.9856,"US",NA,NA,"UTC"
"7254737.51683-122.29578","72547","37.51683-122.29578","Carlmont Parents Nursery School",-122.29578,37.51683,82.296,"US",NA,NA,"UTC"
"7254937.88688-122.26428","72549","37.88688-122.26428","Leways",-122.26428,37.88688,141.732,"US",NA,NA,"UTC"
"7255337.74337-122.46915","72553","37.74337-122.46915","Funston &amp; Traval",-122.46915,37.74337,130.4544,"US",NA,NA,"UTC"
"7255738.41692-122.94455","72557","38.41692-122.94455","Highland Rd.",-122.94455,38.41692,231.9528,"US",NA,NA,"UTC"
"7256737.70825-122.10634","72567","37.70825-122.10634","Pasture",-122.10634,37.70825,135.636,"US",NA,NA,"UTC"
"7257336.82974-121.64596","72573","36.82974-121.64596","Sensor3",-121.64596,36.82974,185.3184,"US",NA,NA,"UTC"
"7257739.28166-120.1508","72577","39.28166-120.1508","Tahoe - Outside",-120.1508,39.28166,1872.6912,"US",NA,NA,"UTC"
"7258137.38785-122.0798","72581","37.38785-122.0798","MOUNTAIN VIEW",-122.0798,37.38785,29.2608,"US",NA,NA,"UTC"
"7258537.46884-122.20915","72585","37.46884-122.20915","South Fair Oaks Outdoor Sensor",-122.20915,37.46884,11.8872,"US",NA,NA,"UTC"
"7259736.58992-121.90349","72597","36.58992-121.90349","San Bernabe",-121.90349,36.58992,65.532,"US",NA,NA,"UTC"
"7259938.02755-122.57089","72599","38.02755-122.57089","MSC - Outside",-122.57089,38.02755,41.148,"US",NA,NA,"UTC"
"7260337.3394-121.86871","72603","37.3394-121.86871","S 18th St.",-121.86871,37.3394,29.2608,"US",NA,NA,"UTC"
"7260937.83784-122.19775","72609","37.83784-122.19775","6948Ridgewood dr",-122.19775,37.83784,380.3904,"US",NA,NA,"UTC"
"7261137.29598-121.97244","72611","37.29598-121.97244","TCP-Out",-121.97244,37.29598,60.0456,"US",NA,NA,"UTC"
"7261337.27263-121.86842","72613","37.27263-121.86842","Pinehurst Cabana Club",-121.86842,37.27263,48.768,"US",NA,NA,"UTC"
"7261537.50635-122.29076","72615","37.50635-122.29076","Carlmont Outdoor Sensor",-122.29076,37.50635,66.1416,"US",NA,NA,"UTC"
"7279537.91908-122.10432","72795","37.91908-122.10432","Windsong Ridge",-122.10432,37.91908,198.12,"US",NA,NA,"UTC"
"7279937.32371-121.00886","72799","37.32371-121.00886","Southington",-121.00886,37.32371,24.0792,"US",NA,NA,"UTC"
"7280937.50806-122.26951","72809","37.50806-122.26951","Cedar Street  San Carlos",-122.26951,37.50806,35.9664,"US",NA,NA,"UTC"
"7281337.26401-121.85738","72813","37.26401-121.85738","Vista Park",-121.85738,37.26401,50.5968,"US",NA,NA,"UTC"
"7281737.29562-121.92001","72817","37.29562-121.92001","Phantom Farms",-121.92001,37.29562,49.0728,"US",NA,NA,"UTC"
"7282737.75838-122.42239","72827","37.75838-122.42239","Valencia 20th",-122.42239,37.75838,22.86,"US",NA,NA,"UTC"
"7289337.35234-122.08342","72893","37.35234-122.08342","Fremont Ave \/ Oakhurst Ave",-122.08342,37.35234,70.104,"US",NA,NA,"UTC"
"7289938.57761-122.87724","72899","38.57761-122.87724","Westside Road",-122.87724,38.57761,52.7304,"US",NA,NA,"UTC"
"7290339.10681-123.49967","72903","39.10681-123.49967","Bearman",-123.49967,39.10681,75.8952,"US",NA,NA,"UTC"
"7291738.56561-122.55746","72917","38.56561-122.55746","Dunaweal Lane",-122.55746,38.56561,99.06,"US",NA,NA,"UTC"
"7292134.07328-118.41262","72921","34.07328-118.41262","Bedford Drive",-118.41262,34.07328,95.4024,"US",NA,NA,"UTC"
"7292737.59447-122.3995","72927","37.59447-122.3995","Spur Trail",-122.3995,37.59447,51.816,"US",NA,NA,"UTC"
"7294937.69184-122.40839","72949","37.69184-122.40839","Red Hawk Court",-122.40839,37.69184,73.7616,"US",NA,NA,"UTC"
"7295137.90144-122.2629","72951","37.90144-122.2629","641Vistamont",-122.2629,37.90144,281.3304,"US",NA,NA,"UTC"
"7308738.53767-121.5722","73087","38.53767-121.5722","Martinique",-121.5722,38.53767,3.048,"US",NA,NA,"UTC"
"7309140.86422-124.06914","73091","40.86422-124.06914","712 Shirley Blvd",-124.06914,40.86422,76.5048,"US",NA,NA,"UTC"
"7310137.82585-122.10734","73101","37.82585-122.10734","Merrill@Circle",-122.10734,37.82585,205.74,"US",NA,NA,"UTC"
"7310937.76454-122.40089","73109","37.76454-122.40089","310 Carolina St",-122.40089,37.76454,7.9248,"US",NA,NA,"UTC"
"7311139.24751-119.93351","73111","39.24751-119.93351","Burgundy Hill",-119.93351,39.24751,1973.8848,"US",NA,NA,"UTC"
"7311537.28713-118.3885","73115","37.28713-118.3885","Wilkerson",-118.3885,37.28713,1353.6168,"US",NA,NA,"UTC"
"7311737.7854-122.47195","73117","37.7854-122.47195","Funston Ave",-122.47195,37.7854,45.72,"US",NA,NA,"UTC"
"7313534.04013-118.41064","73135","34.04013-118.41064","Troon Avenue",-118.41064,34.04013,73.152,"US",NA,NA,"UTC"
"7313939.35091-120.17084","73139","39.35091-120.17084","Ghirard Rd - end",-120.17084,39.35091,1795.272,"US",NA,NA,"UTC"
"7314539.54146-119.87232","73145","39.54146-119.87232","Las Brisas Park",-119.87232,39.54146,1533.144,"US",NA,NA,"UTC"
"7314937.7412-122.2509","73149","37.7412-122.2509","Limerick",-122.2509,37.7412,3.9624,"US",NA,NA,"UTC"
"7319537.07498-122.07756","73195","37.07498-122.07756","Hihn\/Azalea",-122.07756,37.07498,131.9784,"US",NA,NA,"UTC"
"7321137.00238-121.95069","73211","37.00238-121.95069","Flatcoat Farm",-121.95069,37.00238,21.6408,"US",NA,NA,"UTC"
"7321537.01181-122.19473","73215","37.01181-122.19473","Pacific Elementary School",-122.19473,37.01181,34.4424,"US",NA,NA,"UTC"
"7321936.48107-121.73367","73219","36.48107-121.73367","CV Village",-121.73367,36.48107,123.7488,"US",NA,NA,"UTC"
"7322338.86644-122.40198","73223","38.86644-122.40198","McLaughlin Reserve - mgr res",-122.40198,38.86644,696.7728,"US",NA,NA,"UTC"
"7322934.25422-118.34204","73229","34.25422-118.34204","Green Verdugo Hill",-118.34204,34.25422,343.2048,"US",NA,NA,"UTC"
"7323137.73921-122.24903","73231","37.73921-122.24903","Air Test 1",-122.24903,37.73921,3.6576,"US",NA,NA,"UTC"
"7323737.72871-122.41765","73237","37.72871-122.41765","Silver",-122.41765,37.72871,76.2,"US",NA,NA,"UTC"
"7323937.97246-122.50989","73239","37.97246-122.50989","Jack's House",-122.50989,37.97246,15.24,"US",NA,NA,"UTC"
"7324739.31007-123.75244","73247","39.31007-123.75244","Mendocino Front Porch",-123.75244,39.31007,170.3832,"US",NA,NA,"UTC"
"7324939.6106-122.58255","73249","39.6106-122.58255","Elk Creek Bob Wirth",-122.58255,39.6106,298.0944,"US",NA,NA,"UTC"
"7326338.04919-122.55154","73263","38.04919-122.55154","Pacheco Valle (Novato)",-122.55154,38.04919,89.0016,"US",NA,NA,"UTC"
"7326738.59674-122.53148","73267","38.59674-122.53148","DHC",-122.53148,38.59674,404.7744,"US",NA,NA,"UTC"
"7326939.05093-120.99209","73269","39.05093-120.99209","Eden Valley",-120.99209,39.05093,636.4224,"US",NA,NA,"UTC"
"7327337.57482-122.39338","73273","37.57482-122.39338","Alturas Drive",-122.39338,37.57482,150.5712,"US",NA,NA,"UTC"
"7349138.24776-122.16866","73491","38.24776-122.16866","Green Valley Estates",-122.16866,38.24776,30.1752,"US",NA,NA,"UTC"
"7349537.9007-122.5248","73495","37.9007-122.5248","Enchanted Knolls Shelley",-122.5248,37.9007,30.48,"US",NA,NA,"UTC"
"7349737.12816-121.6647","73497","37.12816-121.6647","Florence Court",-121.6647,37.12816,116.1288,"US",NA,NA,"UTC"
"7350137.66189-120.99674","73501","37.66189-120.99674","Aurora",-120.99674,37.66189,28.0416,"US",NA,NA,"UTC"
"7350737.74889-122.11832","73507","37.74889-122.11832","Lowrey Rd",-122.11832,37.74889,176.784,"US",NA,NA,"UTC"
"7351537.27479-121.9848","73515","37.27479-121.9848","Bannock Circle",-121.9848,37.27479,76.5048,"US",NA,NA,"UTC"
"7352137.23161-121.78835","73521","37.23161-121.78835","BDAK:OS!",-121.78835,37.23161,60.6552,"US",NA,NA,"UTC"
"7352738.31281-122.37067","73527","38.31281-122.37067","Partrick Road",-122.37067,38.31281,194.1576,"US",NA,NA,"UTC"
"7353337.91392-121.59074","73533","37.91392-121.59074","Trump sucks - Vote him out!",-121.59074,37.91392,3.9624,"US",NA,NA,"UTC"
"7355938.85849-119.99915","73559","38.85849-119.99915","Ojibwa St",-119.99915,38.85849,1959.864,"US",NA,NA,"UTC"
"7356537.7477-122.24534","73565","37.7477-122.24534","Alameda  Bay Farm Island",-122.24534,37.7477,4.2672,"US",NA,NA,"UTC"
"7357137.93274-122.52515","73571","37.93274-122.52515","Lola and Papa",-122.52515,37.93274,2.7432,"US",NA,NA,"UTC"
"7360138.56585-121.74078","73601","38.56585-121.74078","Cannery Outdoors",-121.74078,38.56585,14.0208,"US",NA,NA,"UTC"
"7365936.13526-118.61508","73659","36.13526-118.61508","Coy Flat",-118.61508,36.13526,1402.08,"US",NA,NA,"UTC"
"7366937.3867-122.09437","73669","37.3867-122.09437","geosynch air",-122.09437,37.3867,33.8328,"US",NA,NA,"UTC"
"7367334.25892-117.20848","73673","34.25892-117.20848","KAC_PhD",-117.20848,34.25892,1656.2832,"US",NA,NA,"UTC"
"7368336.97484-121.9894","73683","36.97484-121.9894","Harper Court",-121.9894,36.97484,21.336,"US",NA,NA,"UTC"
"7368538.36578-122.81883","73685","38.36578-122.81883","Bloomfield and Midpine",-122.81883,38.36578,109.4232,"US",NA,NA,"UTC"
"7368737.90712-122.53849","73687","37.90712-122.53849","Mill Valley Tennis Club",-122.53849,37.90712,19.5072,"US",NA,NA,"UTC"
"7368937.46144-122.14845","73689","37.46144-122.14845","OConnor St - Menlo Park",-122.14845,37.46144,10.0584,"US",NA,NA,"UTC"
"7370137.7585-122.4402","73701","37.7585-122.4402","64 Seward Street  San Francisco",-122.4402,37.7585,86.868,"US",NA,NA,"UTC"
"7370737.36853-122.2084","73707","37.36853-122.2084","Pomponio",-122.2084,37.36853,212.1408,"US",NA,NA,"UTC"
"7373338.51779-122.47275","73733","38.51779-122.47275","Pratt Barn",-122.47275,38.51779,70.104,"US",NA,NA,"UTC"
"7373737.52873-122.29782","73737","37.52873-122.29782","BV.SM Upper",-122.29782,37.52873,47.244,"US",NA,NA,"UTC"
"7374337.36388-122.20925","73743","37.36388-122.20925","Upper Sandstone",-122.20925,37.36388,233.7816,"US",NA,NA,"UTC"
"7378537.75326-122.4335","73785","37.75326-122.4335","Ozdachs",-122.4335,37.75326,86.868,"US",NA,NA,"UTC"
"7381937.7528-122.43202","73819","37.7528-122.43202","san francisco  ca",-122.43202,37.7528,67.056,"US",NA,NA,"UTC"
"7382338.30334-120.26728","73823","38.30334-120.26728","Big Trees - Sierra Parkway",-120.26728,38.30334,1548.384,"US",NA,NA,"UTC"
"7382937.85992-122.27924","73829","37.85992-122.27924","Carleton and Sacramento",-122.27924,37.85992,28.3464,"US",NA,NA,"UTC"
"7386338.98548-120.88208","73863","38.98548-120.88208","Zen cabin",-120.88208,38.98548,785.7744,"US",NA,NA,"UTC"
"7387537.93936-121.96769","73875","37.93936-121.96769","Glenwillow Ln",-121.96769,37.93936,139.2936,"US",NA,NA,"UTC"
"7389137.51964-122.30638","73891","37.51964-122.30638","Belmont",-122.30638,37.51964,176.784,"US",NA,NA,"UTC"
"7389937.97025-122.54552","73899","37.97025-122.54552","SGA Sensor",-122.54552,37.97025,64.9224,"US",NA,NA,"UTC"
"7391937.48538-122.44134","73919","37.48538-122.44134","Le Mans Way HMB",-122.44134,37.48538,27.432,"US",NA,NA,"UTC"
"7402937.73883-122.25608","74029","37.73883-122.25608","Smokey McSmokeface",-122.25608,37.73883,3.3528,"US",NA,NA,"UTC"
"7404139.54255-119.93722","74041","39.54255-119.93722","Eagle Chase",-119.93722,39.54255,1664.5128,"US",NA,NA,"UTC"
"7406934.10166-118.24661","74069","34.10166-118.24661","Coolidge Place",-118.24661,34.10166,109.4232,"US",NA,NA,"UTC"
"7408739.31456-120.16627","74087","39.31456-120.16627","Schaffer\u2019s Mill",-120.16627,39.31456,1824.228,"US",NA,NA,"UTC"
"7409337.74958-122.41888","74093","37.74958-122.41888","Bartlett",-122.41888,37.74958,24.9936,"US",NA,NA,"UTC"
"7409537.8636-122.2619","74095","37.8636-122.2619","2320 Blake Street",-122.2619,37.8636,62.1792,"US",NA,NA,"UTC"
"7415137.91137-122.475","74151","37.91137-122.475","PC2",-122.475,37.91137,0.6096,"US",NA,NA,"UTC"
"7415737.86248-122.26398","74157","37.86248-122.26398","Parker Street",-122.26398,37.86248,55.4736,"US",NA,NA,"UTC"
"7416137.82902-122.20832","74161","37.82902-122.20832","PurpleHaze",-122.20832,37.82902,236.8296,"US",NA,NA,"UTC"
"7418337.20244-122.06677","74183","37.20244-122.06677","Shear Creek",-122.06677,37.20244,813.5112,"US",NA,NA,"UTC"
"7420537.65087-118.97999","74205","37.65087-118.97999","AlpineCircleMammothLakes",-118.97999,37.65087,2438.4,"US",NA,NA,"UTC"
"7425337.92349-122.07587","74253","37.92349-122.07587","Lindsay Wildlife Experience",-122.07587,37.92349,42.9768,"US",NA,NA,"UTC"
"7426334.46392-119.70824","74263","34.46392-119.70824","Upper Mission Canyon",-119.70824,34.46392,306.0192,"US",NA,NA,"UTC"
"7427537.84276-122.19712","74275","37.84276-122.19712","7221 Skyline",-122.19712,37.84276,380.0856,"US",NA,NA,"UTC"
"7434936.52327-121.76366","74349","36.52327-121.76366","Oakmeadow-Upper",-121.76366,36.52327,287.4264,"US",NA,NA,"UTC"
"7436338.24247-122.63143","74363","38.24247-122.63143","Petaluma Library - Outside",-122.63143,38.24247,7.3152,"US",NA,NA,"UTC"
"7436738.29288-122.47259","74367","38.29288-122.47259","Sonoma Valley Library - Outside",-122.47259,38.29288,28.3464,"US",NA,NA,"UTC"
"7437937.75575-122.43618","74379","37.75575-122.43618","Noe Valley",-122.43618,37.75575,115.5192,"US",NA,NA,"UTC"
"7438737.31667-122.0272","74387","37.31667-122.0272","Farallone Dr  Cupertino",-122.0272,37.31667,70.104,"US",NA,NA,"UTC"
"7439737.93214-122.53499","74397","37.93214-122.53499","Larkspur",-122.53499,37.93214,10.0584,"US",NA,NA,"UTC"
"7441337.73895-122.40912","74413","37.73895-122.40912","Big Concrete Wall",-122.40912,37.73895,34.1376,"US",NA,NA,"UTC"
"7441537.28811-122.00644","74415","37.28811-122.00644","Patio",-122.00644,37.28811,84.7344,"US",NA,NA,"UTC"
"7441734.4342-118.4828","74417","34.4342-118.4828","Skyblue Mesa",-118.4828,34.4342,500.7864,"US",NA,NA,"UTC"
"7446738.28335-122.25629","74467","38.28335-122.25629","Back Yard",-122.25629,38.28335,29.2608,"US",NA,NA,"UTC"
"7447937.33765-122.07836","74479","37.33765-122.07836","Via Huerta",-122.07836,37.33765,100.584,"US",NA,NA,"UTC"
"7448137.74185-122.25372","74481","37.74185-122.25372","Applegate",-122.25372,37.74185,3.9624,"US",NA,NA,"UTC"
"7448337.22263-121.96055","74483","37.22263-121.96055","Bond Court",-121.96055,37.22263,138.3792,"US",NA,NA,"UTC"
"7450137.56723-122.34356","74501","37.56723-122.34356","Bellevue",-122.34356,37.56723,27.7368,"US",NA,NA,"UTC"
"7451337.77078-122.13425","74513","37.77078-122.13425","Lower Surrey",-122.13425,37.77078,198.12,"US",NA,NA,"UTC"
"7451939.46861-119.79857","74519","39.46861-119.79857","Villas at Rancharrah",-119.79857,39.46861,1382.5728,"US",NA,NA,"UTC"
"7452537.23815-121.88332","74525","37.23815-121.88332","Corumba",-121.88332,37.23815,67.056,"US",NA,NA,"UTC"
"7452738.43541-122.67901","74527","38.43541-122.67901","Cypress Way",-122.67901,38.43541,67.056,"US",NA,NA,"UTC"
"7452936.56183-121.90849","74529","36.56183-121.90849","Edgefield Drive",-121.90849,36.56183,149.0472,"US",NA,NA,"UTC"
"7471738.61454-122.87037","74717","38.61454-122.87037","Healdsburg Library - Outside",-122.87037,38.61454,34.7472,"US",NA,NA,"UTC"
"7471938.72768-120.96469","74719","38.72768-120.96469","Rescue Redbud",-120.96469,38.72768,380.3904,"US",NA,NA,"UTC"
"7472138.34892-122.7035","74721","38.34892-122.7035","Rohnert Park Library - Outside",-122.7035,38.34892,32.6136,"US",NA,NA,"UTC"
"7472538.54929-122.81399","74725","38.54929-122.81399","Windsor Library - Outside",-122.81399,38.54929,37.4904,"US",NA,NA,"UTC"
"7473337.87522-122.30107","74733","37.87522-122.30107","The Silos",-122.30107,37.87522,5.1816,"US",NA,NA,"UTC"
"7473738.37611-122.26691","74737","38.37611-122.26691","Old Soda Springs Rd.  Elev: 900 ft.",-122.26691,38.37611,267.9192,"US",NA,NA,"UTC"
"7473937.90287-122.53239","74739","37.90287-122.53239","Alta Vista",-122.53239,37.90287,21.9456,"US",NA,NA,"UTC"
"7474537.68044-122.40478","74745","37.68044-122.40478","Villa San Benito",-122.40478,37.68044,54.864,"US",NA,NA,"UTC"
"7474738.44139-122.71066","74747","38.44139-122.71066","Central Library - Outside",-122.71066,38.44139,52.1208,"US",NA,NA,"UTC"
"7474933.15993-117.26419","74749","33.15993-117.26419","Ocean Hills Golf Course Hole 10",-117.26419,33.15993,132.588,"US",NA,NA,"UTC"
"7482337.97556-122.50359","74823","37.97556-122.50359","Fairway Dr.",-122.50359,37.97556,31.0896,"US",NA,NA,"UTC"
"7482536.97698-121.95003","74825","36.97698-121.95003","Nobel Gulch Park",-121.95003,36.97698,18.288,"US",NA,NA,"UTC"
"7482938.65318-121.27501","74829","38.65318-121.27501","Hill Crest Acres",-121.27501,38.65318,61.2648,"US",NA,NA,"UTC"
"7484137.73994-121.93608","74841","37.73994-121.93608","Walt Disney School Park",-121.93608,37.73994,114.9096,"US",NA,NA,"UTC"
"7486537.58805-122.03514","74865","37.58805-122.03514","Heritage Pointe",-122.03514,37.58805,10.668,"US",NA,NA,"UTC"
"7487138.486-118.6624","74871","38.486-118.6624","Cory Canyon",-118.6624,38.486,1522.7808,"US",NA,NA,"UTC"
"7496738.46552-122.66599","74967","38.46552-122.66599","County Station 5",-122.66599,38.46552,79.5528,"US",NA,NA,"UTC"
"7497938.07123-122.82835","74979","38.07123-122.82835","60L",-122.82835,38.07123,51.5112,"US",NA,NA,"UTC"
"7501538.25206-122.65339","75015","38.25206-122.65339","GreenAcre",-122.65339,38.25206,19.812,"US",NA,NA,"UTC"
"7502332.99651-116.92637","75023","32.99651-116.92637","Rosemont",-116.92637,32.99651,469.392,"US",NA,NA,"UTC"
"7502737.79952-122.43044","75027","37.79952-122.43044","Greenwich and Laguna",-122.43044,37.79952,14.9352,"US",NA,NA,"UTC"
"7504737.96344-122.49761","75047","37.96344-122.49761","Tern Nest",-122.49761,37.96344,2.4384,"US",NA,NA,"UTC"
"7505539.30106-123.05909","75055","39.30106-123.05909","Oliveto del Vecchio  EVOO",-123.05909,39.30106,355.3968,"US",NA,NA,"UTC"
"7512137.40266-122.08794","75121","37.40266-122.08794","rex manor outside",-122.08794,37.40266,15.24,"US",NA,NA,"UTC"
"7512537.88989-122.44599","75125","37.88989-122.44599","Estuary &amp; Ocean Science Center Greenhouse",-122.44599,37.88989,3.3528,"US",NA,NA,"UTC"
"7513937.84183-122.25436","75139","37.84183-122.25436","Hudson-Shafter",-122.25436,37.84183,48.4632,"US",NA,NA,"UTC"
"7515137.87295-122.45901","75151","37.87295-122.45901","Alcatraz Ave",-122.45901,37.87295,25.6032,"US",NA,NA,"UTC"
"7515336.58688-121.94758","75153","36.58688-121.94758","Spyglass #16",-121.94758,36.58688,65.2272,"US",NA,NA,"UTC"
"7515538.05091-122.69058","75155","38.05091-122.69058","Blue Dot",-122.69058,38.05091,70.104,"US",NA,NA,"UTC"
"7518737.98403-122.59412","75187","37.98403-122.59412","Walsh Lane",-122.59412,37.98403,84.1248,"US",NA,NA,"UTC"
"7519136.31295-115.19162","75191","36.31295-115.19162","Willie McCool Park North Las Vegas",-115.19162,36.31295,705.612,"US",NA,NA,"UTC"
"7519938.0365-122.64921","75199","38.0365-122.64921","Rancho Santa Margarita",-122.64921,38.0365,246.2784,"US",NA,NA,"UTC"
"7522337.82756-122.20563","75223","37.82756-122.20563","Zinn Drive",-122.20563,37.82756,263.0424,"US",NA,NA,"UTC"
"7524537.96798-122.28546","75245","37.96798-122.28546","near De Anza HS",-122.28546,37.96798,56.9976,"US",NA,NA,"UTC"
"7525338.07726-122.84043","75253","38.07726-122.84043","Inverness",-122.84043,38.07726,184.0992,"US",NA,NA,"UTC"
"7527338.38079-121.5916","75273","38.38079-121.5916","Hamilton Road  Clarksburg CA",-121.5916,38.38079,0.3048,"US",NA,NA,"UTC"
"7527532.69682-117.18461","75275","32.69682-117.18461","The Airborne Institute #1",-117.18461,32.69682,4.8768,"US",NA,NA,"UTC"
"7528738.12358-122.2097","75287","38.12358-122.2097","Back Yard",-122.2097,38.12358,81.3816,"US",NA,NA,"UTC"
"7528936.53934-121.91867","75289","36.53934-121.91867","Plant",-121.91867,36.53934,4.572,"US",NA,NA,"UTC"
"7533138.36473-121.95396","75331","38.36473-121.95396","Vacaville Unified School District",-121.95396,38.36473,32.9184,"US",NA,NA,"UTC"
"7534337.27588-122.04926","75343","37.27588-122.04926","House Family",-122.04926,37.27588,258.7752,"US",NA,NA,"UTC"
"7534938.31832-122.60752","75349","38.31832-122.60752","Chateau",-122.60752,38.31832,328.2696,"US",NA,NA,"UTC"
"7549338.32525-122.7905","75493","38.32525-122.7905","Roblar Valley N",-122.7905,38.32525,91.44,"US",NA,NA,"UTC"
"7550138.42097-122.8356","75501","38.42097-122.8356","Hurlbut Lane",-122.8356,38.42097,48.768,"US",NA,NA,"UTC"
"7551338.30324-122.54828","75513","38.30324-122.54828","Diamond A",-122.54828,38.30324,379.7808,"US",NA,NA,"UTC"
"7551538.94152-119.96742","75515","38.94152-119.96742","Johnson Blvd",-119.96742,38.94152,1905.3048,"US",NA,NA,"UTC"
"7552938.49086-122.70185","75529","38.49086-122.70185","Wedgewood",-122.70185,38.49086,252.6792,"US",NA,NA,"UTC"
"7557937.89993-122.04589","75579","37.89993-122.04589","Old Firehouse School",-122.04589,37.89993,63.0936,"US",NA,NA,"UTC"
"7558137.77217-122.4369","75581","37.77217-122.4369","The Page",-122.4369,37.77217,56.9976,"US",NA,NA,"UTC"
"7559337.91641-122.19405","75593","37.91641-122.19405","Melody Ln",-122.19405,37.91641,235.0008,"US",NA,NA,"UTC"
"7567938.28372-122.30479","75679","38.28372-122.30479","UtahStreet",-122.30479,38.28372,8.8392,"US",NA,NA,"UTC"
"7568137.49115-122.26937","75681","37.49115-122.26937","Sunset Drive",-122.26937,37.49115,84.4296,"US",NA,NA,"UTC"
"7568337.5846-122.50304","75683","37.5846-122.50304","Shamrock Ranch",-122.50304,37.5846,33.528,"US",NA,NA,"UTC"
"7568937.92292-122.38969","75689","37.92292-122.38969","Western Drive at Washington Avenue",-122.38969,37.92292,19.5072,"US",NA,NA,"UTC"
"7569537.38479-122.07004","75695","37.38479-122.07004","McCarty",-122.07004,37.38479,33.528,"US",NA,NA,"UTC"
"7571737.73981-122.46125","75717","37.73981-122.46125","St. Francis Wood North",-122.46125,37.73981,144.78,"US",NA,NA,"UTC"
"7572138.38513-122.82512","75721","38.38513-122.82512","South End of Jean Dr",-122.82512,38.38513,64.6176,"US",NA,NA,"UTC"
"7572937.34635-122.20245","75729","37.34635-122.20245","Old Spanish at Lake",-122.20245,37.34635,384.9624,"US",NA,NA,"UTC"
"7573538.86122-122.71307","75735","38.86122-122.71307","Foothill Rd. Loch Lomond",-122.71307,38.86122,887.5776,"US",NA,NA,"UTC"
"7573937.04941-122.02668","75739","37.04941-122.02668","Blue Bonnet Lane",-122.02668,37.04941,166.116,"US",NA,NA,"UTC"
"7575336.97801-121.82062","75753","36.97801-121.82062","Corallitos  CA",-121.82062,36.97801,119.7864,"US",NA,NA,"UTC"
"7575937.86749-122.16845","75759","37.86749-122.16845","Debra Ct - Outdoor",-122.16845,37.86749,226.4664,"US",NA,NA,"UTC"
"7576137.2722-119.80097","75761","37.2722-119.80097","40997 Road 612  Raymond  CA",-119.80097,37.2722,547.116,"US",NA,NA,"UTC"
"7576337.96428-122.56902","75763","37.96428-122.56902","Glenwood",-122.56902,37.96428,22.5552,"US",NA,NA,"UTC"
"7576537.45922-122.4381","75765","37.45922-122.4381","Granelli Ave.",-122.4381,37.45922,19.5072,"US",NA,NA,"UTC"
"7577337.31388-122.27432","75773","37.31388-122.27432","Shelden and Redwood",-122.27432,37.31388,142.6464,"US",NA,NA,"UTC"
"7577537.13451-121.68694","75775","37.13451-121.68694","Castle Hill Drive",-121.68694,37.13451,214.2744,"US",NA,NA,"UTC"
"7582537.49389-122.27011","75825","37.49389-122.27011","Bauer Drive",-122.27011,37.49389,96.6216,"US",NA,NA,"UTC"
"7583337.90086-122.26498","75833","37.90086-122.26498","650ish Creston",-122.26498,37.90086,302.0568,"US",NA,NA,"UTC"
"7583737.66553-121.89792","75837","37.66553-121.89792","Del Prado",-121.89792,37.66553,99.6696,"US",NA,NA,"UTC"
"7583934.08669-118.38481","75839","34.08669-118.38481","San Vicente \/ Cynthia (outside)",-118.38481,34.08669,76.8096,"US",NA,NA,"UTC"
"7588334.07691-118.48057","75883","34.07691-118.48057","890 N Bundy Drive",-118.48057,34.07691,190.5,"US",NA,NA,"UTC"
"7588936.85658-121.66579","75889","36.85658-121.66579","Wild Ridge",-121.66579,36.85658,66.7512,"US",NA,NA,"UTC"
"7598337.44976-122.13292","75983","37.44976-122.13292","17xx Hamilton Ave",-122.13292,37.44976,4.8768,"US",NA,NA,"UTC"
"7598737.42236-122.132","75987","37.42236-122.132","Park\/Fernando",-122.132,37.42236,8.8392,"US",NA,NA,"UTC"
"7600537.90148-122.48937","76005","37.90148-122.48937","6 Indian Rock Ct",-122.48937,37.90148,35.6616,"US",NA,NA,"UTC"
"7604137.71522-120.46055","76041","37.71522-120.46055","Pug house",-120.46055,37.71522,224.3328,"US",NA,NA,"UTC"
"7605137.99761-122.54727","76051","37.99761-122.54727","Baba House - Golden Hinde BLVD",-122.54727,37.99761,18.8976,"US",NA,NA,"UTC"
"7607137.77893-122.13869","76071","37.77893-122.13869","Skyline\/Hansom",-122.13869,37.77893,280.7208,"US",NA,NA,"UTC"
"7609737.05382-121.66002","76097","37.05382-121.66002","Old Creek",-121.66002,37.05382,109.728,"US",NA,NA,"UTC"
"7613538.9655-119.92709","76135","38.9655-119.92709","dagetthome",-119.92709,38.9655,1977.8472,"US",NA,NA,"UTC"
"7613737.42612-122.12958","76137","37.42612-122.12958","3040 Outside",-122.12958,37.42612,7.0104,"US",NA,NA,"UTC"
"7616537.46379-122.27171","76165","37.46379-122.27171","Luftschmutz",-122.27171,37.46379,195.3768,"US",NA,NA,"UTC"
"7617537.47881-122.26344","76175","37.47881-122.26344","pool",-122.26344,37.47881,71.0184,"US",NA,NA,"UTC"
"7626935.13473-119.47755","76269","35.13473-119.47755","slhess.com",-119.47755,35.13473,377.6472,"US",NA,NA,"UTC"
"7634738.40404-121.43732","76347","38.40404-121.43732","Autumn Winds - Elk Grove Greens",-121.43732,38.40404,7.9248,"US",NA,NA,"UTC"
"7634938.01507-122.50725","76349","38.01507-122.50725","Santa Venetia 2",-122.50725,38.01507,20.1168,"US",NA,NA,"UTC"
"7635538.61926-122.8479","76355","38.61926-122.8479","Sunset Drive",-122.8479,38.61926,145.9992,"US",NA,NA,"UTC"
"7636938.41267-122.64163","76369","38.41267-122.64163","Bennett Valley 5400s",-122.64163,38.41267,176.784,"US",NA,NA,"UTC"
"7637336.96243-122.05608","76373","36.96243-122.05608","OnTheCliff",-122.05608,36.96243,64.008,"US",NA,NA,"UTC"
"7637737.51604-122.29235","76377","37.51604-122.29235","Outside on Shed",-122.29235,37.51604,43.2816,"US",NA,NA,"UTC"
"7638137.28812-121.93039","76381","37.28812-121.93039","Fewtrell",-121.93039,37.28812,56.6928,"US",NA,NA,"UTC"
"7638339.71699-120.55627","76383","39.71699-120.55627","Whitehawk",-120.55627,39.71699,1365.504,"US",NA,NA,"UTC"
"7638535.23185-120.74895","76385","35.23185-120.74895","See Canyon",-120.74895,35.23185,107.8992,"US",NA,NA,"UTC"
"7638737.48284-122.18921","76387","37.48284-122.18921","Odessa Sunset",-122.18921,37.48284,4.2672,"US",NA,NA,"UTC"
"7638937.85643-122.03818","76389","37.85643-122.03818","Ridgewood2",-122.03818,37.85643,74.676,"US",NA,NA,"UTC"
"7639337.60995-120.2021","76393","37.60995-120.2021","Silver Fox Ranch",-120.2021,37.60995,560.5272,"US",NA,NA,"UTC"
"7639737.41522-122.11098","76397","37.41522-122.11098","Parkside",-122.11098,37.41522,7.9248,"US",NA,NA,"UTC"
"7640137.3816-122.0528","76401","37.3816-122.0528","Lewis Lights",-122.0528,37.3816,33.8328,"US",NA,NA,"UTC"
"7641737.88042-122.46268","76417","37.88042-122.46268","Red Hill Circle",-122.46268,37.88042,57.6072,"US",NA,NA,"UTC"
"7641939.30535-123.80284","76419","39.30535-123.80284","Mendonesia",-123.80284,39.30535,31.0896,"US",NA,NA,"UTC"
"7642337.66239-122.04534","76423","37.66239-122.04534","Hayward Hills: Cromwell Pl",-122.04534,37.66239,185.928,"US",NA,NA,"UTC"
"7642738.44443-122.75037","76427","38.44443-122.75037","Finley Pool",-122.75037,38.44443,35.052,"US",NA,NA,"UTC"
"7644737.27737-121.90279","76447","37.27737-121.90279","Husted-Fairdell",-121.90279,37.27737,50.9016,"US",NA,NA,"UTC"
"7645137.59344-122.00118","76451","37.59344-122.00118","Seven Hills Riviera",-122.00118,37.59344,34.1376,"US",NA,NA,"UTC"
"7646337.99428-121.88619","76463","37.99428-121.88619","Inverness",-121.88619,37.99428,78.6384,"US",NA,NA,"UTC"
"7646533.81713-118.0781","76465","33.81713-118.0781","Rosina St.",-118.0781,33.81713,7.62,"US",NA,NA,"UTC"
"7646737.86962-122.29567","76467","37.86962-122.29567","Berkeley Spire",-122.29567,37.86962,11.2776,"US",NA,NA,"UTC"
"7646934.13561-118.14002","76469","34.13561-118.14002","484 E. California Blvd. Pasadena CA 91106",-118.14002,34.13561,238.9632,"US",NA,NA,"UTC"
"7648138.45768-122.70941","76481","38.45768-122.70941","Wilbur",-122.70941,38.45768,51.816,"US",NA,NA,"UTC"
"7648334.51352-118.15334","76483","34.51352-118.15334","Sierra Pelona Ridge AQ Station",-118.15334,34.51352,1145.4384,"US",NA,NA,"UTC"
"7649137.96799-122.60411","76491","37.96799-122.60411","Sky Oaks Ranger Station",-122.60411,37.96799,215.1888,"US",NA,NA,"UTC"
"7649936.56807-121.70494","76499","36.56807-121.70494","Harper",-121.70494,36.56807,139.9032,"US",NA,NA,"UTC"
"7650937.72875-122.45622","76509","37.72875-122.45622","Plymouth &amp; Greenwood  San Franicsco",-122.45622,37.72875,105.7656,"US",NA,NA,"UTC"
"7651133.76684-118.3816","76511","33.76684-118.3816","Highridge Park",-118.3816,33.76684,358.14,"US",NA,NA,"UTC"
"7651938.10995-122.88339","76519","38.10995-122.88339","142XX SFD",-122.88339,38.10995,125.2728,"US",NA,NA,"UTC"
"7656334.66495-120.11821","76563","34.66495-120.11821","DLC-Los Olivos",-120.11821,34.66495,248.7168,"US",NA,NA,"UTC"
"7657137.71741-122.45227","76571","37.71741-122.45227","Lakeview near Margaret",-122.45227,37.71741,113.6904,"US",NA,NA,"UTC"
"7657534.18835-118.95974","76575","34.18835-118.95974","CValleVista",-118.95974,34.18835,224.3328,"US",NA,NA,"UTC"
"7658337.2447-122.04166","76583","37.2447-122.04166","Saratoga Heights",-122.04166,37.2447,371.5512,"US",NA,NA,"UTC"
"7659737.2575-121.91592","76597","37.2575-121.91592","Camden Near Butcher Park",-121.91592,37.2575,64.3128,"US",NA,NA,"UTC"
"7659936.78201-121.70242","76599","36.78201-121.70242","Oak_Hills_East",-121.70242,36.78201,50.9016,"US",NA,NA,"UTC"
"7660138.00247-122.30195","76601","38.00247-122.30195","Pinole elevation 200 ft.",-122.30195,38.00247,46.9392,"US",NA,NA,"UTC"
"7661138.82898-122.99734","76611","38.82898-122.99734","Grapeland",-122.99734,38.82898,196.596,"US",NA,NA,"UTC"
"7662537.52998-122.28475","76625","37.52998-122.28475","Hiller St",-122.28475,37.52998,3.048,"US",NA,NA,"UTC"
"7666937.9029-121.73286","76669","37.9029-121.73286","Chablis Ln",-121.73286,37.9029,74.9808,"US",NA,NA,"UTC"
"7667938.1268-122.5852","76679","38.1268-122.5852","Mt Burdell ~Simmons TH",-122.5852,38.1268,78.9432,"US",NA,NA,"UTC"
"7669537.77402-122.27893","76695","37.77402-122.27893","home",-122.27893,37.77402,6.4008,"US",NA,NA,"UTC"
"7671938.3803-122.9706","76719","38.3803-122.9706","Jennifer Dr",-122.9706,38.3803,221.5896,"US",NA,NA,"UTC"
"7672937.88248-122.2796","76729","37.88248-122.2796","MSP",-122.2796,37.88248,45.1104,"US",NA,NA,"UTC"
"7673537.87885-122.2754","76735","37.87885-122.2754","Josephine",-122.2754,37.87885,58.2168,"US",NA,NA,"UTC"
"7675137.41428-122.10801","76751","37.41428-122.10801","Greendell",-122.10801,37.41428,7.9248,"US",NA,NA,"UTC"
"7675934.08747-118.202","76759","34.08747-118.202","Pagoda Place  Montecito Heights",-118.202,34.08747,222.1992,"US",NA,NA,"UTC"
"7677137.11586-121.99125","76771","37.11586-121.99125","Mountain Charlie South",-121.99125,37.11586,444.7032,"US",NA,NA,"UTC"
"7682334.29303-119.20321","76823","34.29303-119.20321","Ventura  Clearpoint",-119.20321,34.29303,186.5376,"US",NA,NA,"UTC"
"7682937.51565-122.31179","76829","37.51565-122.31179","Belmont",-122.31179,37.51565,74.676,"US",NA,NA,"UTC"
"7683737.77226-122.49461","76837","37.77226-122.49461","896 35th",-122.49461,37.77226,38.4048,"US",NA,NA,"UTC"
"7683938.66037-121.08135","76839","38.66037-121.08135","Park dr.",-121.08135,38.66037,242.6208,"US",NA,NA,"UTC"
"7684139.25304-123.78233","76841","39.25304-123.78233","Little River  CA  (Stillwell Point)",-123.78233,39.25304,50.292,"US",NA,NA,"UTC"
"7687137.29442-122.03409","76871","37.29442-122.03409","Out1",-122.03409,37.29442,96.3168,"US",NA,NA,"UTC"
"7694337.70765-121.95132","76943","37.70765-121.95132","Jeri Dawn's Sensor",-121.95132,37.70765,156.3624,"US",NA,NA,"UTC"
"7697937.99679-122.29527","76979","37.99679-122.29527","Pinole",-122.29527,37.99679,77.1144,"US",NA,NA,"UTC"
"7699936.10632-114.9235","76999","36.10632-114.9235","SSLLV",-114.9235,36.10632,439.2168,"US",NA,NA,"UTC"
"7702338.68054-121.52577","77023","38.68054-121.52577","Perazul Circle",-121.52577,38.68054,8.2296,"US",NA,NA,"UTC"
"7704538.29832-122.55293","77045","38.29832-122.55293","Star Ridge Farm",-122.55293,38.29832,476.7072,"US",NA,NA,"UTC"
"7704934.11671-117.71153","77049","34.11671-117.71153","WAPST",-117.71153,34.11671,425.5008,"US",NA,NA,"UTC"
"7705137.05044-122.03397","77051","37.05044-122.03397","Navigator Drive",-122.03397,37.05044,158.1912,"US",NA,NA,"UTC"
"7707537.84795-122.12289","77075","37.84795-122.12289","Fernwood backyard",-122.12289,37.84795,226.4664,"US",NA,NA,"UTC"
"7707734.08819-118.59606","77077","34.08819-118.59606","Topanga ca",-118.59606,34.08819,364.236,"US",NA,NA,"UTC"
"7714937.80638-122.22937","77149","37.80638-122.22937","Holman Road",-122.22937,37.80638,41.148,"US",NA,NA,"UTC"
"7715537.90876-122.27525","77155","37.90876-122.27525","FET",-122.27525,37.90876,221.2848,"US",NA,NA,"UTC"
"7715737.37263-122.09257","77157","37.37263-122.09257","Peachtree",-122.09257,37.37263,44.8056,"US",NA,NA,"UTC"
"7716337.85999-122.26579","77163","37.85999-122.26579","Muffin Manor",-122.26579,37.85999,49.3776,"US",NA,NA,"UTC"
"7716733.74455-118.3754","77167","33.74455-118.3754","28 Narcissa",-118.3754,33.74455,92.3544,"US",NA,NA,"UTC"
"7722137.8213-122.22936","77221","37.8213-122.22936","Highland and Caperton",-122.22936,37.8213,97.536,"US",NA,NA,"UTC"
"7722339.09292-121.17492","77223","39.09292-121.17492","Iron Mountain Dr.",-121.17492,39.09292,416.6616,"US",NA,NA,"UTC"
"7722738.23522-122.58947","77227","38.23522-122.58947","Southgate-PetalumaCA",-122.58947,38.23522,12.8016,"US",NA,NA,"UTC"
"7722939.25215-119.98077","77229","39.25215-119.98077","Incline Village West",-119.98077,39.25215,1946.7576,"US",NA,NA,"UTC"
"7724337.08484-121.61383","77243","37.08484-121.61383","Fox Apiary",-121.61383,37.08484,87.4776,"US",NA,NA,"UTC"
"7726932.97848-115.53919","77269","32.97848-115.53919","IV_Main\/N2nd",-115.53919,32.97848,-33.2232,"US",NA,NA,"UTC"
"7739138.83182-123.62209","77391","38.83182-123.62209","N of Anchor Bay on Hwy 1",-123.62209,38.83182,44.196,"US",NA,NA,"UTC"
"7739537.89494-122.04431","77395","37.89494-122.04431","261 Shady Glen Rd  Walnut Creek  CA",-122.04431,37.89494,54.2544,"US",NA,NA,"UTC"
"7739737.82497-122.20458","77397","37.82497-122.20458","Magelrake",-122.20458,37.82497,236.22,"US",NA,NA,"UTC"
"7739938.69091-121.18474","77399","38.69091-121.18474","ARC South",-121.18474,38.69091,99.06,"US",NA,NA,"UTC"
"7745137.03814-122.07705","77451","37.03814-122.07705","Big Foot Hill",-122.07705,37.03814,149.9616,"US",NA,NA,"UTC"
"7747737.26197-122.36742","77477","37.26197-122.36742","Pescadero hills",-122.36742,37.26197,148.7424,"US",NA,NA,"UTC"
"7748137.75114-122.43986","77481","37.75114-122.43986","4362 24th St_outside",-122.43986,37.75114,96.3168,"US",NA,NA,"UTC"
"7752737.40309-120.09447","77527","37.40309-120.09447","Quail Bell Cottage",-120.09447,37.40309,408.432,"US",NA,NA,"UTC"
"7753537.11842-122.11307","77535","37.11842-122.11307","Fair",-122.11307,37.11842,212.7504,"US",NA,NA,"UTC"
"7754334.15183-118.16135","77543","34.15183-118.16135","N Orange Grove Blvd",-118.16135,34.15183,267.6144,"US",NA,NA,"UTC"
"7757537.37668-122.19922","77575","37.37668-122.19922","Alpine Hills Tennis &amp; Swim",-122.19922,37.37668,139.2936,"US",NA,NA,"UTC"
"7758138.32397-122.62048","77581","38.32397-122.62048","PepperTop",-122.62048,38.32397,236.22,"US",NA,NA,"UTC"
"7758338.64441-122.06564","77583","38.64441-122.06564","Yolo Land &amp; Cattle Company",-122.06564,38.64441,114.6048,"US",NA,NA,"UTC"
"7758537.36669-122.2635","77585","37.36669-122.2635","South Skylonda",-122.2635,37.36669,333.1464,"US",NA,NA,"UTC"
"7758938.74136-123.50329","77589","38.74136-123.50329","Solstice",-123.50329,38.74136,16.764,"US",NA,NA,"UTC"
"7760337.32629-121.91927","77603","37.32629-121.91927","1565 Martin Ave  San jose  can 95126",-121.91927,37.32629,33.2232,"US",NA,NA,"UTC"
"7762137.71618-122.18827","77621","37.71618-122.18827","2300 Davis St",-122.18827,37.71618,3.3528,"US",NA,NA,"UTC"
"7762337.69834-119.75518","77623","37.69834-119.75518","Foresta - Creekside",-119.75518,37.69834,1316.736,"US",NA,NA,"UTC"
"7762537.44824-122.16478","77625","37.44824-122.16478","Outside Bryant Street",-122.16478,37.44824,18.288,"US",NA,NA,"UTC"
"7763739.30566-120.33738","77637","39.30566-120.33738","Sugar Bowl",-120.33738,39.30566,2110.4352,"US",NA,NA,"UTC"
"7763938.37893-122.53011","77639","38.37893-122.53011","12550 henno",-122.53011,38.37893,167.3352,"US",NA,NA,"UTC"
"7765734.05842-118.35764","77657","34.05842-118.35764","Miracle Mile",-118.35764,34.05842,52.1208,"US",NA,NA,"UTC"
"7766535.17739-118.63527","77665","35.17739-118.63527","Bear Valley Spring",-118.63527,35.17739,1444.4472,"US",NA,NA,"UTC"
"7766739.26933-120.90782","77667","39.26933-120.90782","Nevada City",-120.90782,39.26933,1020.1656,"US",NA,NA,"UTC"
"7766939.24717-120.03738","77669","39.24717-120.03738","Pinedrop Lane",-120.03738,39.24717,1951.9392,"US",NA,NA,"UTC"
"7767537.78403-122.48676","77675","37.78403-122.48676","Cal St outside",-122.48676,37.78403,45.1104,"US",NA,NA,"UTC"
"7768337.76012-122.46477","77683","37.76012-122.46477","8th and Kirkham",-122.46477,37.76012,102.7176,"US",NA,NA,"UTC"
"7769137.87809-122.03365","77691","37.87809-122.03365","Woodpecker Hill Farms",-122.03365,37.87809,78.0288,"US",NA,NA,"UTC"
"7770132.83956-116.93756","77701","32.83956-116.93756","Lakeside",-116.93756,32.83956,195.3768,"US",NA,NA,"UTC"
"7770337.82434-122.19426","77703","37.82434-122.19426","Haverhill",-122.19426,37.82434,335.28,"US",NA,NA,"UTC"
"7770938.46693-120.05064","77709","38.46693-120.05064","Avalanche Rd",-120.05064,38.46693,2288.4384,"US",NA,NA,"UTC"
"7771137.91439-122.02962","77711","37.91439-122.02962","Rancho San Miguel \/ Los Felicas",-122.02962,37.91439,45.72,"US",NA,NA,"UTC"
"7771937.45258-119.64462","77719","37.45258-119.64462","Yosemite Mountain Sugar Pine Railroad",-119.64462,37.45258,1450.5432,"US",NA,NA,"UTC"
"7772137.89019-122.18526","77721","37.89019-122.18526","Via Farallon La Cuesta",-122.18526,37.89019,205.74,"US",NA,NA,"UTC"
"7772337.27054-121.84599","77723","37.27054-121.84599","Springpark",-121.84599,37.27054,47.8536,"US",NA,NA,"UTC"
"7772537.49189-121.91367","77725","37.49189-121.91367","South Mission",-121.91367,37.49189,95.0976,"US",NA,NA,"UTC"
"7772734.11048-118.62882","77727","34.11048-118.62882","Squawker Ranch",-118.62882,34.11048,313.944,"US",NA,NA,"UTC"
"7779737.90594-122.15594","77797","37.90594-122.15594","4055",-122.15594,37.90594,183.1848,"US",NA,NA,"UTC"
"7780137.97436-122.50688","77801","37.97436-122.50688","Seaview Drive",-122.50688,37.97436,80.4672,"US",NA,NA,"UTC"
"7780737.75794-122.44479","77807","37.75794-122.44479","phortknox-garage",-122.44479,37.75794,136.8552,"US",NA,NA,"UTC"
"7781337.74159-121.91991","77813","37.74159-121.91991","Old Ranch Estate",-121.91991,37.74159,153.6192,"US",NA,NA,"UTC"
"7781736.97572-122.00202","77817","36.97572-122.00202","Hagemann Gulch",-122.00202,36.97572,20.4216,"US",NA,NA,"UTC"
"7782737.33588-121.91243","77827","37.33588-121.91243","Garden Alameda",-121.91243,37.33588,26.5176,"US",NA,NA,"UTC"
"7784136.97136-121.86338","77841","36.97136-121.86338","MVRR",-121.86338,36.97136,138.0744,"US",NA,NA,"UTC"
"7785737.29059-121.97342","77857","37.29059-121.97342","Blackhaus Outside",-121.97342,37.29059,64.3128,"US",NA,NA,"UTC"
"7786137.3347-122.19607","77861","37.3347-122.19607","10 Vista Verde Way  Portola Valley",-122.19607,37.3347,509.3208,"US",NA,NA,"UTC"
"7786333.61896-117.93421","77863","33.61896-117.93421","Newport Island",-117.93421,33.61896,2.7432,"US",NA,NA,"UTC"
"7801533.09455-117.02712","78015","33.09455-117.02712","Savanna",-117.02712,33.09455,153.924,"US",NA,NA,"UTC"
"7802337.80786-121.9784","78023","37.80786-121.9784","StBernard",-121.9784,37.80786,126.1872,"US",NA,NA,"UTC"
"7808538.25024-120.32122","78085","38.25024-120.32122","Arnold home",-120.32122,38.25024,1314.9072,"US",NA,NA,"UTC"
"7809134.11277-118.46301","78091","34.11277-118.46301","Bel Air Hills",-118.46301,34.11277,409.956,"US",NA,NA,"UTC"
"7810737.37329-121.82781","78107","37.37329-121.82781","Maro Drive San Jose",-121.82781,37.37329,54.864,"US",NA,NA,"UTC"
"7812137.22426-121.8754","78121","37.22426-121.8754","Crossgates  Mojave Drive (Outside)",-121.8754,37.22426,71.3232,"US",NA,NA,"UTC"
"7812934.11308-118.15508","78129","34.11308-118.15508","Fairview Ave 1100 Block",-118.15508,34.11308,199.9488,"US",NA,NA,"UTC"
"7813337.33725-122.08018","78133","37.33725-122.08018","Sierra Ventura-Los Altos",-122.08018,37.33725,107.8992,"US",NA,NA,"UTC"
"7821739.11299-121.06111","78217","39.11299-121.06111","Joseph Dr.",-121.06111,39.11299,651.6624,"US",NA,NA,"UTC"
"7823537.45957-122.25436","78235","37.45957-122.25436","Red Oak Way",-122.25436,37.45957,110.6424,"US",NA,NA,"UTC"
"7824538.51031-122.41114","78245","38.51031-122.41114","Conn Valley",-122.41114,38.51031,112.1664,"US",NA,NA,"UTC"
"7824737.53954-122.5081","78247","37.53954-122.5081","Puppy Palace and Bear Den",-122.5081,37.53954,67.3608,"US",NA,NA,"UTC"
"7825132.95163-117.11579","78251","32.95163-117.11579","Rancho Penasquitos",-117.11579,32.95163,137.7696,"US",NA,NA,"UTC"
"7826737.81725-121.97967","78267","37.81725-121.97967","Larkstone Ct. Danville",-121.97967,37.81725,136.2456,"US",NA,NA,"UTC"
"7827337.90327-122.30998","78273","37.90327-122.30998","Annex Air",-122.30998,37.90327,24.6888,"US",NA,NA,"UTC"
"7828737.11424-121.98243","78287","37.11424-121.98243","Big Redwood Park",-121.98243,37.11424,378.2568,"US",NA,NA,"UTC"
"7829137.24678-121.89287","78291","37.24678-121.89287","Nuthouse",-121.89287,37.24678,67.056,"US",NA,NA,"UTC"
"7830737.35749-121.88776","78307","37.35749-121.88776","Luna Park",-121.88776,37.35749,22.2504,"US",NA,NA,"UTC"
"7831337.59238-122.00266","78313","37.59238-122.00266","Mission Village",-122.00266,37.59238,20.7264,"US",NA,NA,"UTC"
"7831734.45599-119.73354","78317","34.45599-119.73354","N Ontare",-119.73354,34.45599,171.6024,"US",NA,NA,"UTC"
"7833736.58538-121.91375","78337","36.58538-121.91375","Skyline Forest",-121.91375,36.58538,173.1264,"US",NA,NA,"UTC"
"7833937.87787-122.5343","78339","37.87787-122.5343","Front Yard",-122.5343,37.87787,4.8768,"US",NA,NA,"UTC"
"7834537.95202-122.31378","78345","37.95202-122.31378","Park Avenue",-122.31378,37.95202,102.4128,"US",NA,NA,"UTC"
"7834737.88336-122.1757","78347","37.88336-122.1757","Bates-Warford",-122.1757,37.88336,237.1344,"US",NA,NA,"UTC"
"7834938.43542-122.66763","78349","38.43542-122.66763","Olympia - Outside",-122.66763,38.43542,70.7136,"US",NA,NA,"UTC"
"7835337.44903-122.23025","78353","37.44903-122.23025","Outside 154",-122.23025,37.44903,33.2232,"US",NA,NA,"UTC"
"7836137.35632-122.07883","78361","37.35632-122.07883","Historic Urban Farm",-122.07883,37.35632,62.7888,"US",NA,NA,"UTC"
"7836537.22878-121.90578","78365","37.22878-121.90578","Calle de Amor Backyard",-121.90578,37.22878,94.1832,"US",NA,NA,"UTC"
"7837538.09774-122.86201","78375","38.09774-122.86201","Cromary Way",-122.86201,38.09774,56.0832,"US",NA,NA,"UTC"
"7837937.26717-121.84683","78379","37.26717-121.84683","Sunpark",-121.84683,37.26717,49.0728,"US",NA,NA,"UTC"
"7838737.64556-122.45438","78387","37.64556-122.45438","South City Lights",-122.45438,37.64556,97.2312,"US",NA,NA,"UTC"
"7839337.02494-121.72384","78393","37.02494-121.72384","Mount Madonna",-121.72384,37.02494,452.9328,"US",NA,NA,"UTC"
"7839737.46343-122.16708","78397","37.46343-122.16708","Hanna",-122.16708,37.46343,14.3256,"US",NA,NA,"UTC"
"7841337.59077-122.03662","78413","37.59077-122.03662","Soares Ranch Terrace",-122.03662,37.59077,10.0584,"US",NA,NA,"UTC"
"7841738.5574-121.78154","78417","38.5574-121.78154","West Davis Pond - Shenandoah",-121.78154,38.5574,17.6784,"US",NA,NA,"UTC"
"7842737.26516-121.94877","78427","37.26516-121.94877","Redding Road Campbell",-121.94877,37.26516,74.676,"US",NA,NA,"UTC"
"7843337.04834-121.96994","78433","37.04834-121.96994","Pippin",-121.96994,37.04834,217.932,"US",NA,NA,"UTC"
"7843537.02886-121.61362","78435","37.02886-121.61362","1661 Longmeadow Ct",-121.61362,37.02886,90.5256,"US",NA,NA,"UTC"
"7843739.48096-119.85431","78437","39.48096-119.85431","Ellicott Way",-119.85431,39.48096,1589.8368,"US",NA,NA,"UTC"
"7845738.77698-122.9732","78457","38.77698-122.9732","Looking Glass Farm",-122.9732,38.77698,125.2728,"US",NA,NA,"UTC"
"7846138.11744-122.22315","78461","38.11744-122.22315","Vallejo",-122.22315,38.11744,90.8304,"US",NA,NA,"UTC"
"7846937.34498-121.99783","78469","37.34498-121.99783","Laurelwood Cabana Club",-121.99783,37.34498,36.576,"US",NA,NA,"UTC"
"7847139.76277-120.69421","78471","39.76277-120.69421","CasaBlanca",-120.69421,39.76277,1574.9016,"US",NA,NA,"UTC"
"7847338.46691-122.64428","78473","38.46691-122.64428","SKYHAWK",-122.64428,38.46691,116.1288,"US",NA,NA,"UTC"
"7847537.74571-122.23698","78475","37.74571-122.23698","Centre ct",-122.23698,37.74571,4.2672,"US",NA,NA,"UTC"
"7847937.52058-122.51225","78479","37.52058-122.51225","Seal Cove",-122.51225,37.52058,21.6408,"US",NA,NA,"UTC"
"7849337.24214-121.92831","78493","37.24214-121.92831","Barbara Drive",-121.92831,37.24214,79.8576,"US",NA,NA,"UTC"
"7851135.15991-120.67534","78511","35.15991-120.67534","Emerald Pointe",-120.67534,35.15991,40.2336,"US",NA,NA,"UTC"
"7851934.10641-118.30082","78519","34.10641-118.30082","Troy Brady",-118.30082,34.10641,146.304,"US",NA,NA,"UTC"
"7852337.8131-121.62283","78523","37.8131-121.62283","Byron Hot Springs Road",-121.62283,37.8131,35.3568,"US",NA,NA,"UTC"
"7852737.92543-122.11382","78527","37.92543-122.11382","Shangri La x Silver Dell",-122.11382,37.92543,190.5,"US",NA,NA,"UTC"
"7853538.41513-121.3802","78535","38.41513-121.3802","Elk Grove - East of CA-99",-121.3802,38.41513,12.4968,"US",NA,NA,"UTC"
"7853738.59975-122.6153","78537","38.59975-122.6153","Bennett Lane Winery",-122.6153,38.59975,130.4544,"US",NA,NA,"UTC"
"7854337.5685-122.36855","78543","37.5685-122.36855","The Towers",-122.36855,37.5685,68.58,"US",NA,NA,"UTC"
"7856937.92992-122.73548","78569","37.92992-122.73548","Point Blue Palomarin Field Station",-122.73548,37.92992,81.6864,"US",NA,NA,"UTC"
"7858734.10352-118.14624","78587","34.10352-118.14624","South Pasadena",-118.14624,34.10352,172.8216,"US",NA,NA,"UTC"
"7858937.79434-122.43129","78589","37.79434-122.43129","Buchanan and Broadway",-122.43129,37.79434,75.5904,"US",NA,NA,"UTC"
"7859338.35859-122.63307","78593","38.35859-122.63307","Lower Orr Ranch",-122.63307,38.35859,253.5936,"US",NA,NA,"UTC"
"7859737.50692-122.47543","78597","37.50692-122.47543","El Granada",-122.47543,37.50692,27.1272,"US",NA,NA,"UTC"
"7860338.54564-121.4767","78603","38.54564-121.4767","PA-0 Curtis Park",-121.4767,38.54564,6.7056,"US",NA,NA,"UTC"
"7860739.73681-122.05399","78607","39.73681-122.05399","Mills Orchard",-122.05399,39.73681,56.0832,"US",NA,NA,"UTC"
"7862337.3607-122.10697","78623","37.3607-122.10697","Los Altos",-122.10697,37.3607,69.7992,"US",NA,NA,"UTC"
"7862738.90826-122.74223","78627","38.90826-122.74223","Hacienda",-122.74223,38.90826,775.716,"US",NA,NA,"UTC"
"7862938.08845-122.26866","78629","38.08845-122.26866","Flagship &amp; Nereus",-122.26866,38.08845,16.764,"US",NA,NA,"UTC"
"7863534.11898-118.21224","78635","34.11898-118.21224","Baltimore St",-118.21224,34.11898,188.6712,"US",NA,NA,"UTC"
"7863733.90392-118.05344","78637","33.90392-118.05344","AFC",-118.05344,33.90392,27.1272,"US",NA,NA,"UTC"
"7864538.63163-121.25432","78645","38.63163-121.25432","Gold Country Blvd.",-121.25432,38.63163,32.9184,"US",NA,NA,"UTC"
"7864737.40105-122.08993","78647","37.40105-122.08993","Rex Manor",-122.08993,37.40105,17.0688,"US",NA,NA,"UTC"
"7874339.16635-123.25359","78743","39.16635-123.25359","Low Gap KBAD",-123.25359,39.16635,326.136,"US",NA,NA,"UTC"
"7874939.48315-119.81802","78749","39.48315-119.81802","Manzanita",-119.81802,39.48315,1400.556,"US",NA,NA,"UTC"
"7876933.94283-117.6749","78769","33.94283-117.6749","Chino Hills South (Exterior)",-117.6749,33.94283,184.0992,"US",NA,NA,"UTC"
"7877339.14149-120.16872","78773","39.14149-120.16872","Snowshoe Cabin",-120.16872,39.14149,2063.8008,"US",NA,NA,"UTC"
"7878138.59056-122.59597","78781","38.59056-122.59597","Oliven",-122.59597,38.59056,117.6528,"US",NA,NA,"UTC"
"7878538.00488-122.07773","78785","38.00488-122.07773","Emshee Lane",-122.07773,38.00488,27.1272,"US",NA,NA,"UTC"
"7878739.34137-120.06061","78787","39.34137-120.06061","Crooked Tree Ranch",-120.06061,39.34137,2018.3856,"US",NA,NA,"UTC"
"7881937.333-121.95509","78819","37.333-121.95509","Dolores Ave",-121.95509,37.333,34.7472,"US",NA,NA,"UTC"
"7882337.8024-122.28232","78823","37.8024-122.28232","KAC Outdoor",-122.28232,37.8024,7.9248,"US",NA,NA,"UTC"
"7882740.70468-124.18793","78827","40.70468-124.18793","Berta road",-124.18793,40.70468,172.5168,"US",NA,NA,"UTC"
"7882937.76297-122.41577","78829","37.76297-122.41577","Shotwell Design Lab",-122.41577,37.76297,7.0104,"US",NA,NA,"UTC"
"7883738.99182-121.04392","78837","38.99182-121.04392","Shady Tree",-121.04392,38.99182,623.9256,"US",NA,NA,"UTC"
"7884138.29408-122.23131","78841","38.29408-122.23131","5160WildHorseValleyRd_Outside",-122.23131,38.29408,66.1416,"US",NA,NA,"UTC"
"7884737.91231-120.60296","78847","37.91231-120.60296","Lake Tulloch",-120.60296,37.91231,153.0096,"US",NA,NA,"UTC"
"7891936.61706-121.82809","78919","36.61706-121.82809","19yoZemite",-121.82809,36.61706,64.008,"US",NA,NA,"UTC"
"7893737.89392-122.27123","78937","37.89392-122.27123","817",-122.27123,37.89392,134.112,"US",NA,NA,"UTC"
"7893937.37769-122.04964","78939","37.37769-122.04964","exterior",-122.04964,37.37769,35.9664,"US",NA,NA,"UTC"
"7895336.55458-121.9282","78953","36.55458-121.9282","7th Wave",-121.9282,36.55458,29.2608,"US",NA,NA,"UTC"
"7895537.79501-122.44486","78955","37.79501-122.44486","Green and Baker",-122.44486,37.79501,48.1584,"US",NA,NA,"UTC"
"7896738.48295-122.67255","78967","38.48295-122.67255","Brush Creek Nursery School",-122.67255,38.48295,90.2208,"US",NA,NA,"UTC"
"7897732.9588-117.12828","78977","32.9588-117.12828","RanchoPQ1959",-117.12828,32.9588,176.784,"US",NA,NA,"UTC"
"7904337.96959-122.29315","79043","37.96959-122.29315","SR Oasis",-122.29315,37.96959,53.6448,"US",NA,NA,"UTC"
"7904538.53856-120.97259","79045","38.53856-120.97259","5Roses",-120.97259,38.53856,282.8544,"US",NA,NA,"UTC"
"7905339.26849-119.97244","79053","39.26849-119.97244","Nadine Court",-119.97244,39.26849,2318.9184,"US",NA,NA,"UTC"
"7905737.35223-122.13615","79057","37.35223-122.13615","11950",-122.13615,37.35223,176.784,"US",NA,NA,"UTC"
"7908534.00316-118.44894","79085","34.00316-118.44894","Ashwood",-118.44894,34.00316,10.9728,"US",NA,NA,"UTC"
"7910537.9914-121.88386","79105","37.9914-121.88386","Rainier",-121.88386,37.9914,71.628,"US",NA,NA,"UTC"
"7914738.09333-122.17936","79147","38.09333-122.17936","vG (outside)",-122.17936,38.09333,128.016,"US",NA,NA,"UTC"
"7916337.44293-122.12802","79163","37.44293-122.12802","El Cajon Way",-122.12802,37.44293,3.3528,"US",NA,NA,"UTC"
"7916938.44843-122.67508","79169","38.44843-122.67508","eadhar ur",-122.67508,38.44843,66.7512,"US",NA,NA,"UTC"
"7917139.8295-119.64253","79171","39.8295-119.64253","Palomino Valley Weather",-119.64253,39.8295,1317.9552,"US",NA,NA,"UTC"
"7917338.07395-122.84625","79173","38.07395-122.84625","Inverness ridge",-122.84625,38.07395,291.9984,"US",NA,NA,"UTC"
"7917737.25898-121.95168","79177","37.25898-121.95168","Emerson",-121.95168,37.25898,82.6008,"US",NA,NA,"UTC"
"7921338.66437-121.10274","79213","38.66437-121.10274","Lake View Oaks",-121.10274,38.66437,148.7424,"US",NA,NA,"UTC"
"7922537.53146-121.91137","79225","37.53146-121.91137","Ohlone College  Fremont  East",-121.91137,37.53146,162.1536,"US",NA,NA,"UTC"
"7931334.02171-118.46144","79313","34.02171-118.46144","2272 26th Street",-118.46144,34.02171,52.1208,"US",NA,NA,"UTC"
"7932138.83341-121.25767","79321","38.83341-121.25767","BryCyn Station",-121.25767,38.83341,76.2,"US",NA,NA,"UTC"
"7932537.19769-121.79909","79325","37.19769-121.79909","San Vicente",-121.79909,37.19769,114.6048,"US",NA,NA,"UTC"
"7933534.22479-118.05709","79335","34.22479-118.05709","Mount Wilson Observatory",-118.05709,34.22479,1731.264,"US",NA,NA,"UTC"
"7933738.22026-122.62708","79337","38.22026-122.62708","Phillips Ave.",-122.62708,38.22026,22.2504,"US",NA,NA,"UTC"
"7933933.14765-117.31056","79339","33.14765-117.31056","Kelly Elementary \/ Old Carlsbad",-117.31056,33.14765,18.288,"US",NA,NA,"UTC"
"7934738.45486-121.17928","79347","38.45486-121.17928","Apple Road",-121.17928,38.45486,37.4904,"US",NA,NA,"UTC"
"7935538.3219-122.69257","79355","38.3219-122.69257","Worker",-122.69257,38.3219,37.7952,"US",NA,NA,"UTC"
"7935737.57521-122.34332","79357","37.57521-122.34332","Burlingame Fitness",-122.34332,37.57521,12.8016,"US",NA,NA,"UTC"
"7936137.39883-122.00751","79361","37.39883-122.00751","Hiddenlake Drive",-122.00751,37.39883,5.7912,"US",NA,NA,"UTC"
"7936337.93596-122.33512","79363","37.93596-122.33512","Richmond-n&amp;e",-122.33512,37.93596,20.1168,"US",NA,NA,"UTC"
"7937737.20925-119.68089","79377","37.20925-119.68089","Running Quail",-119.68089,37.20925,688.848,"US",NA,NA,"UTC"
"7946332.63108-114.40793","79463","32.63108-114.40793","Fortuna Foothills",-114.40793,32.63108,125.8824,"US",NA,NA,"UTC"
"7947938.31393-122.50137","79479","38.31393-122.50137","Sonoma Golf Club",-122.50137,38.31393,54.864,"US",NA,NA,"UTC"
"7948537.89622-122.1807","79485","37.89622-122.1807","La Espiral",-122.1807,37.89622,229.5144,"US",NA,NA,"UTC"
"7952337.50893-122.25507","79523","37.50893-122.25507","931 Cherry",-122.25507,37.50893,3.048,"US",NA,NA,"UTC"
"7954333.15502-117.32041","79543","33.15502-117.32041","Carlsbad Highlands",-117.32041,33.15502,84.1248,"US",NA,NA,"UTC"
"7954537.84118-120.17028","79545","37.84118-120.17028","Pine Mountain Lake at Long Gulch",-120.17028,37.84118,824.1792,"US",NA,NA,"UTC"
"7956538.07818-122.84837","79565","38.07818-122.84837","Inverness Ridge",-122.84837,38.07818,241.4016,"US",NA,NA,"UTC"
"7956937.35739-122.01122","79569","37.35739-122.01122","Ponderosa",-122.01122,37.35739,33.8328,"US",NA,NA,"UTC"
"7961539.02182-120.82307","79615","39.02182-120.82307","Wizard2",-120.82307,39.02182,961.9488,"US",NA,NA,"UTC"
"7962337.73916-121.9168","79623","37.73916-121.9168","SanRamonPortilloValley",-121.9168,37.73916,131.064,"US",NA,NA,"UTC"
"7963739.35191-120.24886","79637","39.35191-120.24886","RTBradley",-120.24886,39.35191,2024.1768,"US",NA,NA,"UTC"
"7964137.89596-122.49651","79641","37.89596-122.49651","Andrew Dr",-122.49651,37.89596,23.7744,"US",NA,NA,"UTC"
"7965939.03783-122.42528","79659","39.03783-122.42528","Wilbur Hot Springs",-122.42528,39.03783,418.4904,"US",NA,NA,"UTC"
"7967137.92434-122.52374","79671","37.92434-122.52374","EastmanGardens",-122.52374,37.92434,11.8872,"US",NA,NA,"UTC"
"7967537.2943-121.90773","79675","37.2943-121.90773","Hicks and Pine (WG)",-121.90773,37.2943,49.6824,"US",NA,NA,"UTC"
"7967737.01971-121.88438","79677","37.01971-121.88438","TroutGulch",-121.88438,37.01971,171.6024,"US",NA,NA,"UTC"
"7968137.04745-122.03553","79681","37.04745-122.03553","Sterling Lane",-122.03553,37.04745,161.2392,"US",NA,NA,"UTC"
"7968938.00469-121.36857","79689","38.00469-121.36857","3929 Waynesboro Ct",-121.36857,38.00469,2.4384,"US",NA,NA,"UTC"
"7969139.25666-121.05518","79691","39.25666-121.05518","Merritt",-121.05518,39.25666,691.2864,"US",NA,NA,"UTC"
"7970538.00633-122.52005","79705","38.00633-122.52005","Meadow Drive",-122.52005,38.00633,7.3152,"US",NA,NA,"UTC"
"7970939.16721-119.77188","79709","39.16721-119.77188","Healing Arts Associates",-119.77188,39.16721,1432.2552,"US",NA,NA,"UTC"
"7971534.11595-118.63094","79715","34.11595-118.63094","Hodgson Circle Topanga",-118.63094,34.11595,404.1648,"US",NA,NA,"UTC"
"7974738.71121-121.23113","79747","38.71121-121.23113","WoodBridge Ranch",-121.23113,38.71121,64.6176,"US",NA,NA,"UTC"
"7976137.20308-121.83955","79761","37.20308-121.83955","Almaden Village",-121.83955,37.20308,107.2896,"US",NA,NA,"UTC"
"7978939.09454-120.9589","79789","39.09454-120.9589","999 Pine St. Colfax",-120.9589,39.09454,744.3216,"US",NA,NA,"UTC"
"7981333.10934-117.18387","79813","33.10934-117.18387","San Elijo Hills",-117.18387,33.10934,367.284,"US",NA,NA,"UTC"
"7982138.20634-122.64301","79821","38.20634-122.64301","Cottage",-122.64301,38.20634,74.9808,"US",NA,NA,"UTC"
"7984537.98683-122.56348","79845","37.98683-122.56348","San Anselmo - LA",-122.56348,37.98683,32.3088,"US",NA,NA,"UTC"
"7991938.26004-122.67027","79919","38.26004-122.67027","tuftfarm",-122.67027,38.26004,42.9768,"US",NA,NA,"UTC"
"7994537.32253-118.54633","79945","37.32253-118.54633","Brown\/Klingler",-118.54633,37.32253,1823.6184,"US",NA,NA,"UTC"
"7995334.13222-118.13837","79953","34.13222-118.13837","Madison and Fillmore",-118.13837,34.13222,233.7816,"US",NA,NA,"UTC"
"7995938.3838-122.86124","79959","38.3838-122.86124","Gold Ridge",-122.86124,38.3838,144.78,"US",NA,NA,"UTC"
"7996138.7086-121.0823","79961","38.7086-121.0823","Oak Tree Village",-121.0823,38.7086,209.7024,"US",NA,NA,"UTC"
"7996337.25422-122.02322","79963","37.25422-122.02322","Saratoga Swim Club",-122.02322,37.25422,158.496,"US",NA,NA,"UTC"
"7997737.50868-122.281","79977","37.50868-122.281","Dartmouth Ave",-122.281,37.50868,107.8992,"US",NA,NA,"UTC"
"7999334.44712-119.60307","79993","34.44712-119.60307","Bella Vista  Montecito",-119.60307,34.44712,178.9176,"US",NA,NA,"UTC"
"8004535.03495-120.51471","80045","35.03495-120.51471","D&amp;M Nipomo",-120.51471,35.03495,105.4608,"US",NA,NA,"UTC"
"8006137.92624-122.29678","80061","37.92624-122.29678","Brewster Estates",-122.29678,37.92624,235.0008,"US",NA,NA,"UTC"
"8006338.56146-121.71817","80063","38.56146-121.71817","Temple and Tulip",-121.71817,38.56146,13.716,"US",NA,NA,"UTC"
"8006934.13311-118.23514","80069","34.13311-118.23514","CCA Caledonia and Orilla",-118.23514,34.13311,183.1848,"US",NA,NA,"UTC"
"8007539.80869-121.89447","80075","39.80869-121.89447","Mandville 2a",-121.89447,39.80869,62.1792,"US",NA,NA,"UTC"
"8008537.89055-122.27071","80085","37.89055-122.27071","Kolibrihaus",-122.27071,37.89055,116.4336,"US",NA,NA,"UTC"
"8008736.96814-122.04961","80087","36.96814-122.04961","329 Alta Vista Outside",-122.04961,36.96814,71.3232,"US",NA,NA,"UTC"
"8011537.34415-122.10307","80115","37.34415-122.10307","Eloise",-122.10307,37.34415,130.4544,"US",NA,NA,"UTC"
"8012536.86454-119.74581","80125","36.86454-119.74581","ShippAQWx 2",-119.74581,36.86454,113.0808,"US",NA,NA,"UTC"
"8021940.87959-124.06702","80219","40.87959-124.06702","585 California Ave",-124.06702,40.87959,138.0744,"US",NA,NA,"UTC"
"8022337.90481-122.04386","80223","37.90481-122.04386","GreenBee",-122.04386,37.90481,61.8744,"US",NA,NA,"UTC"
"8027537.95582-122.56827","80275","37.95582-122.56827","Goodhill",-122.56827,37.95582,213.36,"US",NA,NA,"UTC"
"8028339.32719-120.79985","80283","39.32719-120.79985","Camp Washington",-120.79985,39.32719,1292.0472,"US",NA,NA,"UTC"
"8030740.90361-124.06511","80307","40.90361-124.06511","Kokatat",-124.06511,40.90361,47.8536,"US",NA,NA,"UTC"
"8032536.61484-121.91331","80325","36.61484-121.91331","Junipero PG",-121.91331,36.61484,60.6552,"US",NA,NA,"UTC"
"8033938.06486-122.56534","80339","38.06486-122.56534","Marin Country Club",-122.56534,38.06486,39.0144,"US",NA,NA,"UTC"
"8034537.96949-122.5699","80345","37.96949-122.5699","Melvine",-122.5699,37.96949,29.8704,"US",NA,NA,"UTC"
"8035734.29657-118.84804","80357","34.29657-118.84804","Varsity Park Villas",-118.84804,34.29657,191.7192,"US",NA,NA,"UTC"
"8037737.32799-121.95509","80377","37.32799-121.95509","Michi-watchdog",-121.95509,37.32799,37.4904,"US",NA,NA,"UTC"
"8038740.43252-120.63261","80387","40.43252-120.63261","Lassen College",-120.63261,40.43252,1318.5648,"US",NA,NA,"UTC"
"8039138.00137-122.10217","80391","38.00137-122.10217","britanny hills\/mpe",-122.10217,38.00137,27.432,"US",NA,NA,"UTC"
"8039937.76035-122.13339","80399","37.76035-122.13339","Sequoyah Highlands",-122.13339,37.76035,165.5064,"US",NA,NA,"UTC"
"8040137.79357-120.24361","80401","37.79357-120.24361","Wondernut Farm",-120.24361,37.79357,665.988,"US",NA,NA,"UTC"
"8040936.97257-121.99043","80409","36.97257-121.99043","Live Oak Santa Cruz",-121.99043,36.97257,21.0312,"US",NA,NA,"UTC"
"8041133.4839-117.36913","80411","33.4839-117.36913","Tenaja",-117.36913,33.4839,626.9736,"US",NA,NA,"UTC"
"8041537.41164-122.12058","80415","37.41164-122.12058","Wilkie Way",-122.12058,37.41164,13.4112,"US",NA,NA,"UTC"
"8043338.63129-121.05119","80433","38.63129-121.05119","EDH BLKSTN",-121.05119,38.63129,194.4624,"US",NA,NA,"UTC"
"8043538.6852-121.10758","80435","38.6852-121.10758","Folsom  California",-121.10758,38.6852,125.8824,"US",NA,NA,"UTC"
"8044537.53925-122.36094","80445","37.53925-122.36094","1550 exterior",-122.36094,37.53925,158.8008,"US",NA,NA,"UTC"
"8044937.89042-122.15206","80449","37.89042-122.15206","Gazebo",-122.15206,37.89042,132.588,"US",NA,NA,"UTC"
"8045338.49331-120.57887","80453","38.49331-120.57887","Lockwood Lane",-120.57887,38.49331,1029.3096,"US",NA,NA,"UTC"
"8045534.21596-118.24435","80455","34.21596-118.24435","Northwest Mordor",-118.24435,34.21596,402.9456,"US",NA,NA,"UTC"
"8045737.85665-120.22692","80457","37.85665-120.22692","Shakespeare Estates",-120.22692,37.85665,853.44,"US",NA,NA,"UTC"
"8052138.32779-122.7855","80521","38.32779-122.7855","Roblar Ridge",-122.7855,38.32779,144.78,"US",NA,NA,"UTC"
"8052539.27302-121.02867","80525","39.27302-121.02867","East Piper Lane",-121.02867,39.27302,895.5024,"US",NA,NA,"UTC"
"8054138.78708-121.27084","80541","38.78708-121.27084","Great Basin",-121.27084,38.78708,67.6656,"US",NA,NA,"UTC"
"8055938.44918-122.41212","80559","38.44918-122.41212","Sequoia Grove",-122.41212,38.44918,45.1104,"US",NA,NA,"UTC"
"8056138.43669-122.57654","80561","38.43669-122.57654","St Francis Winery",-122.57654,38.43669,157.5816,"US",NA,NA,"UTC"
"8056738.89462-121.00133","80567","38.89462-121.00133","Craig Ginestra  ALT  First gate ART",-121.00133,38.89462,474.5736,"US",NA,NA,"UTC"
"8057138.01494-122.5491","80571","38.01494-122.5491","Tremors Softball Sensor",-122.5491,38.01494,21.6408,"US",NA,NA,"UTC"
"8057237.23779-121.89314","80572","37.23779-121.89314","Rose Garden-Almaden Winery",-121.89314,37.23779,74.9808,"US",NA,NA,"UTC"
"8057537.78856-122.48444","80575","37.78856-122.48444","PARK",-122.48444,37.78856,25.2984,"US",NA,NA,"UTC"
"8058137.86416-120.17035","80581","37.86416-120.17035","Stable",-120.17035,37.86416,868.68,"US",NA,NA,"UTC"
"8058332.97576-117.12569","80583","32.97576-117.12569","Black Mountain-West Side",-117.12569,32.97576,236.5248,"US",NA,NA,"UTC"
"8058737.27747-121.91577","80587","37.27747-121.91577","Frobisher Willow Glen",-121.91577,37.27747,55.7784,"US",NA,NA,"UTC"
"8060539.29867-120.1705","80605","39.29867-120.1705","Belcourt Lane",-120.1705,39.29867,1890.6744,"US",NA,NA,"UTC"
"8060737.49803-122.30203","80607","37.49803-122.30203","Crestview VH",-122.30203,37.49803,217.932,"US",NA,NA,"UTC"
"8061537.65977-121.02704","80615","37.65977-121.02704","Northern Steel",-121.02704,37.65977,23.7744,"US",NA,NA,"UTC"
"8065733.81221-118.02045","80657","33.81221-118.02045","Celeste2",-118.02045,33.81221,12.8016,"US",NA,NA,"UTC"
"8066137.63855-118.99706","80661","37.63855-118.99706","Mammoth Bridges",-118.99706,37.63855,2565.8064,"US",NA,NA,"UTC"
"8067139.83278-120.42567","80671","39.83278-120.42567","Lower Grizzly Road",-120.42567,39.83278,1499.9208,"US",NA,NA,"UTC"
"8067537.94143-122.07428","80675","37.94143-122.07428","Poet's Corner",-122.07428,37.94143,21.9456,"US",NA,NA,"UTC"
"8067740.43165-120.63284","80677","40.43165-120.63284","Lassen College",-120.63284,40.43165,1313.3832,"US",NA,NA,"UTC"
"8067937.51129-121.936","80679","37.51129-121.936","Camellia Ct",-121.936,37.51129,18.288,"US",NA,NA,"UTC"
"8069137.73743-122.45602","80691","37.73743-122.45602","JEAER",-122.45602,37.73743,238.9632,"US",NA,NA,"UTC"
"8069538.50955-122.79882","80695","38.50955-122.79882","Laughlin Rd",-122.79882,38.50955,35.052,"US",NA,NA,"UTC"
"8071938.42542-120.10108","80719","38.42542-120.10108","Sky High Ranch",-120.10108,38.42542,2119.884,"US",NA,NA,"UTC"
"8072537.54665-122.27963","80725","37.54665-122.27963","Foster City",-122.27963,37.54665,0.3048,"US",NA,NA,"UTC"
"8073537.86072-122.26908","80735","37.86072-122.26908","Patio",-122.26908,37.86072,44.8056,"US",NA,NA,"UTC"
"8073738.3825-122.71633","80737","38.3825-122.71633","Pumpman Norcal",-122.71633,38.3825,31.6992,"US",NA,NA,"UTC"
"8074738.90467-119.82918","80747","38.90467-119.82918","Foothill Rd  Sheridan",-119.82918,38.90467,1481.328,"US",NA,NA,"UTC"
"8075339.58341-120.4014","80753","39.58341-120.4014","West Willow  Sierraville",-120.4014,39.58341,1531.3152,"US",NA,NA,"UTC"
"8077937.70964-122.08028","80779","37.70964-122.08028","Castro Valley Central",-122.08028,37.70964,86.868,"US",NA,NA,"UTC"
"8078940.47131-122.30306","80789","40.47131-122.30306","Riverside Homestays",-122.30306,40.47131,127.4064,"US",NA,NA,"UTC"
"8079737.43748-122.18552","80797","37.43748-122.18552","Cotton Street West",-122.18552,37.43748,27.7368,"US",NA,NA,"UTC"
"8079937.75262-122.23569","80799","37.75262-122.23569","Outside",-122.23569,37.75262,2.7432,"US",NA,NA,"UTC"
"8080734.16181-118.16878","80807","34.16181-118.16878","Rose Bowl",-118.16878,34.16181,252.984,"US",NA,NA,"UTC"
"8081336.95999-121.97731","80813","36.95999-121.97731","Hickman Ct.",-121.97731,36.95999,12.4968,"US",NA,NA,"UTC"
"8083337.81326-122.25404","80833","37.81326-122.25404","Gan Avraham",-122.25404,37.81326,28.3464,"US",NA,NA,"UTC"
"8084137.76022-122.47217","80841","37.76022-122.47217","1050 Kirkham Street",-122.47217,37.76022,103.3272,"US",NA,NA,"UTC"
"8089137.3732-122.02627","80891","37.3732-122.02627","Dolce732",-122.02627,37.3732,28.956,"US",NA,NA,"UTC"
"8093134.45296-119.74803","80931","34.45296-119.74803","Hope",-119.74803,34.45296,99.3648,"US",NA,NA,"UTC"
"8094537.38996-122.13264","80945","37.38996-122.13264","Scarff Way",-122.13264,37.38996,68.8848,"US",NA,NA,"UTC"
"8094938.96853-119.92203","80949","38.96853-119.92203","Pine Dr.",-119.92203,38.96853,1996.44,"US",NA,NA,"UTC"
"8096335.50369-119.27228","80963","35.50369-119.27228","Walker_2",-119.27228,35.50369,107.5944,"US",NA,NA,"UTC"
"8096537.22912-121.76327","80965","37.22912-121.76327","PA Spa Taranga",-121.76327,37.22912,70.104,"US",NA,NA,"UTC"
"8096737.96895-122.55817","80967","37.96895-122.55817","Garden Road",-122.55817,37.96895,20.7264,"US",NA,NA,"UTC"
"8097140.55271-123.45788","80971","40.55271-123.45788","Scout Park",-123.45788,40.55271,462.3816,"US",NA,NA,"UTC"
"8097337.31212-122.01993","80973","37.31212-122.01993","E estates",-122.01993,37.31212,71.3232,"US",NA,NA,"UTC"
"8097738.10469-122.19089","80977","38.10469-122.19089","Somerset Hills Georgia",-122.19089,38.10469,114.9096,"US",NA,NA,"UTC"
"8097937.83114-121.9816","80979","37.83114-121.9816","Baja Loma Ct. Danville CA",-121.9816,37.83114,128.6256,"US",NA,NA,"UTC"
"8098137.87694-122.03468","80981","37.87694-122.03468","Backyard deck",-122.03468,37.87694,76.2,"US",NA,NA,"UTC"
"8100937.35688-122.33088","81009","37.35688-122.33088","san gregorio",-122.33088,37.35688,143.5608,"US",NA,NA,"UTC"
"8101337.43603-122.15007","81013","37.43603-122.15007","Emerson St",-122.15007,37.43603,12.8016,"US",NA,NA,"UTC"
"8101737.80409-122.19908","81017","37.80409-122.19908","RJ Wilshire",-122.19908,37.80409,149.0472,"US",NA,NA,"UTC"
"8102933.8415-118.17634","81029","33.8415-118.17634","AcuCraig2000",-118.17634,33.8415,24.0792,"US",NA,NA,"UTC"
"8104337.84575-122.23383","81043","37.84575-122.23383","Backyard",-122.23383,37.84575,136.2456,"US",NA,NA,"UTC"
"8104736.99021-121.97224","81047","36.99021-121.97224","Dover and Howe Outdoor",-121.97224,36.99021,43.2816,"US",NA,NA,"UTC"
"8105734.1209-118.12382","81057","34.1209-118.12382","San Marino Tennis Club",-118.12382,34.1209,170.9928,"US",NA,NA,"UTC"
"8107536.27958-121.30499","81075","36.27958-121.30499","Wente Greenfield Office",-121.30499,36.27958,132.8928,"US",NA,NA,"UTC"
"8107737.94682-122.5173","81077","37.94682-122.5173","Les Jardins de Greenbrae",-122.5173,37.94682,10.0584,"US",NA,NA,"UTC"
"8108132.93019-117.14897","81081","32.93019-117.14897","North Mira Mesa",-117.14897,32.93019,129.54,"US",NA,NA,"UTC"
"8108935.51345-120.72109","81089","35.51345-120.72109","San Gregorio",-120.72109,35.51345,358.7496,"US",NA,NA,"UTC"
"8109340.30182-120.99145","81093","40.30182-120.99145","pad-on-the-pond",-120.99145,40.30182,1547.4696,"US",NA,NA,"UTC"
"8113932.86673-117.23839","81139","32.86673-117.23839","Caminito Sueno",-117.23839,32.86673,105.7656,"US",NA,NA,"UTC"
"8115939.29489-120.71291","81159","39.29489-120.71291","Zeibright Rd",-120.71291,39.29489,1312.7736,"US",NA,NA,"UTC"
"8116534.06889-118.5022","81165","34.06889-118.5022","ORR Sullivan Canyon",-118.5022,34.06889,211.836,"US",NA,NA,"UTC"
"8118137.74081-122.44837","81181","37.74081-122.44837","Reposa &amp; Marietta - Outside",-122.44837,37.74081,178.9176,"US",NA,NA,"UTC"
"8118537.64936-120.96461","81185","37.64936-120.96461","Edgebrook; East La Loma Park",-120.96461,37.64936,24.0792,"US",NA,NA,"UTC"
"8118738.40724-122.97461","81187","38.40724-122.97461","Fitzpatrick Ln at Joy Rd  Occidental CA",-122.97461,38.40724,330.0984,"US",NA,NA,"UTC"
"8119937.45001-122.26631","81199","37.45001-122.26631","Ca\u00F1ada College Science Building (B23)",-122.26631,37.45001,219.7608,"US",NA,NA,"UTC"
"8121134.73185-120.08742","81211","34.73185-120.08742","Midland School",-120.08742,34.73185,361.188,"US",NA,NA,"UTC"
"8121934.24554-118.50561","81219","34.24554-118.50561","Highland Hall Waldorf School",-118.50561,34.24554,288.036,"US",NA,NA,"UTC"
"8123134.41487-119.73257","81231","34.41487-119.73257","Westwood Elings",-119.73257,34.41487,105.7656,"US",NA,NA,"UTC"
"8123937.52714-122.50938","81239","37.52714-122.50938","MOSS BEACH East Side",-122.50938,37.52714,37.4904,"US",NA,NA,"UTC"
"8124537.81979-122.19961","81245","37.81979-122.19961","Ascot dr",-122.19961,37.81979,219.1512,"US",NA,NA,"UTC"
"8124937.44936-122.19478","81249","37.44936-122.19478","Sacred Heart Schools  Atherton",-122.19478,37.44936,25.2984,"US",NA,NA,"UTC"
"8125338.48354-123.14518","81253","38.48354-123.14518","Pyramid outside",-123.14518,38.48354,227.9904,"US",NA,NA,"UTC"
"8125939.72212-121.83253","81259","39.72212-121.83253","Barber",-121.83253,39.72212,60.0456,"US",NA,NA,"UTC"
"8129137.81655-122.22006","81291","37.81655-122.22006","62 La Salle",-122.22006,37.81655,95.0976,"US",NA,NA,"UTC"
"8130737.72005-121.71703","81307","37.72005-121.71703","Altamont Cir",-121.71703,37.72005,166.116,"US",NA,NA,"UTC"
"8132737.48666-122.23723","81327","37.48666-122.23723","RWC",-122.23723,37.48666,6.4008,"US",NA,NA,"UTC"
"8134537.81766-120.18349","81345","37.81766-120.18349","Groveland east",-120.18349,37.81766,1071.9816,"US",NA,NA,"UTC"
"8134937.86828-122.24855","81349","37.86828-122.24855","Panoramic Way",-122.24855,37.86828,153.0096,"US",NA,NA,"UTC"
"8135536.96717-121.98086","81355","36.96717-121.98086","Lagoon Court",-121.98086,36.96717,17.0688,"US",NA,NA,"UTC"
"8136935.03036-120.55485","81369","35.03036-120.55485","Louise Ln",-120.55485,35.03036,80.4672,"US",NA,NA,"UTC"
"8138338.03981-122.78698","81383","38.03981-122.78698","Olema",-122.78698,38.03981,19.812,"US",NA,NA,"UTC"
"8138537.75004-122.42815","81385","37.75004-122.42815","25th and Vicksburg",-122.42815,37.75004,45.72,"US",NA,NA,"UTC"
"8138736.52744-121.84132","81387","36.52744-121.84132","Bad Dog Farms",-121.84132,36.52744,27.432,"US",NA,NA,"UTC"
"8138937.90851-122.18357","81389","37.90851-122.18357","Our House",-122.18357,37.90851,170.9928,"US",NA,NA,"UTC"
"8142938.23073-122.64651","81429","38.23073-122.64651","English \/ Baker",-122.64651,38.23073,14.9352,"US",NA,NA,"UTC"
"8152337.49784-122.30057","81523","37.49784-122.30057","Elmo Outside",-122.30057,37.49784,220.6752,"US",NA,NA,"UTC"
"8153337.59059-122.36618","81533","37.59059-122.36618","San Mateo County Mosquito and Vector Control District Shop area",-122.36618,37.59059,2.4384,"US",NA,NA,"UTC"
"8154137.34485-121.9617","81541","37.34485-121.9617","Sunnybrae",-121.9617,37.34485,27.432,"US",NA,NA,"UTC"
"8155932.91746-117.18605","81559","32.91746-117.18605","Sorrento Mesa",-117.18605,32.91746,115.824,"US",NA,NA,"UTC"
"8156538.70018-122.91365","81565","38.70018-122.91365","267 Rossi Road",-122.91365,38.70018,194.4624,"US",NA,NA,"UTC"
"8156737.55014-122.3486","81567","37.55014-122.3486","La Cuesta",-122.3486,37.55014,107.8992,"US",NA,NA,"UTC"
"8165536.53851-121.90394","81655","36.53851-121.90394","CAWD Admin Office",-121.90394,36.53851,9.4488,"US",NA,NA,"UTC"
"8166139.71976-120.56634","81661","39.71976-120.56634","Mohawk Meadows",-120.56634,39.71976,1388.9736,"US",NA,NA,"UTC"
"8166334.05029-118.43107","81663","34.05029-118.43107","1909 pelham",-118.43107,34.05029,70.104,"US",NA,NA,"UTC"
"8167137.21677-121.82152","81671","37.21677-121.82152","Graystone Hills  Almaden Valley  San Jose  CA",-121.82152,37.21677,207.5688,"US",NA,NA,"UTC"
"8167737.88908-122.26433","81677","37.88908-122.26433","1044 Keith Ave  Berkeley",-122.26433,37.88908,174.9552,"US",NA,NA,"UTC"
"8168937.22585-119.51662","81689","37.22585-119.51662","Priest Road - outside",-119.51662,37.22585,908.304,"US",NA,NA,"UTC"
"8169537.38416-122.11597","81695","37.38416-122.11597","Garland Way out",-122.11597,37.38416,48.768,"US",NA,NA,"UTC"
"8171534.03941-116.9425","81715","34.03941-116.9425","The Wildlands Conservancy's Oak Glen Preserve",-116.9425,34.03941,1450.848,"US",NA,NA,"UTC"
"8172737.85559-122.16151","81727","37.85559-122.16151","Top of La Fond",-122.16151,37.85559,279.1968,"US",NA,NA,"UTC"
"8173134.11945-118.31143","81731","34.11945-118.31143","Los Feliz",-118.31143,34.11945,220.98,"US",NA,NA,"UTC"
"8177139.38183-119.78261","81771","39.38183-119.78261","Galena",-119.78261,39.38183,1551.432,"US",NA,NA,"UTC"
"8180138.67928-122.78034","81801","38.67928-122.78034","Santorini Rd",-122.78034,38.67928,484.632,"US",NA,NA,"UTC"
"8181737.65439-122.05046","81817","37.65439-122.05046","DLH015",-122.05046,37.65439,195.3768,"US",NA,NA,"UTC"
"8181939.50566-119.89987","81819","39.50566-119.89987","Ventura Patagonia",-119.89987,39.50566,1414.5768,"US",NA,NA,"UTC"
"8184336.54364-121.92493","81843","36.54364-121.92493","Miss Eddie\u2019s House",-121.92493,36.54364,10.668,"US",NA,NA,"UTC"
"8184737.28684-122.0473","81847","37.28684-122.0473","Parker Ranch",-122.0473,37.28684,149.352,"US",NA,NA,"UTC"
"8186334.15652-117.98782","81863","34.15652-117.98782","Lower Norumbega Loop",-117.98782,34.15652,214.2744,"US",NA,NA,"UTC"
"8196534.18533-118.10671","81965","34.18533-118.10671","Midlothian Drive",-118.10671,34.18533,367.5888,"US",NA,NA,"UTC"
"8197737.33217-121.95731","81977","37.33217-121.95731","Osborne Ave",-121.95731,37.33217,35.052,"US",NA,NA,"UTC"
"8198933.02535-117.26828","81989","33.02535-117.26828","CBS Dora Drive",-117.26828,33.02535,97.536,"US",NA,NA,"UTC"
"8205334.14248-118.00204","82053","34.14248-118.00204","Oak Crest Institute of Science",-118.00204,34.14248,156.0576,"US",NA,NA,"UTC"
"8205537.82273-122.28095","82055","37.82273-122.28095","Steel Works Lofts",-122.28095,37.82273,7.3152,"US",NA,NA,"UTC"
"8206736.96646-121.88861","82067","36.96646-121.88861","Los Altos Drive",-121.88861,36.96646,41.7576,"US",NA,NA,"UTC"
"8207134.15581-118.42443","82071","34.15581-118.42443","Varna",-118.42443,34.15581,197.8152,"US",NA,NA,"UTC"
"8208533.53814-117.5998","82085","33.53814-117.5998","South Outside",-117.5998,33.53814,157.2768,"US",NA,NA,"UTC"
"8208738.04769-122.54546","82087","38.04769-122.54546","Pacheco Valle",-122.54546,38.04769,54.5592,"US",NA,NA,"UTC"
"8208937.35447-121.9639","82089","37.35447-121.9639","Cunningham - Outside",-121.9639,37.35447,21.336,"US",NA,NA,"UTC"
"8210132.85426-117.25196","82101","32.85426-117.25196","La Jolla Shores",-117.25196,32.85426,16.1544,"US",NA,NA,"UTC"
"8210537.73534-122.14488","82105","37.73534-122.14488","SL-LewisAve",-122.14488,37.73534,22.86,"US",NA,NA,"UTC"
"8212134.43393-118.46366","82121","34.43393-118.46366","Bakerton",-118.46366,34.43393,464.5152,"US",NA,NA,"UTC"
"8227134.16116-118.14415","82271","34.16116-118.14415","Garfield",-118.14415,34.16116,281.3304,"US",NA,NA,"UTC"
"8227935.54568-121.08631","82279","35.54568-121.08631","Benson Avenue",-121.08631,35.54568,90.8304,"US",NA,NA,"UTC"
"8228132.68735-117.17259","82281","32.68735-117.17259","Mathewson Park  Coronado",-117.17259,32.68735,4.2672,"US",NA,NA,"UTC"
"8233739.26144-121.02925","82337","39.26144-121.02925","Tribute Trail",-121.02925,39.26144,760.1712,"US",NA,NA,"UTC"
"8234934.15787-117.59555","82349","34.15787-117.59555","Whirlaway",-117.59555,34.15787,605.028,"US",NA,NA,"UTC"
"8235338.65829-121.24193","82353","38.65829-121.24193","Lafitte Ct",-121.24193,38.65829,71.3232,"US",NA,NA,"UTC"
"8236334.05708-118.37345","82363","34.05708-118.37345","South Carthay Whitworth",-118.37345,34.05708,38.4048,"US",NA,NA,"UTC"
"8237937.39375-122.02423","82379","37.39375-122.02423","Sunnyvale SNAIL Borregas",-122.02423,37.39375,11.2776,"US",NA,NA,"UTC"
"8239132.96087-117.21749","82391","32.96087-117.21749","Lansdale Estates",-117.21749,32.96087,109.1184,"US",NA,NA,"UTC"
"8239937.10453-121.95089","82399","37.10453-121.95089","Terrace Grove Rd",-121.95089,37.10453,370.0272,"US",NA,NA,"UTC"
"8241537.48208-122.18477","82415","37.48208-122.18477","18th Ave RWC",-122.18477,37.48208,4.572,"US",NA,NA,"UTC"
"8242937.86468-122.01202","82429","37.86468-122.01202","Heritage Oaks",-122.01202,37.86468,135.9408,"US",NA,NA,"UTC"
"8243535.24517-120.63308","82435","35.24517-120.63308","Patio",-120.63308,35.24517,59.7408,"US",NA,NA,"UTC"
"8243734.13306-118.70985","82437","34.13306-118.70985","Cottonwood",-118.70985,34.13306,223.4184,"US",NA,NA,"UTC"
"8244137.32811-120.48878","82441","37.32811-120.48878","CommunityScience_NW_Merced",-120.48878,37.32811,53.9496,"US",NA,NA,"UTC"
"8244736.90906-121.77564","82447","36.90906-121.77564","Via Ventana",-121.77564,36.90906,14.6304,"US",NA,NA,"UTC"
"8244933.11618-117.00506","82449","33.11618-117.00506","Rancho San Pasqual",-117.00506,33.11618,132.2832,"US",NA,NA,"UTC"
"8245334.22152-119.17218","82453","34.22152-119.17218","Entrada Dr\/Dulce Dr",-119.17218,34.22152,23.4696,"US",NA,NA,"UTC"
"8245937.0353-121.74771","82459","37.0353-121.74771","Summit Rd.",-121.74771,37.0353,637.9464,"US",NA,NA,"UTC"
"8248540.6954-122.40252","82485","40.6954-122.40252","Lake Blvd &amp; Shasta Dam Blvd",-122.40252,40.6954,292.3032,"US",NA,NA,"UTC"
"8249934.2457-118.22395","82499","34.2457-118.22395","Loo",-118.22395,34.2457,771.4488,"US",NA,NA,"UTC"
"8250134.04552-118.71656","82501","34.04552-118.71656","CV2",-118.71656,34.04552,235.3056,"US",NA,NA,"UTC"
"8251137.86213-122.15617","82511","37.86213-122.15617","Dover Ct",-122.15617,37.86213,300.8376,"US",NA,NA,"UTC"
"8255534.1242-116.15637","82555","34.1242-116.15637","Indian Cove",-116.15637,34.1242,815.6448,"US",NA,NA,"UTC"
"8256337.97776-122.47842","82563","37.97776-122.47842","Bayside Park  Marin County Parks",-122.47842,37.97776,38.4048,"US",NA,NA,"UTC"
"8256934.17017-118.23868","82569","34.17017-118.23868","Majestic",-118.23868,34.17017,267.6144,"US",NA,NA,"UTC"
"8257336.08648-115.32571","82573","36.08648-115.32571","Acacia Park",-115.32571,36.08648,838.8096,"US",NA,NA,"UTC"
"8257734.00115-118.39092","82577","34.00115-118.39092","Culver Crest",-118.39092,34.00115,18.5928,"US",NA,NA,"UTC"
"8259137.8993-122.47907","82591","37.8993-122.47907","Hacienda",-122.47907,37.8993,103.632,"US",NA,NA,"UTC"
"8259536.08387-119.01987","82595","36.08387-119.01987","Porterville  CA",-119.01987,36.08387,157.2768,"US",NA,NA,"UTC"
"8260337.98008-122.57619","82603","37.98008-122.57619","45 Elm Avenue  San Anselmo  CA 94960",-122.57619,37.98008,25.6032,"US",NA,NA,"UTC"
"8260732.95313-117.22316","82607","32.95313-117.22316","reinrika",-117.22316,32.95313,94.1832,"US",NA,NA,"UTC"
"8260934.13534-118.50378","82609","34.13534-118.50378","171xx Escalon Dr",-118.50378,34.13534,371.5512,"US",NA,NA,"UTC"
"8261138.02675-122.56351","82611","38.02675-122.56351","HOOPS - Huckleberry Observations of Particulates System",-122.56351,38.02675,35.052,"US",NA,NA,"UTC"
"8264338.40297-121.37177","82643","38.40297-121.37177","Cadura Circle",-121.37177,38.40297,13.1064,"US",NA,NA,"UTC"
"8265538.39032-122.59969","82655","38.39032-122.59969","Hunter's Bluff",-122.59969,38.39032,324.9168,"US",NA,NA,"UTC"
"8267935.6441-117.70586","82679","35.6441-117.70586","NW Ridgecrest AQI",-117.70586,35.6441,710.184,"US",NA,NA,"UTC"
"8269139.19402-121.14936","82691","39.19402-121.14936","AngieCtPennValleyCA",-121.14936,39.19402,496.5192,"US",NA,NA,"UTC"
"8270138.90219-119.96428","82701","38.90219-119.96428","Cracker's Air Quality",-119.96428,38.90219,1958.6448,"US",NA,NA,"UTC"
"8270338.5967-121.353","82703","38.5967-121.353","Bowerwood",-121.353,38.5967,27.432,"US",NA,NA,"UTC"
"8270538.19427-120.01502","82705","38.19427-120.01502","Maxwell House",-120.01502,38.19427,1612.0872,"US",NA,NA,"UTC"
"8275533.74202-117.44635","82755","33.74202-117.44635","GE Office",-117.44635,33.74202,379.7808,"US",NA,NA,"UTC"
"8282738.35657-122.64413","82827","38.35657-122.64413","Oak Springs Estates 1",-122.64413,38.35657,122.8344,"US",NA,NA,"UTC"
"8283137.97613-122.48796","82831","37.97613-122.48796","Battle Zone",-122.48796,37.97613,7.3152,"US",NA,NA,"UTC"
"8283337.97767-122.57983","82833","37.97767-122.57983","Ivy Lane",-122.57983,37.97767,76.5048,"US",NA,NA,"UTC"
"8284138.67273-122.87645","82841","38.67273-122.87645","Vinwood Cellars",-122.87645,38.67273,60.0456,"US",NA,NA,"UTC"
"8284338.67282-122.87719","82843","38.67282-122.87719","Vinwood Cellars",-122.87719,38.67282,60.96,"US",NA,NA,"UTC"
"8284738.40557-121.37804","82847","38.40557-121.37804","GoofyDome",-121.37804,38.40557,13.716,"US",NA,NA,"UTC"
"8284937.88738-122.08621","82849","37.88738-122.08621","Freeman And Juanita",-122.08621,37.88738,62.7888,"US",NA,NA,"UTC"
"8285537.82537-121.98202","82855","37.82537-121.98202","Richard Lane",-121.98202,37.82537,130.7592,"US",NA,NA,"UTC"
"8286137.30651-121.80637","82861","37.30651-121.80637","Brigadoon",-121.80637,37.30651,47.8536,"US",NA,NA,"UTC"
"8286334.44197-118.6257","82863","34.44197-118.6257","Grace to You - Outside",-118.6257,34.44197,323.6976,"US",NA,NA,"UTC"
"8286539.15825-119.81529","82865","39.15825-119.81529","Premier Mine",-119.81529,39.15825,1652.016,"US",NA,NA,"UTC"
"8288938.22951-120.33718","82889","38.22951-120.33718","Unit 15",-120.33718,38.22951,1197.864,"US",NA,NA,"UTC"
"8289737.78546-122.42678","82897","37.78546-122.42678","Sequoia Atrium",-122.42678,37.78546,63.3984,"US",NA,NA,"UTC"
"8290537.13959-122.12675","82905","37.13959-122.12675","Cresta Vista",-122.12675,37.13959,211.5312,"US",NA,NA,"UTC"
"8290739.73456-121.82478","82907","39.73456-121.82478","E 7th St &amp; Willow (OUTSIDE)",-121.82478,39.73456,66.7512,"US",NA,NA,"UTC"
"8291733.45847-117.66664","82917","33.45847-117.66664","Capistrano Beach",-117.66664,33.45847,48.4632,"US",NA,NA,"UTC"
"8291939.25808-120.71592","82919","39.25808-120.71592","Blue Canyon",-120.71592,39.25808,1527.9624,"US",NA,NA,"UTC"
"8297340.53138-122.41835","82973","40.53138-122.41835","Branstetter lane",-122.41835,40.53138,163.6776,"US",NA,NA,"UTC"
"8297538.54457-122.87431","82975","38.54457-122.87431","The Bishop's Ranch",-122.87431,38.54457,71.0184,"US",NA,NA,"UTC"
"8297937.23595-118.56332","82979","37.23595-118.56332","South Fork",-118.56332,37.23595,2563.6728,"US",NA,NA,"UTC"
"8298339.75771-121.65025","82983","39.75771-121.65025","Valley_Ridge_Paradise",-121.65025,39.75771,464.2104,"US",NA,NA,"UTC"
"8298737.54972-119.97929","82987","37.54972-119.97929","Lakeside",-119.97929,37.54972,959.2056,"US",NA,NA,"UTC"
"8298937.47579-122.13213","82989","37.47579-122.13213","Bloomhouse",-122.13213,37.47579,2.7432,"US",NA,NA,"UTC"
"8299137.89261-122.27807","82991","37.89261-122.27807","purplelfi",-122.27807,37.89261,61.2648,"US",NA,NA,"UTC"
"8299737.89331-122.27606","82997","37.89331-122.27606","Contra Costa Ave  Berkeley",-122.27606,37.89331,85.9536,"US",NA,NA,"UTC"
"8300737.71978-122.47062","83007","37.71978-122.47062","Christmas Light Corner",-122.47062,37.71978,76.8096,"US",NA,NA,"UTC"
"8301134.16229-118.69748","83011","34.16229-118.69748","Lupin Hill Elementary School",-118.69748,34.16229,300.8376,"US",NA,NA,"UTC"
"8301338.39288-122.56675","83013","38.39288-122.56675","Keiser Ranch",-122.56675,38.39288,144.78,"US",NA,NA,"UTC"
"8301737.10878-122.04694","83017","37.10878-122.04694","Outside La Lena St",-122.04694,37.10878,250.5456,"US",NA,NA,"UTC"
"8302537.91196-122.52434","83025","37.91196-122.52434","Underhill Rd",-122.52434,37.91196,23.7744,"US",NA,NA,"UTC"
"8302738.87715-121.0006","83027","38.87715-121.0006","Hamblen Acres",-121.0006,38.87715,491.3376,"US",NA,NA,"UTC"
"8302933.27044-116.86495","83029","33.27044-116.86495","La Jolla - Poomacha",-116.86495,33.27044,680.0088,"US",NA,NA,"UTC"
"8303937.2327-121.9606","83039","37.2327-121.9606","Back Yard",-121.9606,37.2327,110.9472,"US",NA,NA,"UTC"
"8304134.17988-118.17776","83041","34.17988-118.17776","Cottonwood Canyon",-118.17776,34.17988,400.2024,"US",NA,NA,"UTC"
"8305134.0595-118.61034","83051","34.0595-118.61034","Tuna Canyon  Topanga  CA",-118.61034,34.0595,466.9536,"US",NA,NA,"UTC"
"8308934.07502-118.3376","83089","34.07502-118.3376","Hancock Park",-118.3376,34.07502,74.0664,"US",NA,NA,"UTC"
"8311537.27822-122.02818","83115","37.27822-122.02818","skynet.saratoga",-122.02818,37.27822,115.2144,"US",NA,NA,"UTC"
"8312938.35283-122.29837","83129","38.35283-122.29837","Boyd Family Vineyards",-122.29837,38.35283,14.9352,"US",NA,NA,"UTC"
"8317334.15726-118.78595","83173","34.15726-118.78595","Lindero Canyon Middle School",-118.78595,34.15726,304.4952,"US",NA,NA,"UTC"
"8317937.85913-122.15414","83179","37.85913-122.15414","Hall Drive",-122.15414,37.85913,236.5248,"US",NA,NA,"UTC"
"8319137.79882-122.24358","83191","37.79882-122.24358","22nd &amp; 8th Ave.",-122.24358,37.79882,24.6888,"US",NA,NA,"UTC"
"8319338.57927-122.55785","83193","38.57927-122.55785","Fisher Vineyards Calistoga Estate",-122.55785,38.57927,107.2896,"US",NA,NA,"UTC"
"8320538.15284-121.4061","83205","38.15284-121.4061","Trinchero Family Estates Westside Facility",-121.4061,38.15284,4.2672,"US",NA,NA,"UTC"
"8320737.94441-122.07537","83207","37.94441-122.07537","Wolf Den",-122.07537,37.94441,24.0792,"US",NA,NA,"UTC"
"8321537.35347-122.09148","83215","37.35347-122.09148","Arbor Ave  Los Altos",-122.09148,37.35347,67.6656,"US",NA,NA,"UTC"
"8322338.40058-122.42081","83223","38.40058-122.42081","RKWagPro",-122.42081,38.40058,195.6816,"US",NA,NA,"UTC"
"8322537.81682-121.80087","83225","37.81682-121.80087","Gray Horse Ranch - elevation 2117 ft",-121.80087,37.81682,646.4808,"US",NA,NA,"UTC"
"8322733.77758-118.36014","83227","33.77758-118.36014","Chadwick School",-118.36014,33.77758,224.6376,"US",NA,NA,"UTC"
"8322936.90704-119.79538","83229","36.90704-119.79538","Rolling Hills",-119.79538,36.90704,115.2144,"US",NA,NA,"UTC"
"8323937.34674-122.1986","83239","37.34674-122.1986","LazyAir",-122.1986,37.34674,335.28,"US",NA,NA,"UTC"
"8324338.63613-121.28561","83243","38.63613-121.28561","Brickhouse Fair Oaks",-121.28561,38.63613,42.0624,"US",NA,NA,"UTC"
"8324937.3624-119.66013","83249","37.3624-119.66013","Wizards EWorkshop",-119.66013,37.3624,958.2912,"US",NA,NA,"UTC"
"8325134.60447-120.12257","83251","34.60447-120.12257","Creekside Outside",-120.12257,34.60447,154.5336,"US",NA,NA,"UTC"
"8325334.43563-119.90202","83253","34.43563-119.90202","WinComBackyard",-119.90202,34.43563,39.624,"US",NA,NA,"UTC"
"8325937.11465-122.10561","83259","37.11465-122.10561","Outside-Tinkers",-122.10561,37.11465,267.3096,"US",NA,NA,"UTC"
"8326537.34093-122.0735","83265","37.34093-122.0735","V-deodara",-122.0735,37.34093,77.724,"US",NA,NA,"UTC"
"8329537.77526-122.44157","83295","37.77526-122.44157","Pacific Primary",-122.44157,37.77526,65.8368,"US",NA,NA,"UTC"
"8331134.19435-118.11403","83311","34.19435-118.11403","Skyview-outside",-118.11403,34.19435,473.3544,"US",NA,NA,"UTC"
"8332537.44398-122.14108","83325","37.44398-122.14108","Rinconada Pool",-122.14108,37.44398,7.62,"US",NA,NA,"UTC"
"8333337.38427-122.20244","83333","37.38427-122.20244","Alhambra",-122.20244,37.38427,227.6856,"US",NA,NA,"UTC"
"8338138.71422-122.97489","83381","38.71422-122.97489","Camp Chari",-122.97489,38.71422,74.3712,"US",NA,NA,"UTC"
"8340937.43333-122.31912","83409","37.43333-122.31912","Kings Mountain",-122.31912,37.43333,603.8088,"US",NA,NA,"UTC"
"8341734.16856-118.03021","83417","34.16856-118.03021","Vista",-118.03021,34.16856,253.8984,"US",NA,NA,"UTC"
"8344138.9801-121.04865","83441","38.9801-121.04865","AL outside",-121.04865,38.9801,519.3792,"US",NA,NA,"UTC"
"8345737.15933-122.00468","83457","37.15933-122.00468","Redwoodridgeestate-out",-122.00468,37.15933,671.1696,"US",NA,NA,"UTC"
"8346534.06741-118.46436","83465","34.06741-118.46436","Farlin Air",-118.46436,34.06741,132.588,"US",NA,NA,"UTC"
"8346937.81427-122.25413","83469","37.81427-122.25413","Mac Attack",-122.25413,37.81427,27.432,"US",NA,NA,"UTC"
"8347537.99795-122.02647","83475","37.99795-122.02647","Alex Home",-122.02647,37.99795,20.4216,"US",NA,NA,"UTC"
"8348138.61774-122.8644","83481","38.61774-122.8644","Brown Street",-122.8644,38.61774,48.1584,"US",NA,NA,"UTC"
"8348938.56108-122.4357","83489","38.56108-122.4357","Admiral Dewey",-122.4357,38.56108,514.1976,"US",NA,NA,"UTC"
"8349537.2311-121.8385","83495","37.2311-121.8385","Sakamoto",-121.8385,37.2311,50.5968,"US",NA,NA,"UTC"
"8349938.22144-122.63659","83499","38.22144-122.63659","Pool Equipment",-122.63659,38.22144,36.576,"US",NA,NA,"UTC"
"8350934.18823-118.16209","83509","34.18823-118.16209","Canyada North",-118.16209,34.18823,345.6432,"US",NA,NA,"UTC"
"8351137.08882-121.64889","83511","37.08882-121.64889","Mosewatson",-121.64889,37.08882,107.8992,"US",NA,NA,"UTC"
"8351337.76509-122.4475","83513","37.76509-122.4475","Clayton at Parnassus",-122.4475,37.76509,109.4232,"US",NA,NA,"UTC"
"8352137.94863-122.26986","83521","37.94863-122.26986","Lakeridge Athletic Club",-122.26986,37.94863,69.7992,"US",NA,NA,"UTC"
"8352337.12282-120.22234","83523","37.12282-120.22234","Pheasant Run Golf Course #17 Chowchilla  Ca.",-120.22234,37.12282,78.9432,"US",NA,NA,"UTC"
"8352537.85582-122.25494","83525","37.85582-122.25494","2607 Webster Street",-122.25494,37.85582,68.8848,"US",NA,NA,"UTC"
"8353737.66014-121.84008","83537","37.66014-121.84008","914 Gray Fox Circle",-121.84008,37.66014,153.6192,"US",NA,NA,"UTC"
"8353938.3375-122.3465","83539","38.3375-122.3465","Lazare Vineyards",-122.3465,38.3375,47.5488,"US",NA,NA,"UTC"
"8355338.41065-121.34318","83553","38.41065-121.34318","Cedar Rail Way",-121.34318,38.41065,16.4592,"US",NA,NA,"UTC"
"8356932.73311-117.02406","83569","32.73311-117.02406","Cinderella",-117.02406,32.73311,138.3792,"US",NA,NA,"UTC"
"8357537.34144-122.08073","83575","37.34144-122.08073","Stonehaven Dr",-122.08073,37.34144,80.4672,"US",NA,NA,"UTC"
"8357937.2748-122.06746","83579","37.2748-122.06746","Orchard-Meadow-Art",-122.06746,37.2748,240.792,"US",NA,NA,"UTC"
"8358338.52476-122.71569","83583","38.52476-122.71569","RHR",-122.71569,38.52476,210.312,"US",NA,NA,"UTC"
"8359539.22569-120.07408","83595","39.22569-120.07408","Lakefront",-120.07408,39.22569,1900.7328,"US",NA,NA,"UTC"
"8360333.74297-117.81918","83603","33.74297-117.81918","Tustin City Hall",-117.81918,33.74297,39.0144,"US",NA,NA,"UTC"
"8363138.72674-123.47424","83631","38.72674-123.47424","ME House",-123.47424,38.72674,29.2608,"US",NA,NA,"UTC"
"8364137.24396-121.95639","83641","37.24396-121.95639","Maricopa Dr  95032",-121.95639,37.24396,101.4984,"US",NA,NA,"UTC"
"8364734.12212-118.15353","83647","34.12212-118.15353","backyard",-118.15353,34.12212,228.9048,"US",NA,NA,"UTC"
"8365538.61403-122.76891","83655","38.61403-122.76891","Verite Winery",-122.76891,38.61403,63.7032,"US",NA,NA,"UTC"
"8369738.32102-122.42065","83697","38.32102-122.42065","The Upper Ranch",-122.42065,38.32102,370.332,"US",NA,NA,"UTC"
"8370337.85564-122.22236","83703","37.85564-122.22236","Sherwick Dr",-122.22236,37.85564,274.32,"US",NA,NA,"UTC"
"8371737.84889-122.12566","83717","37.84889-122.12566","KCAMORAG34-Donald",-122.12566,37.84889,168.8592,"US",NA,NA,"UTC"
"8371938.4849-122.98126","83719","38.4849-122.98126","Pfaufaphgefs",-122.98126,38.4849,79.248,"US",NA,NA,"UTC"
"8372538.59165-122.91929","83725","38.59165-122.91929","Mill Creek Rd Healdsburg  CA",-122.91929,38.59165,103.9368,"US",NA,NA,"UTC"
"8372734.17961-118.28067","83727","34.17961-118.28067","WEST_OUT",-118.28067,34.17961,225.2472,"US",NA,NA,"UTC"
"8373338.00851-122.55889","83733","38.00851-122.55889","Chelan",-122.55889,38.00851,32.9184,"US",NA,NA,"UTC"
"8373737.83336-122.18938","83737","37.83336-122.18938","Piedmont Pines (O deck)",-122.18938,37.83336,344.424,"US",NA,NA,"UTC"
"8373937.87812-122.24986","83739","37.87812-122.24986","46-Outdoor",-122.24986,37.87812,247.8024,"US",NA,NA,"UTC"
"8374733.7237-117.82643","83747","33.7237-117.82643","Tustin Corporate Yard",-117.82643,33.7237,26.5176,"US",NA,NA,"UTC"
"8375337.97832-122.25825","83753","37.97832-122.25825","Marlin Court",-122.25825,37.97832,50.9016,"US",NA,NA,"UTC"
"8376939.16486-123.22344","83769","39.16486-123.22344","Ukiah Dolphins",-123.22344,39.16486,212.4456,"US",NA,NA,"UTC"
"8380139.78914-120.49159","83801","39.78914-120.49159","Iron Horse",-120.49159,39.78914,1516.9896,"US",NA,NA,"UTC"
"8381537.90443-122.01453","83815","37.90443-122.01453","Codorniz Lane",-122.01453,37.90443,100.8888,"US",NA,NA,"UTC"
"8382737.44636-122.15367","83827","37.44636-122.15367","CH-OD-11-PA (Garden Terrace)",-122.15367,37.44636,13.716,"US",NA,NA,"UTC"
"8382938.64103-121.36149","83829","38.64103-121.36149","Rutgers way",-121.36149,38.64103,26.2128,"US",NA,NA,"UTC"
"8383334.49982-118.62951","83833","34.49982-118.62951","Castaic  CA",-118.62951,34.49982,395.0208,"US",NA,NA,"UTC"
"8384737.95909-122.10671","83847","37.95909-122.10671","Runner",-122.10671,37.95909,61.5696,"US",NA,NA,"UTC"
"8385937.70376-117.23151","83859","37.70376-117.23151","Zesty Cheese Ranch",-117.23151,37.70376,1743.7608,"US",NA,NA,"UTC"
"8389337.87517-122.23869","83893","37.87517-122.23869","UC Botanical Garden",-122.23869,37.87517,229.8192,"US",NA,NA,"UTC"
"8389534.10265-118.22269","83895","34.10265-118.22269","Wobblesmoke",-118.22269,34.10265,190.8048,"US",NA,NA,"UTC"
"8389739.19128-120.10413","83897","39.19128-120.10413","Dollar Point Pool",-120.10413,39.19128,1980.2856,"US",NA,NA,"UTC"
"8390938.24389-120.32505","83909","38.24389-120.32505","1824 S. Sierra View",-120.32505,38.24389,1261.5672,"US",NA,NA,"UTC"
"8391737.93259-122.3196","83917","37.93259-122.3196","mono",-122.3196,37.93259,39.9288,"US",NA,NA,"UTC"
"8392539.2269-123.73981","83925","39.2269-123.73981","Albion Ridge Rd between F&amp;G  Albion  CA",-123.73981,39.2269,159.1056,"US",NA,NA,"UTC"
"8393136.48763-121.93504","83931","36.48763-121.93504","Carmel Highlands",-121.93504,36.48763,100.584,"US",NA,NA,"UTC"
"8399937.10466-122.11198","83999","37.10466-122.11198","Brookdale",-122.11198,37.10466,202.9968,"US",NA,NA,"UTC"
"8400737.11141-121.99222","84007","37.11141-121.99222","AHMF",-121.99222,37.11141,389.8392,"US",NA,NA,"UTC"
"8402940.96912-124.03095","84029","40.96912-124.03095","Rock Pit Rd",-124.03095,40.96912,83.82,"US",NA,NA,"UTC"
"8403137.26672-121.85353","84031","37.26672-121.85353","Thistle Dr",-121.85353,37.26672,49.0728,"US",NA,NA,"UTC"
"8404538.49793-122.48102","84045","38.49793-122.48102","Fir Hill",-122.48102,38.49793,91.44,"US",NA,NA,"UTC"
"8406136.56402-121.90086","84061","36.56402-121.90086","Outlook Drive - Carmel",-121.90086,36.56402,202.692,"US",NA,NA,"UTC"
"8406438.66196-120.92535","84064","38.66196-120.92535","Hacienda de Estrellas",-120.92535,38.66196,445.6176,"US",NA,NA,"UTC"
"8406934.14787-118.56422","84069","34.14787-118.56422","Tarzana-Aleman",-118.56422,34.14787,385.572,"US",NA,NA,"UTC"
"8407534.15169-117.66096","84075","34.15169-117.66096","San Antonio Cres",-117.66096,34.15169,606.8568,"US",NA,NA,"UTC"
"8407936.40837-119.00946","84079","36.40837-119.00946","Harrison Ranch - Outdoor",-119.00946,36.40837,180.7464,"US",NA,NA,"UTC"
"8409334.15784-118.0621","84093","34.15784-118.0621","Sierra Madre Manzanita",-118.0621,34.15784,249.6312,"US",NA,NA,"UTC"
"8410134.07158-118.55788","84101","34.07158-118.55788","Hylands2",-118.55788,34.07158,220.6752,"US",NA,NA,"UTC"
"8411737.54408-121.96445","84117","37.54408-121.96445","Lake Elizabeth",-121.96445,37.54408,19.812,"US",NA,NA,"UTC"
"8411937.20419-122.10903","84119","37.20419-122.10903","Sleeper Gulch",-122.10903,37.20419,364.236,"US",NA,NA,"UTC"
"8412336.56102-121.89387","84123","36.56102-121.89387","Upper Pine Hills Drive",-121.89387,36.56102,216.1032,"US",NA,NA,"UTC"
"8412537.89792-122.27747","84125","37.89792-122.27747","mackerels house",-122.27747,37.89792,117.348,"US",NA,NA,"UTC"
"8412737.35807-122.16608","84127","37.35807-122.16608","Moody Road",-122.16608,37.35807,197.2056,"US",NA,NA,"UTC"
"8413137.95773-122.19867","84131","37.95773-122.19867","Briones Hill",-122.19867,37.95773,182.5752,"US",NA,NA,"UTC"
"8413337.37478-122.1096","84133","37.37478-122.1096","Yard",-122.1096,37.37478,61.5696,"US",NA,NA,"UTC"
"8413734.06528-118.43642","84137","34.06528-118.43642","Westwood - Glenmont",-118.43642,34.06528,109.1184,"US",NA,NA,"UTC"
"8414138.30405-122.29159","84141","38.30405-122.29159","Paper Planes HQ",-122.29159,38.30405,8.5344,"US",NA,NA,"UTC"
"8414937.90175-122.1769","84149","37.90175-122.1769","Tiger Tail",-122.1769,37.90175,248.1072,"US",NA,NA,"UTC"
"8416737.65339-122.02057","84167","37.65339-122.02057","Bailey Ranch",-122.02057,37.65339,352.6536,"US",NA,NA,"UTC"
"8417734.19137-118.75309","84177","34.19137-118.75309","Lambourne",-118.75309,34.19137,423.672,"US",NA,NA,"UTC"
"8417937.50418-122.47607","84179","37.50418-122.47607","Sweet Sweet Palma Street",-122.47607,37.50418,15.5448,"US",NA,NA,"UTC"
"8418136.06274-118.85992","84181","36.06274-118.85992","MartinRanch",-118.85992,36.06274,247.8024,"US",NA,NA,"UTC"
"8419737.83772-122.18765","84197","37.83772-122.18765","Manzanita Ridge",-122.18765,37.83772,414.528,"US",NA,NA,"UTC"
"8420737.36076-121.80035","84207","37.36076-121.80035","Warner Drive",-121.80035,37.36076,110.3376,"US",NA,NA,"UTC"
"8421337.42033-122.23452","84213","37.42033-122.23452","Horse Park GP Arena",-122.23452,37.42033,133.8072,"US",NA,NA,"UTC"
"8421537.11824-121.96298","84215","37.11824-121.96298","Schulties Rd",-121.96298,37.11824,276.4536,"US",NA,NA,"UTC"
"8421738.7676-120.95953","84217","38.7676-120.95953","4000 Luneman Rd",-120.95953,38.7676,391.9728,"US",NA,NA,"UTC"
"8422538.64302-121.74559","84225","38.64302-121.74559","Hollingsworth",-121.74559,38.64302,12.192,"US",NA,NA,"UTC"
"8423132.65073-116.36581","84231","32.65073-116.36581","CampoEPA Building",-116.36581,32.65073,1006.4496,"US",NA,NA,"UTC"
"8423332.64882-116.36738","84233","32.64882-116.36738","36665 highway 94",-116.36738,32.64882,991.5144,"US",NA,NA,"UTC"
"8424737.98123-122.5685","84247","37.98123-122.5685","FM Park Dr Outside",-122.5685,37.98123,24.0792,"US",NA,NA,"UTC"
"8424936.98159-121.87064","84249","36.98159-121.87064","Huntington Ct",-121.87064,36.98159,103.3272,"US",NA,NA,"UTC"
"8425533.71753-116.3651","84255","33.71753-116.3651","Palm Desert",-116.3651,33.71753,70.7136,"US",NA,NA,"UTC"
"8426135.26494-120.69507","84261","35.26494-120.69507","Laguna Lake Area",-120.69507,35.26494,39.3192,"US",NA,NA,"UTC"
"8426336.90566-116.76205","84263","36.90566-116.76205","Bullfrog Mining District",-116.76205,36.90566,1010.412,"US",NA,NA,"UTC"
"8426737.46538-122.25515","84267","37.46538-122.25515","Faded Giant",-122.25515,37.46538,87.7824,"US",NA,NA,"UTC"
"8426937.44767-120.08596","84269","37.44767-120.08596","Mud Daubers Pottery",-120.08596,37.44767,475.1832,"US",NA,NA,"UTC"
"8427337.84162-122.026","84273","37.84162-122.026","Creative Learning Center",-122.026,37.84162,93.8784,"US",NA,NA,"UTC"
"8427538.7253-121.27739","84275","38.7253-121.27739","Koi Heaven",-121.27739,38.7253,54.864,"US",NA,NA,"UTC"
"8427738.52939-121.23369","84277","38.52939-121.23369","Kavala Ranch",-121.23369,38.52939,49.3776,"US",NA,NA,"UTC"
"8428336.992-121.91917","84283","36.992-121.91917","Haas &amp; Las Lomas Dr",-121.91917,36.992,113.3856,"US",NA,NA,"UTC"
"8431933.74692-118.33154","84319","33.74692-118.33154","Crownview",-118.33154,33.74692,379.7808,"US",NA,NA,"UTC"
"8432334.18091-118.6479","84323","34.18091-118.6479","Lockhurst Sensor",-118.6479,34.18091,269.1384,"US",NA,NA,"UTC"
"8432537.55236-122.28137","84325","37.55236-122.28137","Foster City Spinnaker Cove",-122.28137,37.55236,1.524,"US",NA,NA,"UTC"
"8433137.00655-121.83728","84331","37.00655-121.83728","Light Springs Road",-121.83728,37.00655,239.5728,"US",NA,NA,"UTC"
"8433533.87609-118.36251","84335","33.87609-118.36251","North RB: Artesia Blvd\/Inglewood Ave",-118.36251,33.87609,35.6616,"US",NA,NA,"UTC"
"8434337.32112-122.33975","84343","37.32112-122.33975","San Gregorio",-122.33975,37.32112,52.4256,"US",NA,NA,"UTC"
"8436937.91384-122.06844","84369","37.91384-122.06844","ViaRoyal",-122.06844,37.91384,47.8536,"US",NA,NA,"UTC"
"8437537.97467-122.08992","84375","37.97467-122.08992","DVE",-122.08992,37.97467,59.436,"US",NA,NA,"UTC"
"8439537.77791-122.27074","84395","37.77791-122.27074","9th and Buena Vista  Alameda West-End",-122.27074,37.77791,3.6576,"US",NA,NA,"UTC"
"8441933.03518-117.19263","84419","33.03518-117.19263","RSF-out",-117.19263,33.03518,87.4776,"US",NA,NA,"UTC"
"8442139.27986-120.11768","84421","39.27986-120.11768","Silver Strike",-120.11768,39.27986,1883.0544,"US",NA,NA,"UTC"
"8443536.25125-118.78462","84435","36.25125-118.78462","Battle Mountain Ranch 2",-118.78462,36.25125,783.9456,"US",NA,NA,"UTC"
"8443934.01745-118.4369","84439","34.01745-118.4369","Granville and Rose",-118.4369,34.01745,36.2712,"US",NA,NA,"UTC"
"8444537.28684-122.00347","84445","37.28684-122.00347","Candy's House",-122.00347,37.28684,85.344,"US",NA,NA,"UTC"
"8445538.5992-121.29284","84455","38.5992-121.29284","Federspiel Park",-121.29284,38.5992,28.6512,"US",NA,NA,"UTC"
"8445738.40634-122.89612","84457","38.40634-122.89612","Char Siu Bao",-122.89612,38.40634,137.7696,"US",NA,NA,"UTC"
"8447738.61232-122.93613","84477","38.61232-122.93613","Wallace Creek - Upper Vineyard",-122.93613,38.61232,141.732,"US",NA,NA,"UTC"
"8448338.6953-120.06953","84483","38.6953-120.06953","Kirkwood Larkspur",-120.06953,38.6953,2380.1832,"US",NA,NA,"UTC"
"8448537.6555-122.4775","84485","37.6555-122.4775","Imperial Park",-122.4775,37.6555,189.5856,"US",NA,NA,"UTC"
"8449137.65749-122.09689","84491","37.65749-122.09689","Hayward Police Department",-122.09689,37.65749,22.2504,"US",NA,NA,"UTC"
"8450537.72317-122.43897","84505","37.72317-122.43897","Cayuga&amp;Ocean",-122.43897,37.72317,43.8912,"US",NA,NA,"UTC"
"8451337.16196-121.62413","84513","37.16196-121.62413","Anderson Dam Look Out",-121.62413,37.16196,293.8272,"US",NA,NA,"UTC"
"8452932.8249-117.21435","84529","32.8249-117.21435","4400 Blk Moraga Ave. Outside",-117.21435,32.8249,97.8408,"US",NA,NA,"UTC"
"8456132.95393-117.25846","84561","32.95393-117.25846","Hoska Dr Del Mar",-117.25846,32.95393,86.868,"US",NA,NA,"UTC"
"8457138.38673-122.49155","84571","38.38673-122.49155","Mid-Trinity",-122.49155,38.38673,361.4928,"US",NA,NA,"UTC"
"8458136.98461-121.98995","84581","36.98461-121.98995","car wash",-121.98995,36.98461,28.0416,"US",NA,NA,"UTC"
"8458938.34083-122.51241","84589","38.34083-122.51241","DnM Thomas ST",-122.51241,38.34083,56.0832,"US",NA,NA,"UTC"
"8459135.77175-118.44368","84591","35.77175-118.44368","Like2Breathe",-118.44368,35.77175,864.4128,"US",NA,NA,"UTC"
"8459937.87825-122.04257","84599","37.87825-122.04257","Layman Ct Outside",-122.04257,37.87825,147.5232,"US",NA,NA,"UTC"
"8463337.39345-122.11929","84633","37.39345-122.11929","Linden",-122.11929,37.39345,35.6616,"US",NA,NA,"UTC"
"8464937.77168-122.39175","84649","37.77168-122.39175","Connecticut and Mariposa",-122.39175,37.77168,2.7432,"US",NA,NA,"UTC"
"8468939.23141-120.00283","84689","39.23141-120.00283","Stillwater",-120.00283,39.23141,1941.576,"US",NA,NA,"UTC"
"8469338.42837-122.66535","84693","38.42837-122.66535","Reed_Home",-122.66535,38.42837,74.676,"US",NA,NA,"UTC"
"8469537.08309-121.78185","84695","37.08309-121.78185","Uvas Canyon",-121.78185,37.08309,332.8416,"US",NA,NA,"UTC"
"8469938.4676-122.6456","84699","38.4676-122.6456","Deck",-122.6456,38.4676,104.8512,"US",NA,NA,"UTC"
"8470737.99697-122.09236","84707","37.99697-122.09236","Sunhill Ct.  Martinez",-122.09236,37.99697,42.3672,"US",NA,NA,"UTC"
"8471137.8478-122.23913","84711","37.8478-122.23913","The College Preparatory School",-122.23913,37.8478,96.012,"US",NA,NA,"UTC"
"8471938.3194-122.44471","84719","38.3194-122.44471","Sentinel Oak",-122.44471,38.3194,313.3344,"US",NA,NA,"UTC"
"8472137.81462-122.22723","84721","37.81462-122.22723","Ashmount",-122.22723,37.81462,93.5736,"US",NA,NA,"UTC"
"8473337.73033-122.44235","84733","37.73033-122.44235","Sunnyside - Congo",-122.44235,37.73033,61.5696,"US",NA,NA,"UTC"
"8477936.8226-119.64845","84779","36.8226-119.64845","Bullard Avenue",-119.64845,36.8226,121.0056,"US",NA,NA,"UTC"
"8479534.20066-118.17186","84795","34.20066-118.17186","PurpleAir Sensor 16",-118.17186,34.20066,354.7872,"US",NA,NA,"UTC"
"8482137.56968-122.26546","84821","37.56968-122.26546","Kids Connection",-122.26546,37.56968,2.1336,"US",NA,NA,"UTC"
"8488338.66261-122.81718","84883","38.66261-122.81718","Stonestreet Winery Outside",-122.81718,38.66261,63.7032,"US",NA,NA,"UTC"
"8488537.24971-121.97187","84885","37.24971-121.97187","zena ave",-121.97187,37.24971,113.0808,"US",NA,NA,"UTC"
"8488737.97701-122.50882","84887","37.97701-122.50882","Deer Park Deck",-122.50882,37.97701,82.296,"US",NA,NA,"UTC"
"8488937.50919-122.47369","84889","37.50919-122.47369","oA",-122.47369,37.50919,48.1584,"US",NA,NA,"UTC"
"8489937.81211-122.01592","84899","37.81211-122.01592","Montair Court",-122.01592,37.81211,309.9816,"US",NA,NA,"UTC"
"8490137.436-122.19764","84901","37.436-122.19764","Santa Cruz Ave (Between Orange and Lemon)",-122.19764,37.436,33.2232,"US",NA,NA,"UTC"
"8491538.35515-122.78007","84915","38.35515-122.78007","Hessel Road Area",-122.78007,38.35515,39.0144,"US",NA,NA,"UTC"
"8492337.7993-122.19961","84923","37.7993-122.19961","Laurel",-122.19961,37.7993,84.4296,"US",NA,NA,"UTC"
"8492537.45034-122.23937","84925","37.45034-122.23937","230 Woodside Drive",-122.23937,37.45034,51.2064,"US",NA,NA,"UTC"
"8494337.85222-122.11757","84943","37.85222-122.11757","SHKIM",-122.11757,37.85222,262.128,"US",NA,NA,"UTC"
"8494538.44339-121.83415","84945","38.44339-121.83415","Sievers Park",-121.83415,38.44339,19.2024,"US",NA,NA,"UTC"
"8494739.61302-119.67802","84947","39.61302-119.67802","Sparks  NV",-119.67802,39.61302,1370.076,"US",NA,NA,"UTC"
"8494933.67951-117.82306","84949","33.67951-117.82306","PXVS_Las_Cruces",-117.82306,33.67951,17.3736,"US",NA,NA,"UTC"
"8495337.82678-121.94222","84953","37.82678-121.94222","FCP",-121.94222,37.82678,206.0448,"US",NA,NA,"UTC"
"8495738.28999-122.54876","84957","38.28999-122.54876","LTR",-122.54876,38.28999,454.4568,"US",NA,NA,"UTC"
"8496333.12409-117.25303","84963","33.12409-117.25303","Kurisu's",-117.25303,33.12409,123.7488,"US",NA,NA,"UTC"
"8497337.45289-122.16054","84973","37.45289-122.16054","Willows Outside",-122.16054,37.45289,16.764,"US",NA,NA,"UTC"
"8499332.95642-117.24267","84993","32.95642-117.24267","Carmel Valley  SD",-117.24267,32.95642,100.2792,"US",NA,NA,"UTC"
"8499737.31518-122.04274","84997","37.31518-122.04274","Red Fir Ct",-122.04274,37.31518,91.1352,"US",NA,NA,"UTC"
"8500734.14758-117.69554","85007","34.14758-117.69554","Claremont  CA",-117.69554,34.14758,563.5752,"US",NA,NA,"UTC"
"8500937.42256-122.1028","85009","37.42256-122.1028","Moldaw South",-122.1028,37.42256,3.3528,"US",NA,NA,"UTC"
"8501339.23389-123.33279","85013","39.23389-123.33279","Greenfield Ranch \/ 2 000\u2019 elevation",-123.33279,39.23389,591.6168,"US",NA,NA,"UTC"
"8501538.47074-121.36441","85015","38.47074-121.36441","Giant Panda Outdoor",-121.36441,38.47074,14.6304,"US",NA,NA,"UTC"
"8506339.74735-121.86085","85063","39.74735-121.86085","Hoopa",-121.86085,39.74735,57.6072,"US",NA,NA,"UTC"
"8506737.8941-121.61073","85067","37.8941-121.61073","CYPRESS POINT",-121.61073,37.8941,4.2672,"US",NA,NA,"UTC"
"8506933.5939-117.7195","85069","33.5939-117.7195","Glenwood Terrace",-117.7195,33.5939,112.776,"US",NA,NA,"UTC"
"8507137.81041-122.20853","85071","37.81041-122.20853","HOOVER",-122.20853,37.81041,126.1872,"US",NA,NA,"UTC"
"8508137.46388-122.16599","85081","37.46388-122.16599","510 Berkeley Ave Outside",-122.16599,37.46388,13.4112,"US",NA,NA,"UTC"
"8508338.68723-121.09602","85083","38.68723-121.09602","Padova",-121.09602,38.68723,176.784,"US",NA,NA,"UTC"
"8508937.8512-122.16564","85089","37.8512-122.16564","Lost Valley and Snow Court",-122.16564,37.8512,206.6544,"US",NA,NA,"UTC"
"8509537.8646-122.25281","85095","37.8646-122.25281","Etna St.",-122.25281,37.8646,92.964,"US",NA,NA,"UTC"
"8509937.91576-122.02314","85099","37.91576-122.02314","Walnut Ave &amp; Dover Dr",-122.02314,37.91576,47.8536,"US",NA,NA,"UTC"
"8510136.9684-122.04089","85101","36.9684-122.04089","Trescony Backyard",-122.04089,36.9684,26.5176,"US",NA,NA,"UTC"
"8512137.71394-122.45934","85121","37.71394-122.45934","Heimat der G\u00E4ste",-122.45934,37.71394,98.1456,"US",NA,NA,"UTC"
"8514733.28671-116.92072","85147","33.28671-116.92072","Red Gate",-116.92072,33.28671,710.7936,"US",NA,NA,"UTC"
"8514938.36429-122.80345","85149","38.36429-122.80345","Lone Pine Village",-122.80345,38.36429,62.7888,"US",NA,NA,"UTC"
"8516537.83695-122.1999","85165","37.83695-122.1999","Lodge Court",-122.1999,37.83695,384.9624,"US",NA,NA,"UTC"
"8523535.32888-120.84231","85235","35.32888-120.84231","Hank's",-120.84231,35.32888,6.096,"US",NA,NA,"UTC"
"8524937.22767-122.15078","85249","37.22767-122.15078","Cloud9",-122.15078,37.22767,588.8736,"US",NA,NA,"UTC"
"8525137.7211-122.02889","85251","37.7211-122.02889","Whaler's Village @ Morton Place",-122.02889,37.7211,279.8064,"US",NA,NA,"UTC"
"8526934.19708-116.14144","85269","34.19708-116.14144","Desert Heights",-116.14144,34.19708,693.42,"US",NA,NA,"UTC"
"8528937.73817-122.39706","85289","37.73817-122.39706","Joey",-122.39706,37.73817,10.668,"US",NA,NA,"UTC"
"8529137.06875-119.41109","85291","37.06875-119.41109","Bald Mountain Road",-119.41109,37.06875,1416.4056,"US",NA,NA,"UTC"
"8529337.89492-122.2764","85293","37.89492-122.2764","Contra Costa",-122.2764,37.89492,87.1728,"US",NA,NA,"UTC"
"8529941.3471-122.35661","85299","41.3471-122.35661","Stellar View",-122.35661,41.3471,1157.9352,"US",NA,NA,"UTC"
"8531338.49342-122.83017","85313","38.49342-122.83017","La Crema Saralee Estate",-122.83017,38.49342,29.5656,"US",NA,NA,"UTC"
"8531737.37584-122.09486","85317","37.37584-122.09486","Jazzy Outdoor",-122.09486,37.37584,44.196,"US",NA,NA,"UTC"
"8532137.49696-122.29486","85321","37.49696-122.29486","Mayflower lane",-122.29486,37.49696,239.268,"US",NA,NA,"UTC"
"8535934.12163-118.32282","85359","34.12163-118.32282","Hollywoodland",-118.32282,34.12163,249.3264,"US",NA,NA,"UTC"
"8536537.42016-122.24927","85365","37.42016-122.24927","KCAWOODS6",-122.24927,37.42016,108.8136,"US",NA,NA,"UTC"
"8537334.17278-118.22332","85373","34.17278-118.22332","Sherer",-118.22332,34.17278,297.4848,"US",NA,NA,"UTC"
"8537538.46214-122.69714","85375","38.46214-122.69714","Montecito Hts",-122.69714,38.46214,131.3688,"US",NA,NA,"UTC"
"8537737.98266-121.75131","85377","37.98266-121.75131","CCWD - Antioch Service Center",-121.75131,37.98266,32.6136,"US",NA,NA,"UTC"
"8537938.41065-122.71944","85379","38.41065-122.71944","Hughes Ave.",-122.71944,38.41065,38.7096,"US",NA,NA,"UTC"
"8538538.55123-121.4823","85385","38.55123-121.4823","Highland Eagle\u2019s Nest",-121.4823,38.55123,8.5344,"US",NA,NA,"UTC"
"8538937.80198-121.89275","85389","37.80198-121.89275","Shadow Creek  Danville",-121.89275,37.80198,238.3536,"US",NA,NA,"UTC"
"8540137.32865-121.91567","85401","37.32865-121.91567","Martin Ave",-121.91567,37.32865,32.004,"US",NA,NA,"UTC"
"8541539.58238-119.73498","85415","39.58238-119.73498","Galleria",-119.73498,39.58238,1356.0552,"US",NA,NA,"UTC"
"8546938.3999-122.69609","85469","38.3999-122.69609","Bees N Blooms-Outside",-122.69609,38.3999,58.8264,"US",NA,NA,"UTC"
"8547134.24147-118.23605","85471","34.24147-118.23605","Seapine",-118.23605,34.24147,656.844,"US",NA,NA,"UTC"
"8547537.63-119.0835","85475","37.63-119.0835","Devils Postpile Ranger Station",-119.0835,37.63,2308.2504,"US",NA,NA,"UTC"
"8547937.23179-118.29537","85479","37.23179-118.29537","Owens Valley Radio Observatory",-118.29537,37.23179,1203.3504,"US",NA,NA,"UTC"
"8548138.69047-121.0005","85481","38.69047-121.0005","Pomo Court",-121.0005,38.69047,396.8496,"US",NA,NA,"UTC"
"8549536.77714-119.82079","85495","36.77714-119.82079","W. Cornell",-119.82079,36.77714,93.5736,"US",NA,NA,"UTC"
"8550136.97505-121.90288","85501","36.97505-121.90288","Wildcat Gulch",-121.90288,36.97505,16.764,"US",NA,NA,"UTC"
"8551337.75842-122.43076","85513","37.75842-122.43076","668 Sanchez",-122.43076,37.75842,92.6592,"US",NA,NA,"UTC"
"8552937.37111-122.01282","85529","37.37111-122.01282","Peppermint",-122.01282,37.37111,23.7744,"US",NA,NA,"UTC"
"8553537.55821-122.06467","85535","37.55821-122.06467","NX Field",-122.06467,37.55821,3.9624,"US",NA,NA,"UTC"
"8554737.43698-122.21571","85547","37.43698-122.21571","WoodPeckersRoost",-122.21571,37.43698,39.0144,"US",NA,NA,"UTC"
"8555137.78562-122.42785","85551","37.78562-122.42785","Sequoia Rooftop",-122.42785,37.78562,58.8264,"US",NA,NA,"UTC"
"8555934.08443-118.6924","85559","34.08443-118.6924","Monte Nido",-118.6924,34.08443,171.2976,"US",NA,NA,"UTC"
"8556337.92857-121.6997","85563","37.92857-121.6997","John Dodson",-121.6997,37.92857,24.9936,"US",NA,NA,"UTC"
"8557537.09469-122.11423","85575","37.09469-122.11423","Sunrise",-122.11423,37.09469,317.6016,"US",NA,NA,"UTC"
"8557738.45297-122.69524","85577","38.45297-122.69524","Korriban",-122.69524,38.45297,59.7408,"US",NA,NA,"UTC"
"8558537.07791-120.12091","85585","37.07791-120.12091","22004 Rd. 24 Madera  CA 93638",-120.12091,37.07791,85.9536,"US",NA,NA,"UTC"
"8558937.42891-121.80396","85589","37.42891-121.80396","unincorporated Santa Clara County",-121.80396,37.42891,520.5984,"US",NA,NA,"UTC"
"8559137.82415-122.18963","85591","37.82415-122.18963","6550 Longwalk",-122.18963,37.82415,386.7912,"US",NA,NA,"UTC"
"8559738.06551-122.83048","85597","38.06551-122.83048","10 Drake Summit",-122.83048,38.06551,124.6632,"US",NA,NA,"UTC"
"8559939.12675-120.16107","85599","39.12675-120.16107","LP Hurricane",-120.16107,39.12675,1900.428,"US",NA,NA,"UTC"
"8560938.63235-121.28722","85609","38.63235-121.28722","Sacramento Waldorf School",-121.28722,38.63235,26.8224,"US",NA,NA,"UTC"
"8561536.83982-119.83463","85615","36.83982-119.83463","Palazzo\u2019D",-119.83463,36.83982,101.8032,"US",NA,NA,"UTC"
"8562133.8593-118.3872","85621","33.8593-118.3872","Hermosa Hill",-118.3872,33.8593,55.7784,"US",NA,NA,"UTC"
"8562933.86165-118.38216","85629","33.86165-118.38216","HomeRedondo",-118.38216,33.86165,51.816,"US",NA,NA,"UTC"
"8563139.09808-121.6571","85631","39.09808-121.6571","Bogue Road",-121.6571,39.09808,14.9352,"US",NA,NA,"UTC"
"8563737.72581-120.34634","85637","37.72581-120.34634","Lake House",-120.34634,37.72581,428.8536,"US",NA,NA,"UTC"
"8564132.84436-117.26479","85641","32.84436-117.26479","spider",-117.26479,32.84436,98.4504,"US",NA,NA,"UTC"
"8564534.26045-118.33701","85645","34.26045-118.33701","AEnv",-118.33701,34.26045,378.8664,"US",NA,NA,"UTC"
"8564732.66206-117.00535","85647","32.66206-117.00535","Bonita  CA",-117.00535,32.66206,114.9096,"US",NA,NA,"UTC"
"8565332.96955-117.16286","85653","32.96955-117.16286","Torrey Del Mar",-117.16286,32.96955,101.1936,"US",NA,NA,"UTC"
"8566537.75545-122.44043","85665","37.75545-122.44043","162 Grand View Ave",-122.44043,37.75545,121.92,"US",NA,NA,"UTC"
"8566737.76747-122.43192","85667","37.76747-122.43192","14th and Sanchez",-122.43192,37.76747,39.0144,"US",NA,NA,"UTC"
"8566936.72741-118.15282","85669","36.72741-118.15282","MANZ VC",-118.15282,36.72741,1182.624,"US",NA,NA,"UTC"
"8570138.41338-122.97141","85701","38.41338-122.97141","Western Hills Garden",-122.97141,38.41338,318.516,"US",NA,NA,"UTC"
"8570337.68421-121.74741","85703","37.68421-121.74741","Husin\u2019s Habitat",-121.74741,37.68421,163.068,"US",NA,NA,"UTC"
"8570737.3184-122.07147","85707","37.3184-122.07147","McKlintock",-122.07147,37.3184,127.1016,"US",NA,NA,"UTC"
"8571138.41894-122.94373","85711","38.41894-122.94373","Hillcrest Avenue",-122.94373,38.41894,241.7064,"US",NA,NA,"UTC"
"8571938.79321-122.52621","85719","38.79321-122.52621","Yankee O2",-122.52621,38.79321,387.4008,"US",NA,NA,"UTC"
"8572137.57159-122.38532","85721","37.57159-122.38532","Bella Vista Dr",-122.38532,37.57159,151.7904,"US",NA,NA,"UTC"
"8572337.07502-122.04192","85723","37.07502-122.04192","Ryder Road",-122.04192,37.07502,236.5248,"US",NA,NA,"UTC"
"8572538.32424-122.27315","85725","38.32424-122.27315","Silverado",-122.27315,38.32424,10.668,"US",NA,NA,"UTC"
"8572937.80051-118.52859","85729","37.80051-118.52859","Inn at Benton Hot Springs",-118.52859,37.80051,1714.5,"US",NA,NA,"UTC"
"8574334.24838-117.18275","85743","34.24838-117.18275","Cabin",-117.18275,34.24838,1598.676,"US",NA,NA,"UTC"
"8576737.9761-122.01518","85767","37.9761-122.01518","El Monte Concord",-122.01518,37.9761,37.7952,"US",NA,NA,"UTC"
"8577137.65624-122.01292","85771","37.65624-122.01292","Stonebrae",-122.01292,37.65624,391.9728,"US",NA,NA,"UTC"
"8577939.19053-123.75781","85779","39.19053-123.75781","Albion\/Navarro Beach",-123.75781,39.19053,13.4112,"US",NA,NA,"UTC"
"8578338.42251-122.96082","85783","38.42251-122.96082","Camp Meeker - South Hill",-122.96082,38.42251,184.404,"US",NA,NA,"UTC"
"8579133.60152-117.86439","85791","33.60152-117.86439","Musiny",-117.86439,33.60152,67.056,"US",NA,NA,"UTC"
"8579937.31365-121.91962","85799","37.31365-121.91962","College Dr.",-121.91962,37.31365,41.4528,"US",NA,NA,"UTC"
"8580337.75951-122.39407","85803","37.75951-122.39407","541 Mississippi",-122.39407,37.75951,43.8912,"US",NA,NA,"UTC"
"8580738.44089-122.69343","85807","38.44089-122.69343","MixedGreens1",-122.69343,38.44089,58.2168,"US",NA,NA,"UTC"
"8581137.1386-121.59463","85811","37.1386-121.59463","16605 Oak View Circle",-121.59463,37.1386,268.224,"US",NA,NA,"UTC"
"8581737.35223-121.87484","85817","37.35223-121.87484","Northside SJ",-121.87484,37.35223,27.432,"US",NA,NA,"UTC"
"8581937.73053-121.91515","85819","37.73053-121.91515","Heke Bentley Oak Ct",-121.91515,37.73053,142.0368,"US",NA,NA,"UTC"
"8582537.78965-122.4855","85825","37.78965-122.4855","Baker Beach",-122.4855,37.78965,17.6784,"US",NA,NA,"UTC"
"8582739.31224-120.15585","85827","39.31224-120.15585","Tahoe Expedition Academy",-120.15585,39.31224,1809.5976,"US",NA,NA,"UTC"
"8582934.18276-118.19539","85829","34.18276-118.19539","Regent Park Drive",-118.19539,34.18276,413.3088,"US",NA,NA,"UTC"
"8585938.11128-122.58641","85859","38.11128-122.58641","fox den",-122.58641,38.11128,13.4112,"US",NA,NA,"UTC"
"8586737.79947-122.41238","85867","37.79947-122.41238","Green\/Mason TIC",-122.41238,37.79947,43.5864,"US",NA,NA,"UTC"
"8586938.13019-120.43239","85869","38.13019-120.43239","Near Indian Rock Winery in Big Valley",-120.43239,38.13019,653.796,"US",NA,NA,"UTC"
"8588137.92003-122.49963","85881","37.92003-122.49963","East Corte Madera",-122.49963,37.92003,3.3528,"US",NA,NA,"UTC"
"8590740.6511-122.5932","85907","40.6511-122.5932","Whiskeytown NRA - Oak Bottom Fire Station",-122.5932,40.6511,377.3424,"US",NA,NA,"UTC"
"8591141.71461-121.5053","85911","41.71461-121.5053","Lava Beds Research Center",-121.5053,41.71461,1435.9128,"US",NA,NA,"UTC"
"8591337.79765-119.86109","85913","37.79765-119.86109","YOSE @ Hodgdon Meadows",-119.86109,37.79765,1426.464,"US",NA,NA,"UTC"
"8592732.849-117.2082","85927","32.849-117.2082","UC South",-117.2082,32.849,99.3648,"US",NA,NA,"UTC"
"8595737.45099-122.201","85957","37.45099-122.201","Menlo Circus Club",-122.201,37.45099,23.1648,"US",NA,NA,"UTC"
"8597137.49484-122.2652","85971","37.49484-122.2652","tacobellheights",-122.2652,37.49484,28.956,"US",NA,NA,"UTC"
"8598534.14786-118.45907","85985","34.14786-118.45907","Kester Av",-118.45907,34.14786,223.1136,"US",NA,NA,"UTC"
"8601738.10532-122.49751","86017","38.10532-122.49751","91 Oak Ave  Novato  CA 94945",-122.49751,38.10532,24.6888,"US",NA,NA,"UTC"
"8601937.89585-122.25616","86019","37.89585-122.25616","Wildcat and Central Park Drive",-122.25616,37.89585,285.5976,"US",NA,NA,"UTC"
"8602738.04661-121.38214","86027","38.04661-121.38214","Stockton Spanos West",-121.38214,38.04661,0.3048,"US",NA,NA,"UTC"
"8603137.23564-121.93628","86031","37.23564-121.93628","Pentahouse",-121.93628,37.23564,123.7488,"US",NA,NA,"UTC"
"8603934.71585-120.46298","86039","34.71585-120.46298","Oak Hill Dr &amp; Stanford Circle",-120.46298,34.71585,126.7968,"US",NA,NA,"UTC"
"8606137.24765-121.99384","86061","37.24765-121.99384","Becky House",-121.99384,37.24765,127.7112,"US",NA,NA,"UTC"
"8607134.1195-118.22425","86071","34.1195-118.22425","Invalid",-118.22425,34.1195,163.3728,"US",NA,NA,"UTC"
"8607338.00581-122.49654","86073","38.00581-122.49654","Back Ranch Meadows Campground",-122.49654,38.00581,11.5824,"US",NA,NA,"UTC"
"8607534.12482-118.44569","86075","34.12482-118.44569","Beverly Glen",-118.44569,34.12482,347.1672,"US",NA,NA,"UTC"
"8611138.55657-121.24062","86111","38.55657-121.24062","Anatolia",-121.24062,38.55657,52.7304,"US",NA,NA,"UTC"
"8611537.33651-122.02945","86115","37.33651-122.02945","Via Sorrento",-122.02945,37.33651,62.484,"US",NA,NA,"UTC"
"8612137.84897-122.28684","86121","37.84897-122.28684","Fratellanza Club",-122.28684,37.84897,12.4968,"US",NA,NA,"UTC"
"8612935.57304-117.65338","86129","35.57304-117.65338","Gateway trailhead",-117.65338,35.57304,807.72,"US",NA,NA,"UTC"
"8613138.39207-122.93428","86131","38.39207-122.93428","Bohemian  Occidental",-122.93428,38.39207,105.4608,"US",NA,NA,"UTC"
"8613337.94127-122.10633","86133","37.94127-122.10633","Baywood: Stage Coach Drive at Winchester",-122.10633,37.94127,96.3168,"US",NA,NA,"UTC"
"8614337.10442-121.64241","86143","37.10442-121.64241","TheBatCave",-121.64241,37.10442,99.9744,"US",NA,NA,"UTC"
"8614537.35088-122.21302","86145","37.35088-122.21302","Rapley Trail",-122.21302,37.35088,368.1984,"US",NA,NA,"UTC"
"8614937.86859-122.16567","86149","37.86859-122.16567","Valley Court  Orinda  CA 94563",-122.16567,37.86859,197.5104,"US",NA,NA,"UTC"
"8618534.09981-118.26662","86185","34.09981-118.26662","Silver Lake",-118.26662,34.09981,140.8176,"US",NA,NA,"UTC"
"8619738.46977-120.9493","86197","38.46977-120.9493","Plymouth  CA (FTR)",-120.9493,38.46977,178.0032,"US",NA,NA,"UTC"
"8619937.24939-121.97566","86199","37.24939-121.97566","La Rinconada Country Club",-121.97566,37.24939,115.5192,"US",NA,NA,"UTC"
"8621535.32215-119.11547","86215","35.32215-119.11547","C. Latimer backyard",-119.11547,35.32215,110.6424,"US",NA,NA,"UTC"
"8622137.32738-122.0781","86221","37.32738-122.0781","Razor Crest",-122.0781,37.32738,138.0744,"US",NA,NA,"UTC"
"8623538.33839-122.5791","86235","38.33839-122.5791","Rivendell",-122.5791,38.33839,660.1968,"US",NA,NA,"UTC"
"8624538.70614-123.4381","86245","38.70614-123.4381","Spring Meadow",-123.4381,38.70614,95.4024,"US",NA,NA,"UTC"
"8627738.595-122.455","86277","38.595-122.455","Mission Vineyard",-122.455,38.595,629.412,"US",NA,NA,"UTC"
"8631334.14426-118.81384","86313","34.14426-118.81384","White Oak Elementary School",-118.81384,34.14426,274.32,"US",NA,NA,"UTC"
"8631936.87683-119.52106","86319","36.87683-119.52106","Quail Oaks West - Church Residence",-119.52106,36.87683,201.168,"US",NA,NA,"UTC"
"8634736.56546-118.09596","86347","36.56546-118.09596","LonePineSteve",-118.09596,36.56546,1402.9944,"US",NA,NA,"UTC"
"8636937.8736-122.17939","86369","37.8736-122.17939","Camino Encinas",-122.17939,37.8736,153.0096,"US",NA,NA,"UTC"
"8639137.6001-121.92042","86391","37.6001-121.92042","Brightside Ranch",-121.92042,37.6001,87.4776,"US",NA,NA,"UTC"
"8643534.14035-118.65257","86435","34.14035-118.65257","Bay Laurel Elementary School",-118.65257,34.14035,343.5096,"US",NA,NA,"UTC"
"8645138.61031-121.28336","86451","38.61031-121.28336","Sonata Drive",-121.28336,38.61031,32.004,"US",NA,NA,"UTC"
"8645937.64452-121.94277","86459","37.64452-121.94277","Sunol Ridge",-121.94277,37.64452,547.4208,"US",NA,NA,"UTC"
"8646137.72879-122.4451","86461","37.72879-122.4451","Sunnyside-StaplesAve",-122.4451,37.72879,73.4568,"US",NA,NA,"UTC"
"8646337.65853-122.04315","86463","37.65853-122.04315","Parkside",-122.04315,37.65853,222.8088,"US",NA,NA,"UTC"
"8647537.95927-122.51626","86475","37.95927-122.51626","Bret Harte  San Rafael  CA  USA",-122.51626,37.95927,10.0584,"US",NA,NA,"UTC"
"8650537.45297-122.17517","86505","37.45297-122.17517","Burgess Pool",-122.17517,37.45297,18.8976,"US",NA,NA,"UTC"
"8651738.39465-122.92404","86517","38.39465-122.92404","Fiori Lane Farm",-122.92404,38.39465,180.1368,"US",NA,NA,"UTC"
"8652337.44011-122.17851","86523","37.44011-122.17851","CHC Palo Alto",-122.17851,37.44011,27.432,"US",NA,NA,"UTC"
"8654333.0082-117.19038","86543","33.0082-117.19038","Ranch South Outside",-117.19038,33.0082,15.5448,"US",NA,NA,"UTC"
"8654538.65055-121.0896","86545","38.65055-121.0896","OutInTheOpen",-121.0896,38.65055,206.0448,"US",NA,NA,"UTC"
"8655933.75025-118.29792","86559","33.75025-118.29792","Lower Peck Park  San Pedro  CA",-118.29792,33.75025,49.9872,"US",NA,NA,"UTC"
"8661137.98446-122.537","86611","37.98446-122.537","Edgewood Way  San Rafael  CA",-122.537,37.98446,156.972,"US",NA,NA,"UTC"
"8666138.10285-122.86055","86661","38.10285-122.86055","Rannoch",-122.86055,38.10285,29.2608,"US",NA,NA,"UTC"
"8666937.44774-122.21328","86669","37.44774-122.21328","Maison_B",-122.21328,37.44774,25.908,"US",NA,NA,"UTC"
"8669537.33209-121.94324","86695","37.33209-121.94324","San Jose Calif",-121.94324,37.33209,32.3088,"US",NA,NA,"UTC"
"8670540.92219-124.07293","86705","40.92219-124.07293","AzaliaHills",-124.07293,40.92219,89.916,"US",NA,NA,"UTC"
"8676137.65753-122.38206","86761","37.65753-122.38206","B9 North AHU-5012",-122.38206,37.65753,4.572,"US",NA,NA,"UTC"
"8687933.91819-117.33302","86879","33.91819-117.33302","Crestbrool",-117.33302,33.91819,492.8616,"US",NA,NA,"UTC"
"8688539.09007-119.81701","86885","39.09007-119.81701","Alpine View Estates",-119.81701,39.09007,1575.5112,"US",NA,NA,"UTC"
"8688737.10394-121.65795","86887","37.10394-121.65795","Lavista Ranch",-121.65795,37.10394,121.0056,"US",NA,NA,"UTC"
"8690932.8574-117.20899","86909","32.8574-117.20899","University City - Radcliffe and Dennison",-117.20899,32.8574,110.6424,"US",NA,NA,"UTC"
"8691137.82039-122.12082","86911","37.82039-122.12082","1331",-122.12082,37.82039,170.3832,"US",NA,NA,"UTC"
"8692939.48627-119.75241","86929","39.48627-119.75241","toxic filth from fireplace 40yd NNW at 4306 V\u202Aiento Wy",-119.75241,39.48627,1342.0344,"US",NA,NA,"UTC"
"8693137.88548-122.15696","86931","37.88548-122.15696","Legion Ct",-122.15696,37.88548,156.6672,"US",NA,NA,"UTC"
"8693533.8934-118.39312","86935","33.8934-118.39312","Fresh Prince of Bel-Air Quality",-118.39312,33.8934,53.0352,"US",NA,NA,"UTC"
"8693937.13903-119.30385","86939","37.13903-119.30385","Shaver Lake Point",-119.30385,37.13903,1636.1664,"US",NA,NA,"UTC"
"8694337.64823-121.86863","86943","37.64823-121.86863","Bartlett Place",-121.86863,37.64823,121.6152,"US",NA,NA,"UTC"
"8694737.38126-122.10196","86947","37.38126-122.10196","500 E Edith",-122.10196,37.38126,47.244,"US",NA,NA,"UTC"
"8695133.95248-117.94851","86951","33.95248-117.94851","La Habra Heights East",-117.94851,33.95248,222.1992,"US",NA,NA,"UTC"
"8695738.46923-122.64945","86957","38.46923-122.64945","Marit-out Gene",-122.64945,38.46923,96.012,"US",NA,NA,"UTC"
"8696537.891-122.03046","86965","37.891-122.03046","Homez",-122.03046,37.891,90.2208,"US",NA,NA,"UTC"
"8699737.66917-121.72926","86997","37.66917-121.72926","McLarren",-121.72926,37.66917,181.0512,"US",NA,NA,"UTC"
"8699933.86671-118.37983","86999","33.86671-118.37983","Harriman",-118.37983,33.86671,32.6136,"US",NA,NA,"UTC"
"8700538.75514-123.51679","87005","38.75514-123.51679","Gualala Point Regional Park",-123.51679,38.75514,33.528,"US",NA,NA,"UTC"
"8700939.27603-120.15567","87009","39.27603-120.15567","Martis | Fallen Leaf Way",-120.15567,39.27603,1914.144,"US",NA,NA,"UTC"
"8708537.23858-121.8586","87085","37.23858-121.8586","6039 Allen Avenue",-121.8586,37.23858,53.6448,"US",NA,NA,"UTC"
"8708938.06036-122.81967","87089","38.06036-122.81967","Silver Hills  Point Reyes Station",-122.81967,38.06036,48.768,"US",NA,NA,"UTC"
"8711537.36958-122.16572","87115","37.36958-122.16572","MORA'S PLACE",-122.16572,37.36958,191.4144,"US",NA,NA,"UTC"
"8712137.48694-122.24621","87121","37.48694-122.24621","Redwood City",-122.24621,37.48694,12.4968,"US",NA,NA,"UTC"
"8712733.32479-117.24321","87127","33.32479-117.24321","Olive Hill Barn",-117.24321,33.32479,146.9136,"US",NA,NA,"UTC"
"8712933.97014-118.37188","87129","33.97014-118.37188","Voets front porch",-118.37188,33.97014,25.2984,"US",NA,NA,"UTC"
"8713739.2437-120.02788","87137","39.2437-120.02788","Speckled",-120.02788,39.2437,1928.7744,"US",NA,NA,"UTC"
"8714938.47228-122.69035","87149","38.47228-122.69035","Chanate Outside",-122.69035,38.47228,131.3688,"US",NA,NA,"UTC"
"8716739.50417-119.86183","87167","39.50417-119.86183","4080",-119.86183,39.50417,1417.0152,"US",NA,NA,"UTC"
"8718134.30411-118.51413","87181","34.30411-118.51413","Granada Hills",-118.51413,34.30411,430.6824,"US",NA,NA,"UTC"
"8718537.35352-122.02188","87185","37.35352-122.02188","Sunnyarts-2",-122.02188,37.35352,42.3672,"US",NA,NA,"UTC"
"8721932.90204-117.07056","87219","32.90204-117.07056","Scripps ranch",-117.07056,32.90204,258.4704,"US",NA,NA,"UTC"
"8725136.81605-119.8501","87251","36.81605-119.8501","Logan Park Air",-119.8501,36.81605,98.1456,"US",NA,NA,"UTC"
"8726138.50969-121.5091","87261","38.50969-121.5091","Alice Birney",-121.5091,38.50969,5.7912,"US",NA,NA,"UTC"
"8727737.67767-121.7433","87277","37.67767-121.7433","Oak Home",-121.7433,37.67767,167.64,"US",NA,NA,"UTC"
"8727938.77319-121.14657","87279","38.77319-121.14657","Walden Woods",-121.14657,38.77319,157.8864,"US",NA,NA,"UTC"
"8729737.94371-122.31475","87297","37.94371-122.31475","Arlington and Tulare",-122.31475,37.94371,90.2208,"US",NA,NA,"UTC"
"8730737.73866-122.16344","87307","37.73866-122.16344","Ashoka 1",-122.16344,37.73866,14.3256,"US",NA,NA,"UTC"
"8731534.14127-118.10995","87315","34.14127-118.10995","BerkeleyRoseVilla",-118.10995,34.14127,222.504,"US",NA,NA,"UTC"
"8731934.22633-118.05901","87319","34.22633-118.05901","CHARA W1",-118.05901,34.22633,1716.9384,"US",NA,NA,"UTC"
"8732334.17098-118.28316","87323","34.17098-118.28316","Glenwood",-118.28316,34.17098,174.3456,"US",NA,NA,"UTC"
"8733537.85194-122.28142","87335","37.85194-122.28142","Action House!",-122.28142,37.85194,19.812,"US",NA,NA,"UTC"
"8733737.89565-122.12902","87337","37.89565-122.12902","Hammond",-122.12902,37.89565,135.9408,"US",NA,NA,"UTC"
"8734338.5268-121.51082","87343","38.5268-121.51082","S Land Park",-121.51082,38.5268,4.572,"US",NA,NA,"UTC"
"8735534.14827-118.5075","87355","34.14827-118.5075","Encino  Luverne Pl",-118.5075,34.14827,327.3552,"US",NA,NA,"UTC"
"8737337.99448-122.29933","87373","37.99448-122.29933","El Toro Way",-122.29933,37.99448,48.1584,"US",NA,NA,"UTC"
"8738337.78112-122.5067","87383","37.78112-122.5067","Seal Rock",-122.5067,37.78112,90.5256,"US",NA,NA,"UTC"
"8739337.90431-122.27472","87393","37.90431-122.27472","330Rugby",-122.27472,37.90431,188.0616,"US",NA,NA,"UTC"
"8739533.60358-117.81286","87395","33.60358-117.81286","Coastal Canyon",-117.81286,33.60358,320.6496,"US",NA,NA,"UTC"
"8740137.40164-122.19773","87401","37.40164-122.19773","West_Floresta_Way",-122.19773,37.40164,104.5464,"US",NA,NA,"UTC"
"8741333.92765-117.84212","87413","33.92765-117.84212","Whistle Train Resort",-117.84212,33.92765,168.5544,"US",NA,NA,"UTC"
"8741534.19109-118.13345","87415","34.19109-118.13345","Back Patio",-118.13345,34.19109,421.2336,"US",NA,NA,"UTC"
"8742338.01463-122.69626","87423","38.01463-122.69626","Lagunitas",-122.69626,38.01463,82.296,"US",NA,NA,"UTC"
"8742938.46513-121.38427","87429","38.46513-121.38427","Duncan's PurpleAir",-121.38427,38.46513,12.4968,"US",NA,NA,"UTC"
"8743337.67052-121.87814","87433","37.67052-121.87814","Gatetree Circle",-121.87814,37.67052,105.156,"US",NA,NA,"UTC"
"8743538.27308-122.67423","87435","38.27308-122.67423","Worker2",-122.67423,38.27308,13.1064,"US",NA,NA,"UTC"
"8743738.11149-122.87941","87437","38.11149-122.87941","Via Sobrante",-122.87941,38.11149,98.7552,"US",NA,NA,"UTC"
"8744338.54016-121.43604","87443","38.54016-121.43604","Webber-Koz",-121.43604,38.54016,10.668,"US",NA,NA,"UTC"
"8744533.57777-117.70661","87445","33.57777-117.70661","Casa Tequila",-117.70661,33.57777,83.82,"US",NA,NA,"UTC"
"8744937.95191-121.99167","87449","37.95191-121.99167","Crossings West",-121.99167,37.95191,83.5152,"US",NA,NA,"UTC"
"8747733.91886-118.32888","87477","33.91886-118.32888","Discovery",-118.32888,33.91886,16.1544,"US",NA,NA,"UTC"
"8749534.14455-118.42194","87495","34.14455-118.42194","fifi",-118.42194,34.14455,196.2912,"US",NA,NA,"UTC"
"8749938.92191-119.97675","87499","38.92191-119.97675","Reid",-119.97675,38.92191,1915.0584,"US",NA,NA,"UTC"
"8750537.89692-122.30744","87505","37.89692-122.30744","Bayside Commons",-122.30744,37.89692,13.716,"US",NA,NA,"UTC"
"8751337.31651-122.27314","87513","37.31651-122.27314","La Honda",-122.27314,37.31651,118.872,"US",NA,NA,"UTC"
"8751538.40832-121.3368","87515","38.40832-121.3368","Graphite Ct",-121.3368,38.40832,18.288,"US",NA,NA,"UTC"
"8751740.13847-123.90464","87517","40.13847-123.90464","Briceland",-123.90464,40.13847,556.26,"US",NA,NA,"UTC"
"8753537.23775-121.95416","87535","37.23775-121.95416","Air_Quality",-121.95416,37.23775,104.8512,"US",NA,NA,"UTC"
"8754138.47168-122.85692","87541","38.47168-122.85692","vineyard",-122.85692,38.47168,64.3128,"US",NA,NA,"UTC"
"8754337.91493-122.19373","87543","37.91493-122.19373","Bear Ridge Outside",-122.19373,37.91493,227.3808,"US",NA,NA,"UTC"
"8754538.09294-120.13053","87545","38.09294-120.13053","Long Barn - Pumping Station",-120.13053,38.09294,1517.2944,"US",NA,NA,"UTC"
"8754938.46967-122.69488","87549","38.46967-122.69488","Montecito Meadow",-122.69488,38.46967,106.0704,"US",NA,NA,"UTC"
"8755138.46109-120.56692","87551","38.46109-120.56692","Volcano Trail",-120.56692,38.46109,968.9592,"US",NA,NA,"UTC"
"8756734.03066-118.50588","87567","34.03066-118.50588","Purple Air",-118.50588,34.03066,60.6552,"US",NA,NA,"UTC"
"8757538.01049-120.26756","87575","38.01049-120.26756","Upper American River Dr.",-120.26756,38.01049,863.1936,"US",NA,NA,"UTC"
"8759338.00665-122.55539","87593","38.00665-122.55539","Skylion",-122.55539,38.00665,15.5448,"US",NA,NA,"UTC"
"8760135.24562-120.62709","87601","35.24562-120.62709","Islay Hill",-120.62709,35.24562,75.5904,"US",NA,NA,"UTC"
"8760738.86267-120.03924","87607","38.86267-120.03924","North Upper Truckee",-120.03924,38.86267,2004.06,"US",NA,NA,"UTC"
"8762334.29675-119.15391","87623","34.29675-119.15391","Wells",-119.15391,34.29675,58.8264,"US",NA,NA,"UTC"
"8762536.96527-120.09814","87625","36.96527-120.09814","Riverview",-120.09814,36.96527,78.0288,"US",NA,NA,"UTC"
"8762737.909-122.18906","87627","37.909-122.18906","Lower Van Tassel",-122.18906,37.909,160.9344,"US",NA,NA,"UTC"
"8764737.98494-122.30167","87647","37.98494-122.30167","HesH",-122.30167,37.98494,96.012,"US",NA,NA,"UTC"
"8764937.14032-121.66933","87649","37.14032-121.66933","Murphy Springs",-121.66933,37.14032,109.4232,"US",NA,NA,"UTC"
"8766338.53959-122.46955","87663","38.53959-122.46955","Vosti House",-122.46955,38.53959,183.4896,"US",NA,NA,"UTC"
"8767338.52495-121.57986","87673","38.52495-121.57986","Shop OneStopWineShop.com!",-121.57986,38.52495,3.9624,"US",NA,NA,"UTC"
"8771138-122.29141","87711","38-122.29141","Patio",-122.29141,38,45.72,"US",NA,NA,"UTC"
"8771532.90505-117.10026","87715","32.90505-117.10026","Scripps Ranch",-117.10026,32.90505,179.2224,"US",NA,NA,"UTC"
"8775137.2832-121.90677","87751","37.2832-121.90677","Curtner",-121.90677,37.2832,51.5112,"US",NA,NA,"UTC"
"8779134.04616-118.49772","87791","34.04616-118.49772","La Mesa Drive",-118.49772,34.04616,104.5464,"US",NA,NA,"UTC"
"8779937.95465-122.07917","87799","37.95465-122.07917","Outside Chadima",-122.07917,37.95465,23.4696,"US",NA,NA,"UTC"
"8782939.48886-119.87494","87829","39.48886-119.87494","Reno Prom",-119.87494,39.48886,1499.3112,"US",NA,NA,"UTC"
"8802739.27924-120.115","88027","39.27924-120.115","828 Beaver Pond",-120.115,39.27924,1891.284,"US",NA,NA,"UTC"
"8808335.19044-118.61102","88083","35.19044-118.61102","AQMD_NASA_35",-118.61102,35.19044,1837.0296,"US",NA,NA,"UTC"
"8855137.65374-122.0757","88551","37.65374-122.0757","Charles Ave",-122.0757,37.65374,18.5928,"US",NA,NA,"UTC"
"8855740.86744-124.07954","88557","40.86744-124.07954","PleasantHill1",-124.07954,40.86744,28.6512,"US",NA,NA,"UTC"
"8889534.06149-118.43462","88895","34.06149-118.43462","Wilshire Blvd - Westholme Ave",-118.43462,34.06149,95.7072,"US",NA,NA,"UTC"
"8890539.70925-119.69618","88905","39.70925-119.69618","Descanso Air",-119.69618,39.70925,1417.0152,"US",NA,NA,"UTC"
"8891141.28375-122.29432","88911","41.28375-122.29432","K2SO",-122.29432,41.28375,1060.3992,"US",NA,NA,"UTC"
"8891338.09648-122.27409","88913","38.09648-122.27409","Vallejo People\u2019s Garden",-122.27409,38.09648,9.144,"US",NA,NA,"UTC"
"8893138.85039-122.7376","88931","38.85039-122.7376","FoxieLoxie",-122.7376,38.85039,947.3184,"US",NA,NA,"UTC"
"8916738.79874-120.8819","89167","38.79874-120.8819","Trouble Maker",-120.8819,38.79874,231.0384,"US",NA,NA,"UTC"
"8917538.0121-122.13699","89175","38.0121-122.13699","Pill Hill",-122.13699,38.0121,68.8848,"US",NA,NA,"UTC"
"8952133.05253-117.21576","89521","33.05253-117.21576","Brookside  Olivenhain",-117.21576,33.05253,36.2712,"US",NA,NA,"UTC"
"8954734.37899-117.41113","89547","34.37899-117.41113","MDAQMD-OH-OakView",-117.41113,34.37899,1176.2232,"US",NA,NA,"UTC"
"8956337.97507-122.57908","89563","37.97507-122.57908","300 Block Redwood Rd",-122.57908,37.97507,114.9096,"US",NA,NA,"UTC"
"8959938.56368-121.42573","89599","38.56368-121.42573","SAC STATE-Sacramento Hall",-121.42573,38.56368,11.8872,"US",NA,NA,"UTC"
"8961132.31788-115.24942","89611","32.31788-115.24942","AYUNTAMIENTO DE MEXICALI - COBACH EJIDO NAYARIT",-115.24942,32.31788,12.8016,"US",NA,NA,"UTC"
"8962939.51451-119.94617","89629","39.51451-119.94617","Sassafras Trl",-119.94617,39.51451,1508.4552,"US",NA,NA,"UTC"
"8963939.56356-120.82539","89639","39.56356-120.82539","Hansen Bridge",-120.82539,39.56356,893.3688,"US",NA,NA,"UTC"
"8964333.62101-114.60628","89643","33.62101-114.60628","MDAQMD-PVUSD-PVH_2",-114.60628,33.62101,82.6008,"US",NA,NA,"UTC"
"8967136.37692-121.38315","89671","36.37692-121.38315","Hahn Winery",-121.38315,36.37692,292.9128,"US",NA,NA,"UTC"
"8970337.41808-122.19619","89703","37.41808-122.19619","PA-B950",-122.19619,37.41808,80.4672,"US",NA,NA,"UTC"
"8972934.19593-118.11812","89729","34.19593-118.11812","Windfall Altadena",-118.11812,34.19593,476.0976,"US",NA,NA,"UTC"
"8975734.20184-118.17252","89757","34.20184-118.17252","PurpleAir Sensor 18",-118.17252,34.20184,371.2464,"US",NA,NA,"UTC"
"8977337.90177-122.13879","89773","37.90177-122.13879","Kite Hill",-122.13879,37.90177,162.1536,"US",NA,NA,"UTC"
"8977737.30256-122.04345","89777","37.30256-122.04345","End of Squirehill",-122.04345,37.30256,106.3752,"US",NA,NA,"UTC"
"8978338.80857-120.91947","89783","38.80857-120.91947","Barking Dog",-120.91947,38.80857,221.5896,"US",NA,NA,"UTC"
"8983739.22309-123.75085","89837","39.22309-123.75085","Purple People Eater",-123.75085,39.22309,131.064,"US",NA,NA,"UTC"
"8984734.42117-119.71744","89847","34.42117-119.71744","SB Western Suburbs",-119.71744,34.42117,27.432,"US",NA,NA,"UTC"
"8985332.59959-115.35669","89853","32.59959-115.35669","AYUNTAMIENTO DE MEXICALI - TERRA RESIDENCIAL",-115.35669,32.59959,10.668,"US",NA,NA,"UTC"
"8985537.79116-122.43373","89855","37.79116-122.43373","SK Patio",-122.43373,37.79116,71.0184,"US",NA,NA,"UTC"
"8985939.30763-123.7978","89859","39.30763-123.7978","Harvest market",-123.7978,39.30763,43.2816,"US",NA,NA,"UTC"
"8988537.24032-121.96528","89885","37.24032-121.96528","BK Lark Ave",-121.96528,37.24032,109.4232,"US",NA,NA,"UTC"
"8989140.25561-121.15054","89891","40.25561-121.15054","LACC Mtn Ridge Rd W",-121.15054,40.25561,1462.1256,"US",NA,NA,"UTC"
"8990137.35893-119.61581","89901","37.35893-119.61581","41832 Yosemite Pines Drive  Oakhurst  CA 93644",-119.61581,37.35893,1053.9984,"US",NA,NA,"UTC"
"8994737.41297-122.23829","89947","37.41297-122.23829","PA-B905N",-122.23829,37.41297,104.8512,"US",NA,NA,"UTC"
"8995138.37197-122.69183","89951","38.37197-122.69183","H Section",-122.69183,38.37197,33.528,"US",NA,NA,"UTC"
"8997737.55529-122.33279","89977","37.55529-122.33279","ParrotHead_Air",-122.33279,37.55529,42.9768,"US",NA,NA,"UTC"
"8998937.87584-122.45167","89989","37.87584-122.45167","Diviso",-122.45167,37.87584,60.3504,"US",NA,NA,"UTC"
"9000738.74533-121.37434","90007","38.74533-121.37434","Dry Creek Outside",-121.37434,38.74533,33.528,"US",NA,NA,"UTC"
"9000938.44973-122.67179","90009","38.44973-122.67179","Puppy FRONT",-122.67179,38.44973,67.9704,"US",NA,NA,"UTC"
"9003933.68481-117.72861","90039","33.68481-117.72861","Irvine",-117.72861,33.68481,110.6424,"US",NA,NA,"UTC"
"9006338.82169-121.24964","90063","38.82169-121.24964","RZ",-121.24964,38.82169,80.4672,"US",NA,NA,"UTC"
"9006538.27489-122.41286","90065","38.27489-122.41286","Scribe Winery - Knoll",-122.41286,38.27489,53.34,"US",NA,NA,"UTC"
"9007734.12093-116.33644","90077","34.12093-116.33644","MDAQMD_MUSD-FHE",-116.33644,34.12093,962.2536,"US",NA,NA,"UTC"
"9009537.2888-122.04457","90095","37.2888-122.04457","Vista Arroyo",-122.04457,37.2888,171.9072,"US",NA,NA,"UTC"
"9010937.35607-122.08851","90109","37.35607-122.08851","Aura Way",-122.08851,37.35607,65.532,"US",NA,NA,"UTC"
"9012537.41811-122.20403","90125","37.41811-122.20403","PA-B040",-122.20403,37.41811,88.6968,"US",NA,NA,"UTC"
"9012737.88327-122.06094","90127","37.88327-122.06094","Glen View",-122.06094,37.88327,53.34,"US",NA,NA,"UTC"
"9013333.92136-116.90639","90133","33.92136-116.90639","Spring Pl",-116.90639,33.92136,744.9312,"US",NA,NA,"UTC"
"9015937.43743-121.87063","90159","37.43743-121.87063","Piedmont &amp; Calaveras",-121.87063,37.43743,42.9768,"US",NA,NA,"UTC"
"9016132.62183-115.57256","90161","32.62183-115.57256","AYUNTAMIENTO DE MEXICALI - ESTACION DE BOMBEROS SANTA ISABEL",-115.57256,32.62183,1.524,"US",NA,NA,"UTC"
"9016934.26694-116.43183","90169","34.26694-116.43183","MDAQMD_MUSD-LES",-116.43183,34.26694,1006.1448,"US",NA,NA,"UTC"
"9017537.36831-122.00689","90175","37.36831-122.00689","Aster Ave  Sunnyvale",-122.00689,37.36831,23.7744,"US",NA,NA,"UTC"
"9018737.20731-121.84736","90187","37.20731-121.84736","Josh\u2019s Sensor",-121.84736,37.20731,93.2688,"US",NA,NA,"UTC"
"9019138.58947-121.34974","90191","38.58947-121.34974","Mipaty Lane",-121.34974,38.58947,21.9456,"US",NA,NA,"UTC"
"9019334.20187-118.16768","90193","34.20187-118.16768","PurpleAir Sensor 4",-118.16768,34.20187,343.2048,"US",NA,NA,"UTC"
"9020537.92092-121.94142","90205","37.92092-121.94142","Mitchell Canyon",-121.94142,37.92092,178.6128,"US",NA,NA,"UTC"
"9021537.62775-122.44534","90215","37.62775-122.44534","Rollingwood Elementary",-122.44534,37.62775,153.0096,"US",NA,NA,"UTC"
"9021938.68725-120.99306","90219","38.68725-120.99306","Rivia House",-120.99306,38.68725,400.812,"US",NA,NA,"UTC"
"9022138.55861-121.42013","90221","38.55861-121.42013","Benicia Hall",-121.42013,38.55861,12.4968,"US",NA,NA,"UTC"
"9023533.76529-118.08112","90235","33.76529-118.08112","SCSB_45",-118.08112,33.76529,2.4384,"US",NA,NA,"UTC"
"9026735.55639-121.08459","90267","35.55639-121.08459","Cambria",-121.08459,35.55639,70.7136,"US",NA,NA,"UTC"
"9029137.10878-119.73228","90291","37.10878-119.73228","San Joaquin Experimental Range",-119.73228,37.10878,398.0688,"US",NA,NA,"UTC"
"9030138.383-122.35295","90301","38.383-122.35295","TFE - Hoffman Lane",-122.35295,38.383,24.9936,"US",NA,NA,"UTC"
"9032334.09793-118.38276","90323","34.09793-118.38276","Sunset Plaza",-118.38276,34.09793,245.9736,"US",NA,NA,"UTC"
"9036739.55002-123.43835","90367","39.55002-123.43835","TFE - Napa Cellars",-123.43835,39.55002,586.1304,"US",NA,NA,"UTC"
"9038538.37981-122.70483","90385","38.37981-122.70483","245 Mountain View Ave",-122.70483,38.37981,32.004,"US",NA,NA,"UTC"
"9039337.46964-122.24967","90393","37.46964-122.24967","Oak Ridge",-122.24967,37.46964,23.7744,"US",NA,NA,"UTC"
"9040138.02333-122.54999","90401","38.02333-122.54999","Clover Hill Ct.",-122.54999,38.02333,28.3464,"US",NA,NA,"UTC"
"9040733.77011-118.19649","90407","33.77011-118.19649","SCSB_46",-118.19649,33.77011,8.8392,"US",NA,NA,"UTC"
"9041332.60608-115.40758","90413","32.60608-115.40758","AYUNTAMIENTO DE MEXICALI - VALLE DORADO",-115.40758,32.60608,8.5344,"US",NA,NA,"UTC"
"9042737.38662-122.07847","90427","37.38662-122.07847","Church Outside",-122.07847,37.38662,30.48,"US",NA,NA,"UTC"
"9044337.07002-121.95988","90443","37.07002-121.95988","Bohnen Road",-121.95988,37.07002,268.5288,"US",NA,NA,"UTC"
"9046737.68456-121.9107","90467","37.68456-121.9107","Pleasanton",-121.9107,37.68456,98.7552,"US",NA,NA,"UTC"
"9054738.13255-122.24953","90547","38.13255-122.24953","GRIFFIN TE CH VALLEJO",-122.24953,38.13255,9.4488,"US",NA,NA,"UTC"
"9056338.09767-122.23848","90563","38.09767-122.23848","Farrell Vallejo",-122.23848,38.09767,14.3256,"US",NA,NA,"UTC"
"9058737.1151-121.68435","90587","37.1151-121.68435","Dahlberg",-121.68435,37.1151,135.0264,"US",NA,NA,"UTC"
"9059137.36047-122.00816","90591","37.36047-122.00816","Sunnyvale Outside",-122.00816,37.36047,30.1752,"US",NA,NA,"UTC"
"9060934.11574-117.17226","90609","34.11574-117.17226","River Oaks Ln",-117.17226,34.11574,430.3776,"US",NA,NA,"UTC"
"9070138.34198-122.51988","90701","38.34198-122.51988","Glen Ellen",-122.51988,38.34198,106.9848,"US",NA,NA,"UTC"
"9071737.3364-121.86889","90717","37.3364-121.86889","William st park at creek",-121.86889,37.3364,28.6512,"US",NA,NA,"UTC"
"9075137.78236-120.77708","90751","37.78236-120.77708","East Oakdale",-120.77708,37.78236,63.7032,"US",NA,NA,"UTC"
"9075937.97813-122.5463","90759","37.97813-122.5463","Santa Margarita",-122.5463,37.97813,65.532,"US",NA,NA,"UTC"
"9078738.25785-122.71233","90787","38.25785-122.71233","Kuck Lane",-122.71233,38.25785,40.5384,"US",NA,NA,"UTC"
"9079939.26947-120.12857","90799","39.26947-120.12857","Home Run",-120.12857,39.26947,2086.9656,"US",NA,NA,"UTC"
"9080332.8289-117.07802","90803","32.8289-117.07802","Renovo",-117.07802,32.8289,202.9968,"US",NA,NA,"UTC"
"9081137.21894-119.48738","90811","37.21894-119.48738","RD 225 &amp; PoyAuNow",-119.48738,37.21894,833.0184,"US",NA,NA,"UTC"
"9081338.80917-122.55967","90813","38.80917-122.55967","North Shore Drive  Hidden Valley Lake  CA 95467",-122.55967,38.80917,333.4512,"US",NA,NA,"UTC"
"9082533.19002-117.11838","90825","33.19002-117.11838","Tierra Libertia",-117.11838,33.19002,341.6808,"US",NA,NA,"UTC"
"9083334.11123-118.2842","90833","34.11123-118.2842","Side of House",-118.2842,34.11123,168.5544,"US",NA,NA,"UTC"
"9084337.94403-122.31438","90843","37.94403-122.31438","East Richmond Heights",-122.31438,37.94403,99.6696,"US",NA,NA,"UTC"
"9088937.34702-122.08375","90889","37.34702-122.08375","Montclaire Ct. NE",-122.08375,37.34702,80.4672,"US",NA,NA,"UTC"
"9089538.05632-122.15694","90895","38.05632-122.15694","PTL",-122.15694,38.05632,47.244,"US",NA,NA,"UTC"
"9089737.89148-122.07397","90897","37.89148-122.07397","2364 Warren Road",-122.07397,37.89148,66.7512,"US",NA,NA,"UTC"
"9092537.44597-122.18805","90925","37.44597-122.18805","Menlo Park",-122.18805,37.44597,25.6032,"US",NA,NA,"UTC"
"9095338.67886-121.1189","90953","38.67886-121.1189","Parkway II",-121.1189,38.67886,115.2144,"US",NA,NA,"UTC"
"9096338.24399-122.29398","90963","38.24399-122.29398","Migration Carneros",-122.29398,38.24399,7.0104,"US",NA,NA,"UTC"
"9096734.10951-117.31516","90967","34.10951-117.31516","Alfred Montano",-117.31516,34.10951,339.2424,"US",NA,NA,"UTC"
"9099734.13931-117.25532","90997","34.13931-117.25532","CCAEJ_San_Bernardino_#1",-117.25532,34.13931,365.76,"US",NA,NA,"UTC"
"9101534.01805-117.68041","91015","34.01805-117.68041","SCGMP_02",-117.68041,34.01805,230.124,"US",NA,NA,"UTC"
"9102136.97994-121.57202","91021","36.97994-121.57202","Dawn Way",-121.57202,36.97994,69.4944,"US",NA,NA,"UTC"
"9102337.4664-122.2588","91023","37.4664-122.2588","Vista Ct Redwood City",-122.2588,37.4664,90.5256,"US",NA,NA,"UTC"
"9104138.59673-121.33996","91041","38.59673-121.33996","Carmichael near American River Arden Way Access",-121.33996,38.59673,18.8976,"US",NA,NA,"UTC"
"9105133.90329-117.51118","91051","33.90329-117.51118","Hacienda La Sierra",-117.51118,33.90329,314.2488,"US",NA,NA,"UTC"
"9105534.28839-118.44374","91055","34.28839-118.44374","San Fernando Shop",-118.44374,34.28839,332.232,"US",NA,NA,"UTC"
"9106538.15097-122.86395","91065","38.15097-122.86395","Barinaga Ranch",-122.86395,38.15097,169.164,"US",NA,NA,"UTC"
"9107337.34982-121.87588","91073","37.34982-121.87588","Julian and 19th",-121.87588,37.34982,26.8224,"US",NA,NA,"UTC"
"9107537.41727-122.19904","91075","37.41727-122.19904","PA-443",-122.19904,37.41727,99.3648,"US",NA,NA,"UTC"
"9107937.88171-121.91464","91079","37.88171-121.91464","Mt Diablo Summit",-121.91464,37.88171,1169.8224,"US",NA,NA,"UTC"
"9108134.20052-118.17351","91081","34.20052-118.17351","PurpleAir Sensor 10",-118.17351,34.20052,358.4448,"US",NA,NA,"UTC"
"9111138.29487-122.49279","91111","38.29487-122.49279","El Verano West",-122.49279,38.29487,37.4904,"US",NA,NA,"UTC"
"9112134.26467-116.86126","91121","34.26467-116.86126","BIGBEAR_AMS_02",-116.86126,34.26467,2059.2288,"US",NA,NA,"UTC"
"9113532.6693-115.4275","91135","32.6693-115.4275","AYUNTAMIENTO DE MEXICALI - FRACCIONAMIENTO HIPICO",-115.4275,32.6693,5.7912,"US",NA,NA,"UTC"
"9116737.7777-120.79958","91167","37.7777-120.79958","Oakdale  CA",-120.79958,37.7777,67.3608,"US",NA,NA,"UTC"
"9118734.1371-117.6599","91187","34.1371-117.6599","SC_UPLD",-117.6599,34.1371,522.4272,"US",NA,NA,"UTC"
"9119133.53439-115.93743","91191","33.53439-115.93743","SCAQA_07",-115.93743,33.53439,-43.5864,"US",NA,NA,"UTC"
"9119532.4719-115.31099","91195","32.4719-115.31099","AYUNTAMIENTO DE MEXICALI - DELEGACI\u00D3N CERRO PRIETO",-115.31099,32.4719,11.5824,"US",NA,NA,"UTC"
"9125138.07105-122.23273","91251","38.07105-122.23273","Bodner Field",-122.23273,38.07105,42.9768,"US",NA,NA,"UTC"
"9129532.44122-115.37427","91295","32.44122-115.37427","AYUNTAMIENTO DE MEXICALI - ESTACION DE BOMBEROS SANS\u00D3N FLORES",-115.37427,32.44122,10.668,"US",NA,NA,"UTC"
"9129732.58958-115.47135","91297","32.58958-115.47135","AYUNTAMIENTO DE MEXICALI - ESTACION DE BOMBEROS QUINTAS DEL REY",-115.47135,32.58958,4.8768,"US",NA,NA,"UTC"
"9130132.33395-115.3308","91301","32.33395-115.3308","AYUNTAMIENTO DE MEXICALI - COLONIA LA PUERTA",-115.3308,32.33395,17.3736,"US",NA,NA,"UTC"
"9130532.61908-115.51463","91305","32.61908-115.51463","AYUNTAMIENTO DE MEXICALI - PRIVADA FONTE COLOMBO",-115.51463,32.61908,3.048,"US",NA,NA,"UTC"
"9131937.46149-122.25693","91319","37.46149-122.25693","Near Roy Cloud",-122.25693,37.46149,127.1016,"US",NA,NA,"UTC"
"9132132.57793-115.43802","91321","32.57793-115.43802","AYUNTAMIENTO DE MEXICALI - MISION DEL ANGEL",-115.43802,32.57793,6.7056,"US",NA,NA,"UTC"
"9133532.80907-117.18591","91335","32.80907-117.18591","Mount Everest Blvd",-117.18591,32.80907,97.2312,"US",NA,NA,"UTC"
"9138933.30427-116.90517","91389","33.30427-116.90517","Harold\u2019s Road",-116.90517,33.30427,840.0288,"US",NA,NA,"UTC"
"9139737.67094-122.08562","91397","37.67094-122.08562","Hayward City Hall",-122.08562,37.67094,31.3944,"US",NA,NA,"UTC"
"9139937.10592-121.896","91399","37.10592-121.896","Dome",-121.896,37.10592,656.2344,"US",NA,NA,"UTC"
"9140337.95781-122.27409","91403","37.95781-122.27409","Outside - Casa Olinda",-122.27409,37.95781,50.9016,"US",NA,NA,"UTC"
"9144739.44201-123.80033","91447","39.44201-123.80033","MathArt",-123.80033,39.44201,32.3088,"US",NA,NA,"UTC"
"9148538.07228-122.53432","91485","38.07228-122.53432","BioMarin 46",-122.53432,38.07228,3.9624,"US",NA,NA,"UTC"
"9151133.7657-118.40046","91511","33.7657-118.40046","P13 Air",-118.40046,33.7657,210.9216,"US",NA,NA,"UTC"
"9155537.39907-121.96411","91555","37.39907-121.96411","Mission Park HOA - Santa Clara",-121.96411,37.39907,5.1816,"US",NA,NA,"UTC"
"9158935.73478-120.66601","91589","35.73478-120.66601","Sunbelt Vineyard",-120.66601,35.73478,205.4352,"US",NA,NA,"UTC"
"9161537.95035-122.52877","91615","37.95035-122.52877","Greenbrae",-122.52877,37.95035,16.764,"US",NA,NA,"UTC"
"9161737.62114-122.42189","91617","37.62114-122.42189","Parkside Intermediate School",-122.42189,37.62114,31.6992,"US",NA,NA,"UTC"
"9162334.20213-118.1692","91623","34.20213-118.1692","PurpleAir Sensor 5",-118.1692,34.20213,360.2736,"US",NA,NA,"UTC"
"9165338.20842-120.46257","91653","38.20842-120.46257","Sheep Ranch",-120.46257,38.20842,729.6912,"US",NA,NA,"UTC"
"9168537.84565-122.19941","91685","37.84565-122.19941","Elverton South",-122.19941,37.84565,413.004,"US",NA,NA,"UTC"
"9169338.56062-121.42088","91693","38.56062-121.42088","Tschannen Science Complex",-121.42088,38.56062,12.192,"US",NA,NA,"UTC"
"9173937.07565-120.18182","91739","37.07565-120.18182","Fairmead",-120.18182,37.07565,76.8096,"US",NA,NA,"UTC"
"9174138.38232-123.07146","91741","38.38232-123.07146","Sereno del Mar",-123.07146,38.38232,73.4568,"US",NA,NA,"UTC"
"9174339.29567-120.98605","91743","39.29567-120.98605","Northeast Nevada City",-120.98605,39.29567,922.9344,"US",NA,NA,"UTC"
"9175535.64684-117.81193","91755","35.64684-117.81193","Faraday Fields  Inyokern",-117.81193,35.64684,743.4072,"US",NA,NA,"UTC"
"9180537.68528-122.4057","91805","37.68528-122.4057","Brisbane Community Pool",-122.4057,37.68528,24.0792,"US",NA,NA,"UTC"
"9181337.34428-121.99878","91813","37.34428-121.99878","Backyard",-121.99878,37.34428,37.1856,"US",NA,NA,"UTC"
"9182137.98426-122.27174","91821","37.98426-122.27174","Amber Swartz Park",-122.27174,37.98426,67.056,"US",NA,NA,"UTC"
"9182537.3298-122.07911","91825","37.3298-122.07911","Oak Valley",-122.07911,37.3298,136.2456,"US",NA,NA,"UTC"
"9184339.03171-121.0683","91843","39.03171-121.0683","Greenbriar",-121.0683,39.03171,477.6216,"US",NA,NA,"UTC"
"9185137.76702-121.95123","91851","37.76702-121.95123","Woodview Circle",-121.95123,37.76702,142.3416,"US",NA,NA,"UTC"
"9186934.19983-118.16944","91869","34.19983-118.16944","PurpleAir Sensor 15",-118.16944,34.19983,335.28,"US",NA,NA,"UTC"
"9189534.11021-117.30731","91895","34.11021-117.30731","Olga Urbina",-117.30731,34.11021,333.1464,"US",NA,NA,"UTC"
"9191139.11977-123.20554","91911","39.11977-123.20554","Ukiah",-123.20554,39.11977,226.4664,"US",NA,NA,"UTC"
"9191533.04325-117.13577","91915","33.04325-117.13577","Casa Cielo",-117.13577,33.04325,146.304,"US",NA,NA,"UTC"
"9191737.51368-122.30964","91917","37.51368-122.30964","Belmont Cyn Rd",-122.30964,37.51368,139.2936,"US",NA,NA,"UTC"
"9192138.48076-122.70268","91921","38.48076-122.70268","Upper Hidden Valley",-122.70268,38.48076,98.1456,"US",NA,NA,"UTC"
"9193336.83442-121.71378","91933","36.83442-121.71378","Royal Oaks",-121.71378,36.83442,90.8304,"US",NA,NA,"UTC"
"9193538.45267-122.67346","91935","38.45267-122.67346","Puppy BACK",-122.67346,38.45267,70.4088,"US",NA,NA,"UTC"
"9195937.57451-122.33883","91959","37.57451-122.33883","Near Highland and State",-122.33883,37.57451,11.5824,"US",NA,NA,"UTC"
"9196733.83218-116.53689","91967","33.83218-116.53689","Movie Colony",-116.53689,33.83218,145.0848,"US",NA,NA,"UTC"
"9196934.09978-118.14243","91969","34.09978-118.14243","Fletcher Avenue",-118.14243,34.09978,166.116,"US",NA,NA,"UTC"
"9197137.87602-122.30094","91971","37.87602-122.30094","PageStreet",-122.30094,37.87602,6.4008,"US",NA,NA,"UTC"
"9197337.74128-122.41241","91973","37.74128-122.41241","South Slope Magic",-122.41241,37.74128,67.3608,"US",NA,NA,"UTC"
"9197938.69973-122.93584","91979","38.69973-122.93584","1271 Canyon Road",-122.93584,38.69973,157.2768,"US",NA,NA,"UTC"
"9198137.84193-122.22977","91981","37.84193-122.22977","Fiddle-dee-doe",-122.22977,37.84193,150.2664,"US",NA,NA,"UTC"
"9199139.75537-121.78869","91991","39.75537-121.78869","Tilden Ln",-121.78869,39.75537,90.2208,"US",NA,NA,"UTC"
"9200738.66201-121.27129","92007","38.66201-121.27129","Terrace Oak Circle",-121.27129,38.66201,64.008,"US",NA,NA,"UTC"
"9201137.32541-121.97362","92011","37.32541-121.97362","Serena Way",-121.97362,37.32541,40.2336,"US",NA,NA,"UTC"
"9201537.46471-122.24833","92015","37.46471-122.24833","856 Chesterton",-122.24833,37.46471,38.7096,"US",NA,NA,"UTC"
"9201738.51145-121.54559","92017","38.51145-121.54559","P_Air_M001",-121.54559,38.51145,4.572,"US",NA,NA,"UTC"
"9201938.34584-122.60099","92019","38.34584-122.60099","Sonoma Mountain ROR",-122.60099,38.34584,508.4064,"US",NA,NA,"UTC"
"9202937.71078-122.06437","92029","37.71078-122.06437","Freedom",-122.06437,37.71078,98.4504,"US",NA,NA,"UTC"
"9204334.04326-118.57096","92043","34.04326-118.57096","Coastline Drive",-118.57096,34.04326,45.1104,"US",NA,NA,"UTC"
"9205337.42667-122.17778","92053","37.42667-122.17778","Garage",-122.17778,37.42667,37.1856,"US",NA,NA,"UTC"
"9208537.69964-121.44698","92085","37.69964-121.44698","Underfoot Farms",-121.44698,37.69964,46.6344,"US",NA,NA,"UTC"
"9209737.76626-122.26458","92097","37.76626-122.26458","Bay St.",-122.26458,37.76626,6.7056,"US",NA,NA,"UTC"
"9210534.10935-118.14673","92105","34.10935-118.14673","MES",-118.14673,34.10935,179.2224,"US",NA,NA,"UTC"
"9214537.32614-120.48392","92145","37.32614-120.48392","Hummingbird Haven",-120.48392,37.32614,53.9496,"US",NA,NA,"UTC"
"9214737.39738-122.19468","92147","37.39738-122.19468","Castanya OUTSIDE",-122.19468,37.39738,109.728,"US",NA,NA,"UTC"
"9216333.64335-117.58852","92163","33.64335-117.58852","RanchoSantaMargarita_01",-117.58852,33.64335,322.4784,"US",NA,NA,"UTC"
"9217339.14229-120.95208","92173","39.14229-120.95208","Rollins Lake",-120.95208,39.14229,693.42,"US",NA,NA,"UTC"
"9218337.74839-122.50217","92183","37.74839-122.50217","OB-SF",-122.50217,37.74839,21.6408,"US",NA,NA,"UTC"
"9221338.61529-122.43399","92213","38.61529-122.43399","Pope Valley",-122.43399,38.61529,235.3056,"US",NA,NA,"UTC"
"9222536.94754-121.83052","92225","36.94754-121.83052","Aptos Hills",-121.83052,36.94754,63.3984,"US",NA,NA,"UTC"
"9222733.49595-117.67819","92227","33.49595-117.67819","San Juan Capistrano  CA - Via Alicia",-117.67819,33.49595,52.4256,"US",NA,NA,"UTC"
"9223133.57232-116.06248","92231","33.57232-116.06248","Mecca_AMS_01",-116.06248,33.57232,-46.6344,"US",NA,NA,"UTC"
"9225932.73321-117.15945","92259","32.73321-117.15945","Bankers Hill",-117.15945,32.73321,81.3816,"US",NA,NA,"UTC"
"9232339.43171-120.2398","92323","39.43171-120.2398","Sagehen",-120.2398,39.43171,1935.7848,"US",NA,NA,"UTC"
"9249937.81657-122.2139","92499","37.81657-122.2139","BAM PA",-122.2139,37.81657,162.4584,"US",NA,NA,"UTC"
"9250137.25157-122.3829","92501","37.25157-122.3829","Pescadero",-122.3829,37.25157,9.7536,"US",NA,NA,"UTC"
"9252733.72547-116.20654","92527","33.72547-116.20654","INAH_AMS_01",-116.20654,33.72547,-8.5344,"US",NA,NA,"UTC"
"9260533.97396-117.31509","92605","33.97396-117.31509","SCGMP_01",-117.31509,33.97396,346.2528,"US",NA,NA,"UTC"
"9261538.73842-121.35381","92615","38.73842-121.35381","Morgan Creek",-121.35381,38.73842,32.3088,"US",NA,NA,"UTC"
"9261738.56163-121.43347","92617","38.56163-121.43347","Plantains",-121.43347,38.56163,11.5824,"US",NA,NA,"UTC"
"9276734.52032-117.22391","92767","34.52032-117.22391","RAV",-117.22391,34.52032,903.4272,"US",NA,NA,"UTC"
"9298134.21523-118.45297","92981","34.21523-118.45297","CASA",-118.45297,34.21523,238.0488,"US",NA,NA,"UTC"
"9316137.15822-121.98303","93161","37.15822-121.98303","BleuAir",-121.98303,37.15822,438.6072,"US",NA,NA,"UTC"
"9317139.57139-119.8378","93171","39.57139-119.8378","Hoge",-119.8378,39.57139,1552.0416,"US",NA,NA,"UTC"
"9317737.4465-122.14237","93177","37.4465-122.14237","Cedar\/Harker",-122.14237,37.4465,7.3152,"US",NA,NA,"UTC"
"9319137.8696-122.27105","93191","37.8696-122.27105","City of Berkeley City Hall",-122.27105,37.8696,51.2064,"US",NA,NA,"UTC"
"9320333.96173-118.39327","93203","33.96173-118.39327","Truxton",-118.39327,33.96173,47.8536,"US",NA,NA,"UTC"
"9320540.47985-122.27494","93205","40.47985-122.27494","SHASTAAqmd_SC5_PrairieSchool",-122.27494,40.47985,143.5608,"US",NA,NA,"UTC"
"9324137.86826-120.42211","93241","37.86826-120.42211","shawmut",-120.42211,37.86826,388.0104,"US",NA,NA,"UTC"
"9327737.85035-122.12609","93277","37.85035-122.12609","El Paraiso Ct",-122.12609,37.85035,168.2496,"US",NA,NA,"UTC"
"9329337.75713-122.4363","93293","37.75713-122.4363","20th and Collingwood",-122.4363,37.75713,92.6592,"US",NA,NA,"UTC"
"9329738.50787-121.08381","93297","38.50787-121.08381","Rancho Murieta - North",-121.08381,38.50787,78.9432,"US",NA,NA,"UTC"
"9343533.30278-115.94624","93435","33.30278-115.94624","SCAQA_04",-115.94624,33.30278,-48.4632,"US",NA,NA,"UTC"
"9346536.97636-122.03027","93465","36.97636-122.03027","Green Cross",-122.03027,36.97636,23.4696,"US",NA,NA,"UTC"
"9347337.90597-122.30385","93473","37.90597-122.30385","Eureka Ave. x Kearney St.",-122.30385,37.90597,17.6784,"US",NA,NA,"UTC"
"9350338.89219-119.97579","93503","38.89219-119.97579","Guadalupe St",-119.97579,38.89219,1935.48,"US",NA,NA,"UTC"
"9351537.00583-119.00602","93515","37.00583-119.00602","Lower Teakettle",-119.00602,37.00583,2149.1448,"US",NA,NA,"UTC"
"9352136.59668-121.90958","93521","36.59668-121.90958","Marc's weather station",-121.90958,36.59668,120.7008,"US",NA,NA,"UTC"
"9353538.02817-122.56493","93535","38.02817-122.56493","Lucas Valley",-122.56493,38.02817,45.1104,"US",NA,NA,"UTC"
"9353938.37344-122.00271","93539","38.37344-122.00271","North Orchard",-122.00271,38.37344,69.7992,"US",NA,NA,"UTC"
"9355937.41375-122.10902","93559","37.41375-122.10902","ShastaDr",-122.10902,37.41375,8.5344,"US",NA,NA,"UTC"
"9356532.99791-116.89686","93565","32.99791-116.89686","Holly Oaks Ranch",-116.89686,32.99791,439.2168,"US",NA,NA,"UTC"
"9361739.80092-120.46658","93617","39.80092-120.46658","PHS",-120.46658,39.80092,1503.5784,"US",NA,NA,"UTC"
"9365739.81831-120.47791","93657","39.81831-120.47791","CRC",-120.47791,39.81831,1509.9792,"US",NA,NA,"UTC"
"9369937.99215-122.45279","93699","37.99215-122.45279","McNears Beach Park",-122.45279,37.99215,3.048,"US",NA,NA,"UTC"
"9372538.00223-122.52909","93725","38.00223-122.52909","Lagoon Park",-122.52909,38.00223,3.6576,"US",NA,NA,"UTC"
"9381337.89388-122.45652","93813","37.89388-122.45652","Paradise Park",-122.45652,37.89388,3.9624,"US",NA,NA,"UTC"
"9383137.37199-122.08588","93831","37.37199-122.08588","Begen Avenue",-122.08588,37.37199,45.1104,"US",NA,NA,"UTC"
"9383932.75166-114.59826","93839","32.75166-114.59826","San Pasqual Elementary",-114.59826,32.75166,40.2336,"US",NA,NA,"UTC"
"9388138.11445-122.65405","93881","38.11445-122.65405","Stafford Lake Park",-122.65405,38.11445,65.8368,"US",NA,NA,"UTC"
"9388338.02058-122.52486","93883","38.02058-122.52486","McInnis Park",-122.52486,38.02058,5.7912,"US",NA,NA,"UTC"
"9392137.27089-119.58485","93921","37.27089-119.58485","Timberview",-119.58485,37.27089,1121.9688,"US",NA,NA,"UTC"
"9395338.06809-122.79964","93953","38.06809-122.79964","Commodore webster",-122.79964,38.06809,8.5344,"US",NA,NA,"UTC"
"9399739.31908-120.32975","93997","39.31908-120.32975","Gateway Mountain Center Camp Base",-120.32975,39.31908,2159.2032,"US",NA,NA,"UTC"
"9400137.71888-122.46277","94001","37.71888-122.46277","545 Orizaba Ave  San Francisco CA 94132",-122.46277,37.71888,139.9032,"US",NA,NA,"UTC"
"9400737.92841-121.71619","94007","37.92841-121.71619","Woodside Glen",-121.71619,37.92841,28.6512,"US",NA,NA,"UTC"
"9403334.19356-119.2099","94033","34.19356-119.2099","CCA Jib and Oarfish",-119.2099,34.19356,8.2296,"US",NA,NA,"UTC"
"9406137.38775-122.14273","94061","37.38775-122.14273","Pinewood Upper Campus",-122.14273,37.38775,54.864,"US",NA,NA,"UTC"
"9407139.26747-121.01115","94071","39.26747-121.01115","Nevada City (East)",-121.01115,39.26747,791.8704,"US",NA,NA,"UTC"
"9408338.71042-122.97669","94083","38.71042-122.97669","Ferrari-Carano Winery",-122.97669,38.71042,61.8744,"US",NA,NA,"UTC"
"9411937.9004-122.284","94119","37.9004-122.284","Eldridge Ct",-122.284,37.9004,55.1688,"US",NA,NA,"UTC"
"9413737.63826-122.4167","94137","37.63826-122.4167","San Bruno",-122.4167,37.63826,11.2776,"US",NA,NA,"UTC"
"9415537.84002-122.22806","94155","37.84002-122.22806","Jurassic Fairyland",-122.22806,37.84002,172.5168,"US",NA,NA,"UTC"
"9418540.65413-121.46317","94185","40.65413-121.46317","SugarLoaf",-121.46317,40.65413,1384.4016,"US",NA,NA,"UTC"
"9418737.36791-122.10626","94187","37.36791-122.10626","Pinewood Middle Campus",-122.10626,37.36791,64.9224,"US",NA,NA,"UTC"
"9421538.11518-122.19643","94215","38.11518-122.19643","Birkdale",-122.19643,38.11518,116.1288,"US",NA,NA,"UTC"
"9428735.58675-118.4738","94287","35.58675-118.4738","Oaks",-118.4738,35.58675,876.9096,"US",NA,NA,"UTC"
"9438135.50991-120.6749","94381","35.50991-120.6749","Atascadero West Hills",-120.6749,35.50991,301.752,"US",NA,NA,"UTC"
"9441737.00919-121.80666","94417","37.00919-121.80666","Las Colinas",-121.80666,37.00919,164.592,"US",NA,NA,"UTC"
"9455338.21525-122.71312","94553","38.21525-122.71312","Open Field Farm",-122.71312,38.21525,78.6384,"US",NA,NA,"UTC"
"9460939.42067-119.78171","94609","39.42067-119.78171","Oak Glen Drive",-119.78171,39.42067,1460.9064,"US",NA,NA,"UTC"
"9462138.21969-122.63536","94621","38.21969-122.63536","Highland",-122.63536,38.21969,52.1208,"US",NA,NA,"UTC"
"9462333.91582-117.84792","94623","33.91582-117.84792","Solana by Del Webb at La Floresta",-117.84792,33.91582,124.968,"US",NA,NA,"UTC"
"9463137.98589-121.629","94631","37.98589-121.629","Summer Lake",-121.629,37.98589,-2.1336,"US",NA,NA,"UTC"
"9463937.26919-121.98752","94639","37.26919-121.98752","Roundtree",-121.98752,37.26919,82.9056,"US",NA,NA,"UTC"
"9472739.25739-120.96837","94727","39.25739-120.96837","Quaker Hill",-120.96837,39.25739,1054.608,"US",NA,NA,"UTC"
"9493137.46042-122.22119","94931","37.46042-122.22119","Wayne 3",-122.22119,37.46042,17.3736,"US",NA,NA,"UTC"
"9494137.16122-118.28931","94941","37.16122-118.28931","CARB_S_GBUAPCD_BIGPINE_school",-118.28931,37.16122,1221.0288,"US",NA,NA,"UTC"
"9494337.73756-122.42348","94943","37.73756-122.42348","Highland and Mission",-122.42348,37.73756,70.7136,"US",NA,NA,"UTC"
"9495138.54273-121.70845","94951","38.54273-121.70845","Near Putah Creek Park",-121.70845,38.54273,14.0208,"US",NA,NA,"UTC"
"9496740.56808-122.23313","94967","40.56808-122.23313","SHASTAAQMD_SC14_FootballField",-122.23313,40.56808,144.1704,"US",NA,NA,"UTC"
"9498937.94259-122.07561","94989","37.94259-122.07561","Pleasant Hill Aquatics",-122.07561,37.94259,25.6032,"US",NA,NA,"UTC"
"9499335.72974-120.6742","94993","35.72974-120.6742","TFE - Trinchero Central Coast",-120.6742,35.72974,201.168,"US",NA,NA,"UTC"
"9500138.48935-122.32736","95001","38.48935-122.32736","TFE - Neyer Winery",-122.32736,38.48935,125.5776,"US",NA,NA,"UTC"
"9500338.49866-122.44823","95003","38.49866-122.44823","TFE - Main Street",-122.44823,38.49866,64.3128,"US",NA,NA,"UTC"
"9501338.658-121.08877","95013","38.658-121.08877","NoPlaceInParticulate",-121.08877,38.658,239.8776,"US",NA,NA,"UTC"
"9501538.50812-120.80165","95015","38.50812-120.80165","TFE- Terra D\u2019Oro",-120.80165,38.50812,468.7824,"US",NA,NA,"UTC"
"9505133.75741-118.12206","95051","33.75741-118.12206","213 Attica Drive",-118.12206,33.75741,3.3528,"US",NA,NA,"UTC"
"9510137.7451-122.50189","95101","37.7451-122.50189","Garden",-122.50189,37.7451,22.2504,"US",NA,NA,"UTC"
"9513938.52855-122.49664","95139","38.52855-122.49664","TFE - Trinchero Napa Valley",-122.49664,38.52855,91.44,"US",NA,NA,"UTC"
"9517741.04303-123.87439","95177","41.04303-123.87439","Stover Rd \/ Redwood Valley",-123.87439,41.04303,191.7192,"US",NA,NA,"UTC"
"9517937.34423-122.02246","95179","37.34423-122.02246","Mike's Backyard",-122.02246,37.34423,50.5968,"US",NA,NA,"UTC"
"9527338.2483-122.96649","95273","38.2483-122.96649","DBAQMD",-122.96649,38.2483,11.5824,"US",NA,NA,"UTC"
"9531338.43333-122.89763","95313","38.43333-122.89763","Gunsalus Vineyard",-122.89763,38.43333,90.8304,"US",NA,NA,"UTC"
"9533538.15304-120.04566","95335","38.15304-120.04566","Camp Hi Sierra",-120.04566,38.15304,1528.8768,"US",NA,NA,"UTC"
"9536734.13815-118.00926","95367","34.13815-118.00926","1230 S Mayflower (Outside)",-118.00926,34.13815,138.0744,"US",NA,NA,"UTC"
"9540138.27097-120.91307","95401","38.27097-120.91307","BVR Peaks",-120.91307,38.27097,219.456,"US",NA,NA,"UTC"
"9550537.86945-122.1302","95505","37.86945-122.1302","Paseo Del Rio - EXT",-122.1302,37.86945,195.3768,"US",NA,NA,"UTC"
"9552537.565-122.33019","95525","37.565-122.33019","Belford Way - San Mateo",-122.33019,37.565,10.668,"US",NA,NA,"UTC"
"9557337.75787-122.23725","95573","37.75787-122.23725","Madison Yard",-122.23725,37.75787,6.7056,"US",NA,NA,"UTC"
"9562937.27771-121.96957","95629","37.27771-121.96957","Backyard",-121.96957,37.27771,67.056,"US",NA,NA,"UTC"
"9571141.30547-123.52773","95711","41.30547-123.52773","SAFE-Orleans-KDNR-Outdoor",-123.52773,41.30547,140.5128,"US",NA,NA,"UTC"
"9582934.2994-118.85565","95829","34.2994-118.85565","Luther Circle  Moorpark",-118.85565,34.2994,243.5352,"US",NA,NA,"UTC"
"9587537.70737-121.95557","95875","37.70737-121.95557","Dry creek dr",-121.95557,37.70737,175.5648,"US",NA,NA,"UTC"
"9591941.61443-123.49825","95919","41.61443-123.49825","SAFE-CottageGrove-SwillupCreek",-123.49825,41.61443,282.8544,"US",NA,NA,"UTC"
"9596137.3684-118.42281","95961","37.3684-118.42281","CARB_S_GBUAPCD_KBPT",-118.42281,37.3684,1290.5232,"US",NA,NA,"UTC"
"9596539.24698-119.94753","95965","39.24698-119.94753","TahoeCleanAir.org",-119.94753,39.24698,1937.6136,"US",NA,NA,"UTC"
"9596737.90819-122.17078","95967","37.90819-122.17078","49 Diablo View Dr",-122.17078,37.90819,236.5248,"US",NA,NA,"UTC"
"9598138.68648-121.04035","95981","38.68648-121.04035","EDH Hogarth Way",-121.04035,38.68648,384.3528,"US",NA,NA,"UTC"
"9602141.23032-122.27902","96021","41.23032-122.27902","Shasta Retreat",-122.27902,41.23032,729.0816,"US",NA,NA,"UTC"
"9605337.08197-121.58079","96053","37.08197-121.58079","The Farmhouse",-121.58079,37.08197,88.6968,"US",NA,NA,"UTC"
"9606140.56826-122.34443","96061","40.56826-122.34443","Foxtail Ct Research Center",-122.34443,40.56826,169.164,"US",NA,NA,"UTC"
"9607537.43813-121.92841","96075","37.43813-121.92841","Coyote Creek Field Station",-121.92841,37.43813,7.0104,"US",NA,NA,"UTC"
"9608738.13849-120.46446","96087","38.13849-120.46446","Murphys Downtown",-120.46446,38.13849,664.1592,"US",NA,NA,"UTC"
"9611738.29396-122.44958","96117","38.29396-122.44958","Sebastiani Maintenance Bldg.",-122.44958,38.29396,30.7848,"US",NA,NA,"UTC"
"9613539.24073-121.02577","96135","39.24073-121.02577","Cabin",-121.02577,39.24073,880.872,"US",NA,NA,"UTC"
"9613937.2678-121.92448","96139","37.2678-121.92448","MTP",-121.92448,37.2678,61.2648,"US",NA,NA,"UTC"
"9615938.57059-122.77747","96159","38.57059-122.77747","Roth",-122.77747,38.57059,97.536,"US",NA,NA,"UTC"
"9616334.00696-118.80738","96163","34.00696-118.80738","Point Dume Malibu",-118.80738,34.00696,62.1792,"US",NA,NA,"UTC"
"9617337.76494-122.16064","96173","37.76494-122.16064","The Kat",-122.16064,37.76494,81.3816,"US",NA,NA,"UTC"
"9618737.96421-122.13666","96187","37.96421-122.13666","Corte de la Ca\u00F1ada",-122.13666,37.96421,93.5736,"US",NA,NA,"UTC"
"9619334.92879-117.19822","96193","34.92879-117.19822","MDAQMD-Hinkley_FD",-117.19822,34.92879,664.7688,"US",NA,NA,"UTC"
"9620938.75719-120.58382","96209","38.75719-120.58382","Ridgeway",-120.58382,38.75719,1161.288,"US",NA,NA,"UTC"
"9623538.62567-122.77402","96235","38.62567-122.77402","Lancaster Estate",-122.77402,38.62567,63.7032,"US",NA,NA,"UTC"
"9624136.65262-121.73911","96241","36.65262-121.73911","East Garrison",-121.73911,36.65262,58.8264,"US",NA,NA,"UTC"
"9627334.07833-118.46884","96273","34.07833-118.46884","West Bel Air",-118.46884,34.07833,161.8488,"US",NA,NA,"UTC"
"9630937.80689-122.21374","96309","37.80689-122.21374","Back Yard",-122.21374,37.80689,87.1728,"US",NA,NA,"UTC"
"9631137.34601-122.09607","96311","37.34601-122.09607","Next to Noyce Estate",-122.09607,37.34601,97.536,"US",NA,NA,"UTC"
"9631537.3285-121.88296","96315","37.3285-121.88296","NDSJ Outdoor",-121.88296,37.3285,30.48,"US",NA,NA,"UTC"
"9635934.15465-118.22333","96359","34.15465-118.22333","Glendale  CA",-118.22333,34.15465,213.36,"US",NA,NA,"UTC"
"9638539.00064-122.75141","96385","39.00064-122.75141","Buckingham Park Water District",-122.75141,39.00064,410.2608,"US",NA,NA,"UTC"
"9641141.18306-122.28159","96411","41.18306-122.28159","SHASTAAqmd_SC3_DunsmuirWasteWater",-122.28159,41.18306,661.1112,"US",NA,NA,"UTC"
"9642334.1101-118.2665","96423","34.1101-118.2665","Waverly Terrace",-118.2665,34.1101,161.2392,"US",NA,NA,"UTC"
"9646332.98943-117.22459","96463","32.98943-117.22459","Del Mar RSF Border",-117.22459,32.98943,22.86,"US",NA,NA,"UTC"
"9648734.12905-118.16779","96487","34.12905-118.16779","pasadena",-118.16779,34.12905,236.5248,"US",NA,NA,"UTC"
"9652137.91387-122.485","96521","37.91387-122.485","Ring Mountain",-122.485,37.91387,105.156,"US",NA,NA,"UTC"
"9659934.6477-120.30331","96599","34.6477-120.30331","Foley Estates",-120.30331,34.6477,164.2872,"US",NA,NA,"UTC"
"9661134.1628-118.10349","96611","34.1628-118.10349","Dudley House",-118.10349,34.1628,274.32,"US",NA,NA,"UTC"
"9661538.56818-122.7709","96615","38.56818-122.7709","Chalk Hill Winery",-122.7709,38.56818,128.3208,"US",NA,NA,"UTC"
"9661938.71155-122.85679","96619","38.71155-122.85679","Prevail",-122.85679,38.71155,279.5016,"US",NA,NA,"UTC"
"9663336.47028-121.22974","96633","36.47028-121.22974","Chalone Vineyard",-121.22974,36.47028,561.7464,"US",NA,NA,"UTC"
"9664338.79975-121.24255","96643","38.79975-121.24255","Kennedy Ct.",-121.24255,38.79975,76.8096,"US",NA,NA,"UTC"
"9666737.24777-121.96489","96667","37.24777-121.96489","Vasona dam",-121.96489,37.24777,85.344,"US",NA,NA,"UTC"
"9666939.8496-121.92277","96669","39.8496-121.92277","North40",-121.92277,39.8496,66.1416,"US",NA,NA,"UTC"
"9667734.40571-119.53287","96677","34.40571-119.53287","Old Town",-119.53287,34.40571,4.572,"US",NA,NA,"UTC"
"9672137.85428-122.27282","96721","37.85428-122.27282","City of Berkeley South Berkeley Senior Center",-122.27282,37.85428,32.3088,"US",NA,NA,"UTC"
"9673738.66111-121.20331","96737","38.66111-121.20331","Butterwood",-121.20331,38.66111,76.2,"US",NA,NA,"UTC"
"9676737.89099-122.25146","96767","37.89099-122.25146","City of Berkeley Fire Station 7",-122.25146,37.89099,334.9752,"US",NA,NA,"UTC"
"9677133.888-117.9199","96771","33.888-117.9199","Marion",-117.9199,33.888,73.152,"US",NA,NA,"UTC"
"9677538.64962-120.81293","96775","38.64962-120.81293","Hollow",-120.81293,38.64962,347.472,"US",NA,NA,"UTC"
"9681136.15575-120.34577","96811","36.15575-120.34577","Coalinga - Mesa Way",-120.34577,36.15575,203.9112,"US",NA,NA,"UTC"
"9682134.57802-117.38099","96821","34.57802-117.38099","GEA-SCLA",-117.38099,34.57802,880.872,"US",NA,NA,"UTC"
"9682937.06233-122.14793","96829","37.06233-122.14793","BDUESD",-122.14793,37.06233,522.732,"US",NA,NA,"UTC"
"9683734.11013-118.21719","96837","34.11013-118.21719","Tacuba St. outdoor",-118.21719,34.11013,210.312,"US",NA,NA,"UTC"
"9688537.52748-122.35352","96885","37.52748-122.35352","The Highlands Hideout",-122.35352,37.52748,153.6192,"US",NA,NA,"UTC"
"9688740.07114-120.67413","96887","40.07114-120.67413","RCCRA",-120.67413,40.07114,1171.0416,"US",NA,NA,"UTC"
"9689134.38841-117.38256","96891","34.38841-117.38256","MDAQMD-HUSD-OAK_HILLS_HS2",-117.38256,34.38841,1128.6744,"US",NA,NA,"UTC"
"9689337.55773-122.31576","96893","37.55773-122.31576","12 Ave. San Mateo",-122.31576,37.55773,5.4864,"US",NA,NA,"UTC"
"9690334.22503-118.50938","96903","34.22503-118.50938","Northridge",-118.50938,34.22503,245.364,"US",NA,NA,"UTC"
"9692340.58822-122.40949","96923","40.58822-122.40949","ShastaAQMD_SC2_ShastaHS",-122.40949,40.58822,196.2912,"US",NA,NA,"UTC"
"9692738.3689-122.53748","96927","38.3689-122.53748","OakBert Farm",-122.53748,38.3689,101.1936,"US",NA,NA,"UTC"
"9693533.75227-118.32161","96935","33.75227-118.32161","Via canada outside",-118.32161,33.75227,194.4624,"US",NA,NA,"UTC"
"9694140.52236-121.80188","96941","40.52236-121.80188","SHASTAAQMD_SC15_Shingletown",-121.80188,40.52236,1202.436,"US",NA,NA,"UTC"
"9694938.63891-121.26872","96949","38.63891-121.26872","Querencia",-121.26872,38.63891,62.1792,"US",NA,NA,"UTC"
"9695938.80866-123.0202","96959","38.80866-123.0202","Cloverdale Library - Outside",-123.0202,38.80866,109.4232,"US",NA,NA,"UTC"
"9704538.44998-122.4143","97045","38.44998-122.4143","Foley Johnson winery",-122.4143,38.44998,46.6344,"US",NA,NA,"UTC"
"9706537.78718-122.40125","97065","37.78718-122.40125","SPUR Urban Center",-122.40125,37.78718,7.3152,"US",NA,NA,"UTC"
"9709737.35427-122.02045","97097","37.35427-122.02045","Sunnyarts-3",-122.02045,37.35427,41.7576,"US",NA,NA,"UTC"
"9710933.59027-117.21733","97109","33.59027-117.21733","Crystal Aire Ct. &amp; Farnham Ln.",-117.21733,33.59027,401.4216,"US",NA,NA,"UTC"
"9712137.95271-122.27737","97121","37.95271-122.27737","Oak Creek",-122.27737,37.95271,67.056,"US",NA,NA,"UTC"
"9715738.73265-120.57369","97157","38.73265-120.57369","Retreat Ln",-120.57369,38.73265,1191.1584,"US",NA,NA,"UTC"
"9718732.55202-115.06622","97187","32.55202-115.06622","Ayuntamiento de Mexicali - Delegaci\u00F3n Bataquez",-115.06622,32.55202,21.6408,"US",NA,NA,"UTC"
"9723737.33831-122.10892","97237","37.33831-122.10892","22520 Ravensbury",-122.10892,37.33831,186.5376,"US",NA,NA,"UTC"
"9725737.73826-122.50629","97257","37.73826-122.50629","Vicente Backdoor",-122.50629,37.73826,8.2296,"US",NA,NA,"UTC"
"9726536.22973-121.77173","97265","36.22973-121.77173","Post Ranch Sierra Mar South",-121.77173,36.22973,361.7976,"US",NA,NA,"UTC"
"9727137.47762-122.23219","97271","37.47762-122.23219","ABMR",-122.23219,37.47762,7.0104,"US",NA,NA,"UTC"
"9727737.96411-122.1292","97277","37.96411-122.1292","Briones Road",-122.1292,37.96411,87.4776,"US",NA,NA,"UTC"
"9733333.59827-114.59299","97333","33.59827-114.59299","MDAQMD-PVUSD-FJA_2",-114.59299,33.59827,79.8576,"US",NA,NA,"UTC"
"9733934.53441-117.27745","97339","34.53441-117.27745","MDAQMD-AV-LOOKOUT",-117.27745,34.53441,843.6864,"US",NA,NA,"UTC"
"9737133.59771-117.73386","97371","33.59771-117.73386","Raven Ln",-117.73386,33.59771,205.1304,"US",NA,NA,"UTC"
"9741134.04771-118.51639","97411","34.04771-118.51639","Carter\u2019s AQI",-118.51639,34.04771,110.6424,"US",NA,NA,"UTC"
"9756539.6847-123.78603","97565","39.6847-123.78603","Westport",-123.78603,39.6847,159.4104,"US",NA,NA,"UTC"
"9759138.48762-122.69973","97591","38.48762-122.69973","Crown Hill Dr  Santa Rosa",-122.69973,38.48762,225.2472,"US",NA,NA,"UTC"
"9759537.97465-122.56291","97595","37.97465-122.56291","San Anselmo Town Hall",-122.56291,37.97465,14.9352,"US",NA,NA,"UTC"
"9759736.56253-121.93628","97597","36.56253-121.93628","skyline crest Monterey Ca.",-121.93628,36.56253,12.8016,"US",NA,NA,"UTC"
"9759937.39822-122.19202","97599","37.39822-122.19202","Ladera Oaks Swim  Tennis and Fitness Club",-122.19202,37.39822,82.6008,"US",NA,NA,"UTC"
"9761537.7366-122.45108","97615","37.7366-122.45108","Molimo Manor",-122.45108,37.7366,188.3664,"US",NA,NA,"UTC"
"9764532.65316-115.45467","97645","32.65316-115.45467","Concerned Citizen - Burocrata",-115.45467,32.65316,3.6576,"US",NA,NA,"UTC"
"9765337.98375-122.01567","97653","37.98375-122.01567","Farm Bureau &amp; Willow Pass",-122.01567,37.98375,30.48,"US",NA,NA,"UTC"
"9767337.55164-122.33568","97673","37.55164-122.33568","Iowa Dr.",-122.33568,37.55164,61.2648,"US",NA,NA,"UTC"
"9768337.37995-122.12221","97683","37.37995-122.12221","University and Middlebury",-122.12221,37.37995,56.6928,"US",NA,NA,"UTC"
"9769337.75615-122.43612","97693","37.75615-122.43612","Collingwood Hill",-122.43612,37.75615,111.252,"US",NA,NA,"UTC"
"9770537.32307-121.76752","97705","37.32307-121.76752","HueLights.com - Visualize air quality with smart lights",-121.76752,37.32307,143.256,"US",NA,NA,"UTC"
"9770938.58649-121.48457","97709","38.58649-121.48457","Smokey Bees",-121.48457,38.58649,7.62,"US",NA,NA,"UTC"
"9771133.88266-118.16319","97711","33.88266-118.16319","Paramount-Site 1-Vermont  Ave",-118.16319,33.88266,20.4216,"US",NA,NA,"UTC"
"9773537.37004-122.2128","97735","37.37004-122.2128","Canyon3",-122.2128,37.37004,199.3392,"US",NA,NA,"UTC"
"9776534.96994-120.5669","97765","34.96994-120.5669","SBCAPCD_38",-120.5669,34.96994,26.8224,"US",NA,NA,"UTC"
"9776737.77395-122.49407","97767","37.77395-122.49407","34th Ave &amp; Cabrillo St.",-122.49407,37.77395,47.244,"US",NA,NA,"UTC"
"9782537.8764-122.45123","97825","37.8764-122.45123","VistazoE",-122.45123,37.8764,68.8848,"US",NA,NA,"UTC"
"9784736.74889-119.79775","97847","36.74889-119.79775","CollegeAve_SouthSide180",-119.79775,36.74889,88.392,"US",NA,NA,"UTC"
"9785737.35661-122.04636","97857","37.35661-122.04636","Plum",-122.04636,37.35661,52.4256,"US",NA,NA,"UTC"
"9785937.1272-121.60297","97859","37.1272-121.60297","Meadowlark",-121.60297,37.1272,107.5944,"US",NA,NA,"UTC"
"9788337.9093-122.51627","97883","37.9093-122.51627","Horse Hill",-122.51627,37.9093,61.2648,"US",NA,NA,"UTC"
"9788739.6805-122.00262","97887","39.6805-122.00262","Massa Organics",-122.00262,39.6805,39.624,"US",NA,NA,"UTC"
"9790137.75769-122.45107","97901","37.75769-122.45107","Clarendon heights",-122.45107,37.75769,222.8088,"US",NA,NA,"UTC"
"9792134.4094-119.51604","97921","34.4094-119.51604","SBCAPCD_Info_39",-119.51604,34.4094,11.5824,"US",NA,NA,"UTC"
"9793334.89563-120.48183","97933","34.89563-120.48183","SBCAPCD_Info_32",-120.48183,34.89563,58.2168,"US",NA,NA,"UTC"
"9794534.59427-120.14204","97945","34.59427-120.14204","SBCAPCD_33",-120.14204,34.59427,144.4752,"US",NA,NA,"UTC"
"9795134.66536-120.11096","97951","34.66536-120.11096","SBCAPCD_Info_31",-120.11096,34.66536,256.9464,"US",NA,NA,"UTC"
"9796534.51112-117.32516","97965","34.51112-117.32516","MDAQMD-VV2",-117.32516,34.51112,904.0368,"US",NA,NA,"UTC"
"9798135.77444-117.37233","97981","35.77444-117.37233","MDAQMD-TRO2",-117.37233,35.77444,507.492,"US",NA,NA,"UTC"
"9798334.52813-117.26658","97983","34.52813-117.26658","MDAQMD_AVUSD_DK",-117.26658,34.52813,855.2688,"US",NA,NA,"UTC"
"9798734.38406-117.26819","97987","34.38406-117.26819","MDAQMD_Ranchero",-117.26819,34.38406,975.6648,"US",NA,NA,"UTC"
"9801134.43124-117.34846","98011","34.43124-117.34846","MDAQMD-HUSD-HHS",-117.34846,34.43124,1027.4808,"US",NA,NA,"UTC"
"9806137.28605-121.99693","98061","37.28605-121.99693","Paseo Cerro",-121.99693,37.28605,82.6008,"US",NA,NA,"UTC"
"9807138.74341-120.65515","98071","38.74341-120.65515","8 Mile Road (w\/VOC)",-120.65515,38.74341,1021.6896,"US",NA,NA,"UTC"
"9808538.65648-120.74951","98085","38.65648-120.74951","6260 Lofty View Road",-120.74951,38.65648,643.128,"US",NA,NA,"UTC"
"9808938.36063-122.88399","98089","38.36063-122.88399","Celesta Ct.",-122.88399,38.36063,144.4752,"US",NA,NA,"UTC"
"9809140.14728-120.88975","98091","40.14728-120.88975","N Valley Rd",-120.88975,40.14728,1079.2968,"US",NA,NA,"UTC"
"9809937.83043-122.22658","98099","37.83043-122.22658","Maxwelton",-122.22658,37.83043,168.5544,"US",NA,NA,"UTC"
"9814739.21337-121.07762","98147","39.21337-121.07762","Penstock House",-121.07762,39.21337,765.3528,"US",NA,NA,"UTC"
"9815934.2283-118.50225","98159","34.2283-118.50225","Northridge",-118.50225,34.2283,249.3264,"US",NA,NA,"UTC"
"9816737.17983-122.02993","98167","37.17983-122.02993","Skyline Goat Trail",-122.02993,37.17983,735.4824,"US",NA,NA,"UTC"
"9817334.18783-117.40002","98173","34.18783-117.40002","SBCO  Fire Camp",-117.40002,34.18783,545.592,"US",NA,NA,"UTC"
"9817934.10715-118.20404","98179","34.10715-118.20404","306 North Ave. 50 - outside",-118.20404,34.10715,154.8384,"US",NA,NA,"UTC"
"9818737.37064-122.07236","98187","37.37064-122.07236","HeyWay",-122.07236,37.37064,47.244,"US",NA,NA,"UTC"
"9819538.55418-121.71699","98195","38.55418-121.71699","Pc35",-121.71699,38.55418,13.716,"US",NA,NA,"UTC"
"9819737.86443-122.18247","98197","37.86443-122.18247","Luv Handle",-122.18247,37.86443,234.0864,"US",NA,NA,"UTC"
"9819939.14707-120.20991","98199","39.14707-120.20991","BaseCamp",-120.20991,39.14707,2087.88,"US",NA,NA,"UTC"
"9820734.39547-119.51812","98207","34.39547-119.51812","SBCAPCD_Info_46",-119.51812,34.39547,6.7056,"US",NA,NA,"UTC"
"9820936.77912-121.72451","98209","36.77912-121.72451","Weather_Rock",-121.72451,36.77912,10.3632,"US",NA,NA,"UTC"
"9824337.0808-119.33698","98243","37.0808-119.33698","Dogwood Mountain 1",-119.33698,37.0808,1614.5256,"US",NA,NA,"UTC"
"9837938.81637-120.84521","98379","38.81637-120.84521","RMM",-120.84521,38.81637,559.308,"US",NA,NA,"UTC"
"9855738.91591-119.68842","98557","38.91591-119.68842","Canal and Helman",-119.68842,38.91591,1519.428,"US",NA,NA,"UTC"
"9861134.89597-116.73397","98611","34.89597-116.73397","ncsd-001",-116.73397,34.89597,567.5376,"US",NA,NA,"UTC"
"9862736.96654-122.03938","98627","36.96654-122.03938","Foggy Jim",-122.03938,36.96654,23.4696,"US",NA,NA,"UTC"
"9864137.55097-122.25811","98641","37.55097-122.25811","Ketch Park",-122.25811,37.55097,1.8288,"US",NA,NA,"UTC"
"9864334.25537-118.42416","98643","34.25537-118.42416","PB Omelveny Ave &amp; Remington St",-118.42416,34.25537,291.6936,"US",NA,NA,"UTC"
"9870138.21919-122.63993","98701","38.21919-122.63993","Sunnyslope",-122.63993,38.21919,42.3672,"US",NA,NA,"UTC"
"9870536.48861-119.28569","98705","36.48861-119.28569","38558 rd 128",-119.28569,36.48861,104.2416,"US",NA,NA,"UTC"
"9877533.86035-118.25132","98775","33.86035-118.25132","CSUDH02",-118.25132,33.86035,34.7472,"US",NA,NA,"UTC"
"9878337.61392-118.83215","98783","37.61392-118.83215","SNARL",-118.83215,37.61392,2161.9464,"US",NA,NA,"UTC"
"9886537.33788-121.86929","98865","37.33788-121.86929","Brookwood Avenue n\/o Olinder Park",-121.86929,37.33788,30.1752,"US",NA,NA,"UTC"
"9887936.28397-115.23501","98879","36.28397-115.23501","Ponderosa",-115.23501,36.28397,712.9272,"US",NA,NA,"UTC"
"9888537.22073-121.97187","98885","37.22073-121.97187","Nielsen Barn",-121.97187,37.22073,129.2352,"US",NA,NA,"UTC"
"9913934.22743-118.37013","99139","34.22743-118.37013","PB Dora St and Norris Ave",-118.37013,34.22743,257.2512,"US",NA,NA,"UTC"
"9934534.22903-118.4006","99345","34.22903-118.4006","PB Wicks St and Van Nuys",-118.4006,34.22903,259.08,"US",NA,NA,"UTC"
"9968939.54129-119.83784","99689","39.54129-119.83784","Keystone &amp; Putnam",-119.83784,39.54129,1434.6936,"US",NA,NA,"UTC"
"10002534.17057-118.11396","100025","34.17057-118.11396","Parsley-Kerr",-118.11396,34.17057,316.0776,"US",NA,NA,"UTC"
"10007737.99607-122.46028","100077","37.99607-122.46028","PCSRCA_2",-122.46028,37.99607,10.3632,"US",NA,NA,"UTC"
"10011134.15157-118.16436","100111","34.15157-118.16436","Rose Bowl Aquatics Center",-118.16436,34.15157,236.8296,"US",NA,NA,"UTC"
"10011738.30038-122.50211","100117","38.30038-122.50211","Summer Valley Farm",-122.50211,38.30038,46.9392,"US",NA,NA,"UTC"
"10011937.23877-122.04426","100119","37.23877-122.04426","Saratoga Hills",-122.04426,37.23877,611.7336,"US",NA,NA,"UTC"
"10017538.62998-122.86875","100175","38.62998-122.86875","1514 Lupine",-122.86875,38.62998,51.816,"US",NA,NA,"UTC"
"10042337.32123-122.0671","100423","37.32123-122.0671","Cupertino-Los Altos Hills",-122.0671,37.32123,119.4816,"US",NA,NA,"UTC"
"10059133.97296-117.34202","100591","33.97296-117.34202","CARB office (outside)",-117.34202,33.97296,301.752,"US",NA,NA,"UTC"
"10059332.5234-116.95248","100593","32.5234-116.95248","US Consulate Tijuana",-116.95248,32.5234,133.1976,"US",NA,NA,"UTC"
"10073538.5822-121.49362","100735","38.5822-121.49362","City Hall Complex",-121.49362,38.5822,7.0104,"US",NA,NA,"UTC"
"10076538.59384-121.49963","100765","38.59384-121.49963","Sac River WTP - Control Room\/Ops Building",-121.49963,38.59384,10.668,"US",NA,NA,"UTC"
"10079739.36192-120.09888","100797","39.36192-120.09888","Truckee Fire Station 95",-120.09888,39.36192,1812.6456,"US",NA,NA,"UTC"
"10080537.99092-122.5443","100805","37.99092-122.5443","Circle Rd",-122.5443,37.99092,28.0416,"US",NA,NA,"UTC"
"10081338.57033-121.51071","100813","38.57033-121.51071","Animal Care Admin Building",-121.51071,38.57033,5.7912,"US",NA,NA,"UTC"
"10087937.92543-122.53545","100879","37.92543-122.53545","223 Outside",-122.53545,37.92543,94.7928,"US",NA,NA,"UTC"
"10088737.34784-121.98678","100887","37.34784-121.98678","Pomeroy Avenue",-121.98678,37.34784,29.8704,"US",NA,NA,"UTC"
"10093137.77563-122.42993","100931","37.77563-122.42993","515 Webster",-122.42993,37.77563,47.244,"US",NA,NA,"UTC"
"10093537.9916-122.07595","100935","37.9916-122.07595","Pacheco",-122.07595,37.9916,17.9832,"US",NA,NA,"UTC"
"10095137.43673-122.20233","100951","37.43673-122.20233","OrangeAir",-122.20233,37.43673,32.3088,"US",NA,NA,"UTC"
"10097538.10437-122.26088","100975","38.10437-122.26088","Carolina st.  Vallwjo",-122.26088,38.10437,21.6408,"US",NA,NA,"UTC"
"10097738.13593-122.25041","100977","38.13593-122.25041","Almond Vallejo",-122.25041,38.13593,10.0584,"US",NA,NA,"UTC"
"10098338.06101-122.14959","100983","38.06101-122.14959","Benicia Brandon",-122.14959,38.06101,58.8264,"US",NA,NA,"UTC"
"10098738.13507-122.24216","100987","38.13507-122.24216","Parkview Terrace vallejo",-122.24216,38.13507,61.2648,"US",NA,NA,"UTC"
"10098938.09329-122.27083","100989","38.09329-122.27083","Sundance Ave  Vallejo",-122.27083,38.09329,12.8016,"US",NA,NA,"UTC"
"10103539.28371-120.69237","101035","39.28371-120.69237","Judah Road",-120.69237,39.28371,1621.2312,"US",NA,NA,"UTC"
"10104338.04774-122.53884","101043","38.04774-122.53884","Charmaine",-122.53884,38.04774,55.1688,"US",NA,NA,"UTC"
"10107337.60934-122.4791","101073","37.60934-122.4791","Vallemar",-122.4791,37.60934,98.4504,"US",NA,NA,"UTC"
"10107537.91113-122.02181","101075","37.91113-122.02181","Northgate",-122.02181,37.91113,55.1688,"US",NA,NA,"UTC"
"10108134.06933-117.74944","101081","34.06933-117.74944","Pomona Historic Lincoln Park",-117.74944,34.06933,277.0632,"US",NA,NA,"UTC"
"10108337.36335-122.05677","101083","37.36335-122.05677","Fig Island",-122.05677,37.36335,54.864,"US",NA,NA,"UTC"
"10121338.44818-122.61428","101213","38.44818-122.61428","MesaOaksCircle",-122.61428,38.44818,142.3416,"US",NA,NA,"UTC"
"10121533.03778-117.22889","101215","33.03778-117.22889","Good Life garden",-117.22889,33.03778,38.7096,"US",NA,NA,"UTC"
"10122137.40927-122.15807","101221","37.40927-122.15807","921 Cottrell Way  Stanford  CA",-122.15807,37.40927,49.9872,"US",NA,NA,"UTC"
"10122539.8918-121.8843","101225","39.8918-121.8843","Pine Creek",-121.8843,39.8918,131.6736,"US",NA,NA,"UTC"
"10124737.50198-122.27247","101247","37.50198-122.27247","Fargoville-outside-deux",-122.27247,37.50198,31.6992,"US",NA,NA,"UTC"
"10129937.41659-122.18927","101299","37.41659-122.18927","Stanford Acres",-122.18927,37.41659,46.0248,"US",NA,NA,"UTC"
"10132137.91349-122.2885","101321","37.91349-122.2885","Anson",-122.2885,37.91349,137.16,"US",NA,NA,"UTC"
"10134537.72315-122.46467","101345","37.72315-122.46467","Victoria",-122.46467,37.72315,70.7136,"US",NA,NA,"UTC"
"10137937.58789-122.3767","101379","37.58789-122.3767","1509 Cortez Ave  Burlingame  CA 94010",-122.3767,37.58789,13.4112,"US",NA,NA,"UTC"
"10143937.40816-121.90604","101439","37.40816-121.90604","Zanker Elementary School",-121.90604,37.40816,10.668,"US",NA,NA,"UTC"
"10144337.441-121.91366","101443","37.441-121.91366","Curtner Elementary School",-121.91366,37.441,4.2672,"US",NA,NA,"UTC"
"10145337.44274-121.88104","101453","37.44274-121.88104","Burnett Elementary School",-121.88104,37.44274,20.7264,"US",NA,NA,"UTC"
"10147937.40486-122.06546","101479","37.40486-122.06546","Home",-122.06546,37.40486,13.716,"US",NA,NA,"UTC"
"10149337.94325-122.31697","101493","37.94325-122.31697","Clinton &amp; Yale",-122.31697,37.94325,77.1144,"US",NA,NA,"UTC"
"10150337.66841-121.71683","101503","37.66841-121.71683","Outside",-121.71683,37.66841,199.644,"US",NA,NA,"UTC"
"10151339.36585-120.15713","101513","39.36585-120.15713","Badger's Drift",-120.15713,39.36585,1769.6688,"US",NA,NA,"UTC"
"10151537.79826-122.19718","101515","37.79826-122.19718","Wisconsin-Norton",-122.19718,37.79826,81.3816,"US",NA,NA,"UTC"
"10152137.4236-122.11626","101521","37.4236-122.11626","Mitchell Park - by Nexla",-122.11626,37.4236,5.4864,"US",NA,NA,"UTC"
"10153937.86499-122.14543","101539","37.86499-122.14543","Zsense",-122.14543,37.86499,307.5432,"US",NA,NA,"UTC"
"10160737.96657-122.54054","101607","37.96657-122.54054","Greenwood",-122.54054,37.96657,35.3568,"US",NA,NA,"UTC"
"10162933.86569-117.9559","101629","33.86569-117.9559","The Nobles",-117.9559,33.86569,35.3568,"US",NA,NA,"UTC"
"10164539.29127-123.57702","101645","39.29127-123.57702","Comptche Spring Ranch",-123.57702,39.29127,317.2968,"US",NA,NA,"UTC"
"10165937.80044-122.43964","101659","37.80044-122.43964","WoodTiger",-122.43964,37.80044,5.4864,"US",NA,NA,"UTC"
"10169137.37923-122.13678","101691","37.37923-122.13678","LAH RV Outside",-122.13678,37.37923,93.5736,"US",NA,NA,"UTC"
"10172037.7496-122.40885","101720","37.7496-122.40885","Lower Mission Outside",-122.40885,37.7496,12.8016,"US",NA,NA,"UTC"
"10174039.2322-121.2104","101740","39.2322-121.2104","Skipper Ct",-121.2104,39.2322,378.8664,"US",NA,NA,"UTC"
"10175239.67448-119.69555","101752","39.67448-119.69555","Shadow Ridge",-119.69555,39.67448,1391.412,"US",NA,NA,"UTC"
"10176238.87342-121.31411","101762","38.87342-121.31411","Terathon",-121.31411,38.87342,43.2816,"US",NA,NA,"UTC"
"10176837.91942-122.55397","101768","37.91942-122.55397","W Blithedale at Trailhead",-122.55397,37.91942,56.6928,"US",NA,NA,"UTC"
"10177437.43108-121.91314","101774","37.43108-121.91314","Anthony Spangler Elementary School",-121.91314,37.43108,4.572,"US",NA,NA,"UTC"
"10177637.42272-121.87069","101776","37.42272-121.87069","Sinnott Elementary School",-121.87069,37.42272,39.624,"US",NA,NA,"UTC"
"10180638.70863-122.83758","101806","38.70863-122.83758","Monson Vineyards",-122.83758,38.70863,221.8944,"US",NA,NA,"UTC"
"10181039.30709-119.64164","101810","39.30709-119.64164","VC High School",-119.64164,39.30709,1805.3304,"US",NA,NA,"UTC"
"10183837.34925-121.7786","101838","37.34925-121.7786","East San Jose Foothills",-121.7786,37.34925,225.552,"US",NA,NA,"UTC"
"10197838.53907-123.11713","101978","38.53907-123.11713","Fort Ross Road",-123.11713,38.53907,177.0888,"US",NA,NA,"UTC"
"10201436.81924-119.71639","102014","36.81924-119.71639","Clovis RAMP PA",-119.71639,36.81924,109.4232,"US",NA,NA,"UTC"
"10203234.17028-118.1603","102032","34.17028-118.1603","Pasadena - Lincoln &amp; Washington",-118.1603,34.17028,295.3512,"US",NA,NA,"UTC"
"10206434.00304-118.45161","102064","34.00304-118.45161","LS",-118.45161,34.00304,9.7536,"US",NA,NA,"UTC"
"10206837.92415-122.53181","102068","37.92415-122.53181","Lower Christmas Tree Hill",-122.53181,37.92415,65.2272,"US",NA,NA,"UTC"
"10213437.3528-121.87462","102134","37.3528-121.87462","Guinness",-121.87462,37.3528,27.7368,"US",NA,NA,"UTC"
"10215437.28553-121.97034","102154","37.28553-121.97034","DUB Home",-121.97034,37.28553,64.6176,"US",NA,NA,"UTC"
"10217237.25463-121.92873","102172","37.25463-121.92873","Bronson",-121.92873,37.25463,73.152,"US",NA,NA,"UTC"
"10218034.04835-117.1459","102180","34.04835-117.1459","Redlands  Ca",-117.1459,34.04835,510.8448,"US",NA,NA,"UTC"
"10219237.74187-121.92581","102192","37.74187-121.92581","Old Ranch  San Ramon  CA",-121.92581,37.74187,160.6296,"US",NA,NA,"UTC"
"10230838.41994-121.30544","102308","38.41994-121.30544","Hop Ranch",-121.30544,38.41994,21.9456,"US",NA,NA,"UTC"
"10250237.36021-122.20847","102502","37.36021-122.20847","Top of Ohlone Street",-122.20847,37.36021,218.5416,"US",NA,NA,"UTC"
"10251837.96144-122.08704","102518","37.96144-122.08704","Air4all",-122.08704,37.96144,73.7616,"US",NA,NA,"UTC"
"10252838.33434-121.93434","102528","38.33434-121.93434","Sage Sparrow",-121.93434,38.33434,28.956,"US",NA,NA,"UTC"
"10256437.7539-122.4655","102564","37.7539-122.4655","Ninth + Noriega",-122.4655,37.7539,154.2288,"US",NA,NA,"UTC"
"10258037.8503-122.27847","102580","37.8503-122.27847","66th &amp; Sacramento",-122.27847,37.8503,22.2504,"US",NA,NA,"UTC"
"10259637.05827-121.92316","102596","37.05827-121.92316","Olive Springs Near Quarry",-121.92316,37.05827,101.4984,"US",NA,NA,"UTC"
"10263037.44349-122.32831","102630","37.44349-122.32831","Ware Road",-122.32831,37.44349,624.84,"US",NA,NA,"UTC"
"10275841.2807-123.83414","102758","41.2807-123.83414","Kepel",-123.83414,41.2807,179.2224,"US",NA,NA,"UTC"
"10279437.65034-119.03764","102794","37.65034-119.03764","Main Lodge Patrol",-119.03764,37.65034,2714.8536,"US",NA,NA,"UTC"
"10280837.75044-119.0745","102808","37.75044-119.0745","June Mountain - Stu Pots",-119.0745,37.75044,2786.1768,"US",NA,NA,"UTC"
"10292433.7538-117.87509","102924","33.7538-117.87509","Martinez Residence",-117.87509,33.7538,36.8808,"US",NA,NA,"UTC"
"10303033.74947-117.936","103030","33.74947-117.936","Estrada Household",-117.936,33.74947,21.336,"US",NA,NA,"UTC"
"10303233.74427-117.88658","103032","33.74427-117.88658","Casa Bejarano",-117.88658,33.74427,27.7368,"US",NA,NA,"UTC"
"10305233.78746-117.907","103052","33.78746-117.907","Ramirez Residence",-117.907,33.78746,36.8808,"US",NA,NA,"UTC"
"10306033.72279-117.90468","103060","33.72279-117.90468","Casa Linares Cheney",-117.90468,33.72279,17.3736,"US",NA,NA,"UTC"
"10312033.69667-117.86903","103120","33.69667-117.86903","Hanson Residence",-117.86903,33.69667,12.4968,"US",NA,NA,"UTC"
"10313039.25367-119.98286","103130","39.25367-119.98286","Dale Dr",-119.98286,39.25367,2020.5192,"US",NA,NA,"UTC"
"10314433.74749-117.91682","103144","33.74749-117.91682","Casa Pacheco",-117.91682,33.74749,22.86,"US",NA,NA,"UTC"
"10318632.73204-114.61604","103186","32.73204-114.61604","Ft. Yuma",-114.61604,32.73204,58.8264,"US",NA,NA,"UTC"
"10323034.05532-117.29999","103230","34.05532-117.29999","Rivian Colton",-117.29999,34.05532,294.132,"US",NA,NA,"UTC"
"10325237.86139-121.99599","103252","37.86139-121.99599","Oakshire Pl",-121.99599,37.86139,250.5456,"US",NA,NA,"UTC"
"10327433.73407-117.94006","103274","33.73407-117.94006","Casa Diaz",-117.94006,33.73407,17.0688,"US",NA,NA,"UTC"
"10329037.81504-122.1951","103290","37.81504-122.1951","Castle Park Way",-122.1951,37.81504,308.7624,"US",NA,NA,"UTC"
"10329233.72716-117.85847","103292","33.72716-117.85847","Casa Terrazas",-117.85847,33.72716,25.2984,"US",NA,NA,"UTC"
"10376638.0799-122.1818","103766","38.0799-122.1818","El Nido Dos",-122.1818,38.0799,96.3168,"US",NA,NA,"UTC"
"10380038.58168-122.61001","103800","38.58168-122.61001","Franz Valley",-122.61001,38.58168,175.5648,"US",NA,NA,"UTC"
"10380237.7606-122.4175","103802","37.7606-122.4175","Churchill Park",-122.4175,37.7606,14.6304,"US",NA,NA,"UTC"
"10383238.30229-122.26959","103832","38.30229-122.26959","Chapel Hill",-122.26959,38.30229,44.5008,"US",NA,NA,"UTC"
"10385237.76218-122.24046","103852","37.76218-122.24046","Crist Street Alameda",-122.24046,37.76218,9.144,"US",NA,NA,"UTC"
"10387037.16103-122.01318","103870","37.16103-122.01318","Upper Zayante",-122.01318,37.16103,563.5752,"US",NA,NA,"UTC"
"10390438.44944-122.38045","103904","38.44944-122.38045","Groth",-122.38045,38.44944,38.7096,"US",NA,NA,"UTC"
"10390839.38062-119.63207","103908","39.38062-119.63207","Stovepipe outside",-119.63207,39.38062,1853.7936,"US",NA,NA,"UTC"
"10395839.21032-121.0059","103958","39.21032-121.0059","Shady Acres",-121.0059,39.21032,899.4648,"US",NA,NA,"UTC"
"10396033.69268-117.62087","103960","33.69268-117.62087","Silverado",-117.62087,33.69268,414.8328,"US",NA,NA,"UTC"
"10399234.83831-119.14988","103992","34.83831-119.14988","Pine Mountain Club -- Woodland Drive",-119.14988,34.83831,1835.8104,"US",NA,NA,"UTC"
"10403039.56246-119.72962","104030","39.56246-119.72962","Martini Heights Outside",-119.72962,39.56246,1376.4768,"US",NA,NA,"UTC"
"10403439.7749-120.63436","104034","39.7749-120.63436","Graeagle Goldridge",-120.63436,39.7749,1335.6336,"US",NA,NA,"UTC"
"10404239.25542-120.03208","104042","39.25542-120.03208","Kings Landing",-120.03208,39.25542,2022.348,"US",NA,NA,"UTC"
"10409637.48809-120.83556","104096","37.48809-120.83556","Turlock RAMP PA",-120.83556,37.48809,33.528,"US",NA,NA,"UTC"
"10410436.10221-119.56571","104104","36.10221-119.56571","Corcoran-Patterson RAMP PA",-119.56571,36.10221,58.2168,"US",NA,NA,"UTC"
"10410637.30835-120.48012","104106","37.30835-120.48012","Merced M-Street RAMP PA",-120.48012,37.30835,53.0352,"US",NA,NA,"UTC"
"10410837.79342-121.24782","104108","37.79342-121.24782","Manteca RAMP PA",-121.24782,37.79342,10.3632,"US",NA,NA,"UTC"
"10411035.38556-119.01502","104110","35.38556-119.01502","Bakersfield Golden RAMP PA",-119.01502,35.38556,127.4064,"US",NA,NA,"UTC"
"10423036.72651-119.73324","104230","36.72651-119.73324","Fresno-Pacific RAMP PA",-119.73324,36.72651,94.1832,"US",NA,NA,"UTC"
"10424636.31577-119.64329","104246","36.31577-119.64329","Hanford RAMP PA",-119.64329,36.31577,70.4088,"US",NA,NA,"UTC"
"10425436.95326-120.03422","104254","36.95326-120.03422","Madera-City RAMP PA",-120.03422,36.95326,82.9056,"US",NA,NA,"UTC"
"10434837.77805-122.43579","104348","37.77805-122.43579","Alamo Square  SF",-122.43579,37.77805,59.1312,"US",NA,NA,"UTC"
"10435037.89234-122.47976","104350","37.89234-122.47976","Hilary - outside",-122.47976,37.89234,40.5384,"US",NA,NA,"UTC"
"10435638.01698-122.55122","104356","38.01698-122.55122","nolavendola",-122.55122,38.01698,59.436,"US",NA,NA,"UTC"
"10436439.31553-120.19504","104364","39.31553-120.19504","Rio Vista",-120.19504,39.31553,1897.9896,"US",NA,NA,"UTC"
"10437237.78283-119.086","104372","37.78283-119.086","June Lake",-119.086,37.78283,2378.0496,"US",NA,NA,"UTC"
"10438033.60122-117.86143","104380","33.60122-117.86143","Musigny2",-117.86143,33.60122,82.9056,"US",NA,NA,"UTC"
"10439038.97963-119.9212","104390","38.97963-119.9212","ChimneyRock\/TerraceView",-119.9212,38.97963,2020.5192,"US",NA,NA,"UTC"
"10439641.33335-122.35977","104396","41.33335-122.35977","Audubon &amp; Timber Hills",-122.35977,41.33335,1139.6472,"US",NA,NA,"UTC"
"10439839.51689-119.81529","104398","39.51689-119.81529","Midtown1",-119.81529,39.51689,1379.8296,"US",NA,NA,"UTC"
"10440038.85103-119.64696","104400","38.85103-119.64696","Pineview Resident",-119.64696,38.85103,1650.1872,"US",NA,NA,"UTC"
"10440838.75582-121.16947","104408","38.75582-121.16947","Granite Bay",-121.16947,38.75582,115.2144,"US",NA,NA,"UTC"
"10441637.9337-122.53442","104416","37.9337-122.53442","230 monte vista ave  larkspur  ca  94939",-122.53442,37.9337,7.9248,"US",NA,NA,"UTC"
"10442038.86706-119.99523","104420","38.86706-119.99523","Meyers",-119.99523,38.86706,1960.7784,"US",NA,NA,"UTC"
"10443237.89027-122.27305","104432","37.89027-122.27305","Baja Los Angeles Ave",-122.27305,37.89027,92.6592,"US",NA,NA,"UTC"
"10443439.77614-121.58283","104434","39.77614-121.58283","Dolores Drive  Paradise",-121.58283,39.77614,627.2784,"US",NA,NA,"UTC"
"10444239.53029-119.92514","104442","39.53029-119.92514","Boulders",-119.92514,39.53029,1579.7784,"US",NA,NA,"UTC"
"10445038.34944-122.68654","104450","38.34944-122.68654","Rohnert Park",-122.68654,38.34944,38.7096,"US",NA,NA,"UTC"
"10445638.24495-120.32845","104456","38.24495-120.32845","Cypress Point &amp; Wawona",-120.32845,38.24495,1297.2288,"US",NA,NA,"UTC"
"10446439.77089-121.49685","104464","39.77089-121.49685","Concow",-121.49685,39.77089,658.368,"US",NA,NA,"UTC"
"10449233.64405-117.84439","104492","33.64405-117.84439","AirUCI",-117.84439,33.64405,39.0144,"US",NA,NA,"UTC"
"10450832.64698-115.49403","104508","32.64698-115.49403","AYUNTAMIENTO E MEXICALI - ESTACION ESPERANZA *",-115.49403,32.64698,2.4384,"US",NA,NA,"UTC"
"10456436.98445-122.04547","104564","36.98445-122.04547","Upper West Side Santa Cruz",-122.04547,36.98445,113.6904,"US",NA,NA,"UTC"
"10458039.34686-120.25404","104580","39.34686-120.25404","TD Rhineland",-120.25404,39.34686,2047.6464,"US",NA,NA,"UTC"
"10460040.85644-121.84816","104600","40.85644-121.84816","Moosecamp",-121.84816,40.85644,1150.3152,"US",NA,NA,"UTC"
"10460238.83297-121.10397","104602","38.83297-121.10397","Newcastle Rd at Rattlesnake rd",-121.10397,38.83297,213.36,"US",NA,NA,"UTC"
"10461237.79906-122.42443","104612","37.79906-122.42443","5th floor",-122.42443,37.79906,29.5656,"US",NA,NA,"UTC"
"10462239.34943-120.18108","104622","39.34943-120.18108","PROSSER LAKE HEIGHTS",-120.18108,39.34943,1856.5368,"US",NA,NA,"UTC"
"10462639.16824-121.04986","104626","39.16824-121.04986","Frog Consulate",-121.04986,39.16824,789.1272,"US",NA,NA,"UTC"
"10465238.05318-122.15154","104652","38.05318-122.15154","253 Military E",-122.15154,38.05318,22.86,"US",NA,NA,"UTC"
"10465839.35209-120.23165","104658","39.35209-120.23165","Conecta Preschool",-120.23165,39.35209,1972.9704,"US",NA,NA,"UTC"
"10467038.91152-121.32558","104670","38.91152-121.32558","JMC Lakeside",-121.32558,38.91152,42.3672,"US",NA,NA,"UTC"
"10468036.95435-122.03213","104680","36.95435-122.03213","Westside Lighthouse",-122.03213,36.95435,13.716,"US",NA,NA,"UTC"
"10468832.82778-117.24732","104688","32.82778-117.24732","Via Lucia",-117.24732,32.82778,186.2328,"US",NA,NA,"UTC"
"10469238.07151-122.80678","104692","38.07151-122.80678","Casa Manana",-122.80678,38.07151,23.1648,"US",NA,NA,"UTC"
"10469638.52694-122.79944","104696","38.52694-122.79944","1000 American Way. Windsor",-122.79944,38.52694,32.6136,"US",NA,NA,"UTC"
"10470037.99682-122.27766","104700","37.99682-122.27766","Dean Ct",-122.27766,37.99682,87.4776,"US",NA,NA,"UTC"
"10470837.42858-122.28437","104708","37.42858-122.28437","Roan",-122.28437,37.42858,269.4432,"US",NA,NA,"UTC"
"10471438.93058-121.06197","104714","38.93058-121.06197","Luther",-121.06197,38.93058,495.6048,"US",NA,NA,"UTC"
"10471637.71441-122.06564","104716","37.71441-122.06564","Trenton Drive",-122.06564,37.71441,133.5024,"US",NA,NA,"UTC"
"10472639.34209-121.33178","104726","39.34209-121.33178","Collins Lake",-121.33178,39.34209,373.0752,"US",NA,NA,"UTC"
"10473239.51922-119.99625","104732","39.51922-119.99625","Down By the River (Outside)",-119.99625,39.51922,1486.8144,"US",NA,NA,"UTC"
"10485239.4936-119.86693","104852","39.4936-119.86693","Caughlin Ranch Rd",-119.86693,39.4936,1457.5536,"US",NA,NA,"UTC"
"10485838.33839-122.35073","104858","38.33839-122.35073","MFV",-122.35073,38.33839,65.8368,"US",NA,NA,"UTC"
"10486239.13703-120.15939","104862","39.13703-120.15939","Purple Helmut",-120.15939,39.13703,1918.716,"US",NA,NA,"UTC"
"10486838.52502-121.49187","104868","38.52502-121.49187","5517 Helen Way  Sacramento  CA 95822",-121.49187,38.52502,6.4008,"US",NA,NA,"UTC"
"10488437.30654-120.5861","104884","37.30654-120.5861","Lucille Lane",-120.5861,37.30654,42.672,"US",NA,NA,"UTC"
"10489433.45717-117.61552","104894","33.45717-117.61552","SCMP_08",-117.61552,33.45717,153.924,"US",NA,NA,"UTC"
"10490033.88046-117.83656","104900","33.88046-117.83656","SCMP_09",-117.83656,33.88046,94.7928,"US",NA,NA,"UTC"
"10490834.05121-118.45622","104908","34.05121-118.45622","WSLA_AMS_01",-118.45622,34.05121,92.6592,"US",NA,NA,"UTC"
"10491633.70322-117.77359","104916","33.70322-117.77359","SCMP_06",-117.77359,33.70322,42.9768,"US",NA,NA,"UTC"
"10492433.8524-116.54096","104924","33.8524-116.54096","PLSP_AMS_02",-116.54096,33.8524,172.8216,"US",NA,NA,"UTC"
"10492633.6773-117.99817","104926","33.6773-117.99817","SCMP_05",-117.99817,33.6773,14.3256,"US",NA,NA,"UTC"
"10494033.85971-118.20066","104940","33.85971-118.20066","710NR_AMS_01",-118.20066,33.85971,14.6304,"US",NA,NA,"UTC"
"10494233.94999-117.69694","104942","33.94999-117.69694","SCMP_04",-117.69694,33.94999,292.608,"US",NA,NA,"UTC"
"10495639.23683-120.01492","104956","39.23683-120.01492","BeaverAir",-120.01492,39.23683,1944.624,"US",NA,NA,"UTC"
"10499638.27204-122.66384","104996","38.27204-122.66384","HenHouse Palace of Barrels",-122.66384,38.27204,11.8872,"US",NA,NA,"UTC"
"10501838.40054-122.72552","105018","38.40054-122.72552","HenHouse Brewing - Santa Rosa",-122.72552,38.40054,34.7472,"US",NA,NA,"UTC"
"10512839.87606-121.19605","105128","39.87606-121.19605","Bucks Lake  California",-121.19605,39.87606,1638.9096,"US",NA,NA,"UTC"
"10516838.44329-122.8106","105168","38.44329-122.8106","Summerfield Waldorf School &amp; Farm",-122.8106,38.44329,29.2608,"US",NA,NA,"UTC"
"10520637.75671-122.24363","105206","37.75671-122.24363","nifty 2 60 1",-122.24363,37.75671,3.9624,"US",NA,NA,"UTC"
"10533441.70262-122.61924","105334","41.70262-122.61924","SAFE-Yreka-Karuk-Housing",-122.61924,41.70262,878.4336,"US",NA,NA,"UTC"
"10550637.35036-122.01315","105506","37.35036-122.01315","Eleanor Way",-122.01315,37.35036,39.9288,"US",NA,NA,"UTC"
"10552638.37146-122.9716","105526","38.37146-122.9716","Joy Ridge",-122.9716,38.37146,204.5208,"US",NA,NA,"UTC"
"10558241.71722-122.6431","105582","41.71722-122.6431","SAFE-Yreka-Karuk-Clinic-Outside",-122.6431,41.71722,814.1208,"US",NA,NA,"UTC"
"10559439.72921-121.83771","105594","39.72921-121.83771","Municipal Center",-121.83771,39.72921,61.5696,"US",NA,NA,"UTC"
"10569237.7582-122.47547","105692","37.7582-122.47547","Bahay na Araw",-122.47547,37.7582,111.252,"US",NA,NA,"UTC"
"10569438.79028-121.01033","105694","38.79028-121.01033","Divina Farms",-121.01033,38.79028,356.9208,"US",NA,NA,"UTC"
"10581234.46782-119.79916","105812","34.46782-119.79916","Twinridge",-119.79916,34.46782,146.9136,"US",NA,NA,"UTC"
"10600639.31892-120.26051","106006","39.31892-120.26051","South Shore of Donner Lake",-120.26051,39.31892,1818.132,"US",NA,NA,"UTC"
"10612037.77843-122.22017","106120","37.77843-122.22017","Bridge Avenue Fruitvale",-122.22017,37.77843,15.8496,"US",NA,NA,"UTC"
"10618634.13419-118.1438","106186","34.13419-118.1438","Magnolia Ave",-118.1438,34.13419,237.4392,"US",NA,NA,"UTC"
"10662437.78667-122.47132","106624","37.78667-122.47132","Mountain Lake Park",-122.47132,37.78667,46.0248,"US",NA,NA,"UTC"
"10662639.27054-119.97106","106626","39.27054-119.97106","UT2K3",-119.97106,39.27054,2324.1,"US",NA,NA,"UTC"
"10735837.45851-122.14426","107358","37.45851-122.14426","Oasis",-122.14426,37.45851,10.9728,"US",NA,NA,"UTC"
"10736434.00333-118.05477","107364","34.00333-118.05477","Sycamore Canyon",-118.05477,34.00333,117.6528,"US",NA,NA,"UTC"
"10753639.26384-120.12671","107536","39.26384-120.12671","900 Road",-120.12671,39.26384,2086.0512,"US",NA,NA,"UTC"
"10754838.56235-121.77151","107548","38.56235-121.77151","2020 SUTTER PL  DAVIS - OUTDOOR (rooftop)",-121.77151,38.56235,14.6304,"US",NA,NA,"UTC"
"10756438.94252-121.10455","107564","38.94252-121.10455","3288 Bell ROAD",-121.10455,38.94252,441.0456,"US",NA,NA,"UTC"
"10757438.13121-122.23767","107574","38.13121-122.23767","Sutter Solano Medical Center",-122.23767,38.13121,51.5112,"US",NA,NA,"UTC"
"10757639.10558-122.90606","107576","39.10558-122.90606","Sutter Lakeside Hospital",-122.90606,39.10558,429.768,"US",NA,NA,"UTC"
"10758037.74759-122.42162","107580","37.74759-122.42162","CPMC  Mission Bernal Campus  Roof",-122.42162,37.74759,22.86,"US",NA,NA,"UTC"
"10762437.93213-122.31076","107624","37.93213-122.31076","East Bay Montessori",-122.31076,37.93213,115.5192,"US",NA,NA,"UTC"
"10764037.8762-122.51432","107640","37.8762-122.51432","Headlands",-122.51432,37.8762,57.6072,"US",NA,NA,"UTC"
"10764836.91007-119.81327","107648","36.91007-119.81327","MMGFig",-119.81327,36.91007,108.8136,"US",NA,NA,"UTC"
"10765838.06305-121.26707","107658","38.06305-121.26707","Micke Grove Road",-121.26707,38.06305,13.4112,"US",NA,NA,"UTC"
"10766439.35175-120.09884","107664","39.35175-120.09884","Glenshire Pool",-120.09884,39.35175,1789.7856,"US",NA,NA,"UTC"
"10766839.26637-120.90579","107668","39.26637-120.90579","Wompers Cabin",-120.90579,39.26637,1125.3216,"US",NA,NA,"UTC"
"10774237.89092-122.44753","107742","37.89092-122.44753","EOS 74A",-122.44753,37.89092,3.9624,"US",NA,NA,"UTC"
"10782238.23715-122.08501","107822","38.23715-122.08501","2700 LOW CT FAIRFIELD - OUTDOOR (ROOFTOP)",-122.08501,38.23715,11.8872,"US",NA,NA,"UTC"
"10783237.85178-122.24953","107832","37.85178-122.24953","Eton Ct",-122.24953,37.85178,72.8472,"US",NA,NA,"UTC"
"10790640.63415-122.97786","107906","40.63415-122.97786","B-Bar-K",-122.97786,40.63415,518.7696,"US",NA,NA,"UTC"
"10800438.51562-121.53856","108004","38.51562-121.53856","Brickyard",-121.53856,38.51562,8.2296,"US",NA,NA,"UTC"
"10802237.43908-122.43662","108022","37.43908-122.43662","15th green  Carnoustie Drive",-122.43662,37.43908,18.5928,"US",NA,NA,"UTC"
"10803238.57643-121.26723","108032","38.57643-121.26723","The PLUR Hole",-121.26723,38.57643,31.6992,"US",NA,NA,"UTC"
"10810037.5493-122.36992","108100","37.5493-122.36992","Darrell Rd",-122.36992,37.5493,189.2808,"US",NA,NA,"UTC"
"10817040.38513-120.65664","108170","40.38513-120.65664","Susan Hills",-120.65664,40.38513,1303.6296,"US",NA,NA,"UTC"
"10817637.44699-122.21643","108176","37.44699-122.21643","243",-122.21643,37.44699,27.7368,"US",NA,NA,"UTC"
"10818237.44889-122.21354","108182","37.44889-122.21354","CP",-122.21354,37.44889,24.6888,"US",NA,NA,"UTC"
"10818837.36174-119.6965","108188","37.36174-119.6965","Sierra Meadows",-119.6965,37.36174,672.6936,"US",NA,NA,"UTC"
"10821037.74485-122.42129","108210","37.74485-122.42129","Tiffany Green",-122.42129,37.74485,26.2128,"US",NA,NA,"UTC"
"10828639.23847-119.57564","108286","39.23847-119.57564","LCSD-Dayton",-119.57564,39.23847,1339.9008,"US",NA,NA,"UTC"
"10831238.80289-119.32642","108312","38.80289-119.32642","LCSD-Smith Valley",-119.32642,38.80289,1455.42,"US",NA,NA,"UTC"
"10831838.99373-119.16016","108318","38.99373-119.16016","LCSD-Yerington",-119.16016,38.99373,1335.3288,"US",NA,NA,"UTC"
"10832240.51462-122.36764","108322","40.51462-122.36764","Creekside Purple Air",-122.36764,40.51462,135.0264,"US",NA,NA,"UTC"
"10832837.42037-122.12058","108328","37.42037-122.12058","South Court",-122.12058,37.42037,7.9248,"US",NA,NA,"UTC"
"10834033.96232-118.3794","108340","33.96232-118.3794","Osage Triangle outside",-118.3794,33.96232,32.004,"US",NA,NA,"UTC"
"10836237.57231-122.35342","108362","37.57231-122.35342","Burlingame Park",-122.35342,37.57231,17.6784,"US",NA,NA,"UTC"
"10837237.64587-120.29361","108372","37.64587-120.29361","Barrett Cove - Lake McClure",-120.29361,37.64587,269.4432,"US",NA,NA,"UTC"
"10837833.09524-117.29682","108378","33.09524-117.29682","Melodia terrace  Carlsbad  CA 92011",-117.29682,33.09524,45.1104,"US",NA,NA,"UTC"
"10838838.03122-122.58182","108388","38.03122-122.58182","26 Zephyr court  san rafael ca 94903",-122.58182,38.03122,53.0352,"US",NA,NA,"UTC"
"10839437.9507-122.53043","108394","37.9507-122.53043","bd-pa",-122.53043,37.9507,44.5008,"US",NA,NA,"UTC"
"10840039.581-119.70676","108400","39.581-119.70676","Beasley ES",-119.70676,39.581,1416.4056,"US",NA,NA,"UTC"
"10841239.52718-119.89257","108412","39.52718-119.89257","Westergard ES",-119.89257,39.52718,1525.524,"US",NA,NA,"UTC"
"10842239.65358-119.88254","108422","39.65358-119.88254","Desert Heights ES",-119.88254,39.65358,1522.1712,"US",NA,NA,"UTC"
"10842638.55112-121.71201","108426","38.55112-121.71201","Schilling Robotics",-121.71201,38.55112,11.8872,"US",NA,NA,"UTC"
"10846839.17918-119.7022","108468","39.17918-119.7022","N Deer Run Rd",-119.7022,39.17918,1418.2344,"US",NA,NA,"UTC"
"10849438.6231-122.83819","108494","38.6231-122.83819","North Fitch Mtn",-122.83819,38.6231,46.6344,"US",NA,NA,"UTC"
"10850238.60149-120.655","108502","38.60149-120.655","Gray rock rd",-120.655,38.60149,702.8688,"US",NA,NA,"UTC"
"10851637.85826-122.25258","108516","37.85826-122.25258","City of Berkeley Fire Station 3",-122.25258,37.85826,78.9432,"US",NA,NA,"UTC"
"10852439.26622-120.9035","108524","39.26622-120.9035","Summit Ridge PF",-120.9035,39.26622,1108.8624,"US",NA,NA,"UTC"
"10853038.74923-121.20985","108530","38.74923-121.20985","Douglas &amp; Kingsgate",-121.20985,38.74923,87.4776,"US",NA,NA,"UTC"
"10853436.46649-118.85452","108534","36.46649-118.85452","Hammond",-118.85452,36.46649,433.7304,"US",NA,NA,"UTC"
"10853639.34921-119.83192","108536","39.34921-119.83192","Snow flower drive",-119.83192,39.34921,1736.7504,"US",NA,NA,"UTC"
"10854037.88862-122.27607","108540","37.88862-122.27607","City of Berkeley Fire Station 4",-122.27607,37.88862,75.8952,"US",NA,NA,"UTC"
"10854639.62248-120.52623","108546","39.62248-120.52623","Clark Station",-120.52623,39.62248,1884.8832,"US",NA,NA,"UTC"
"10856439.3492-120.23486","108564","39.3492-120.23486","Cristallina Way",-120.23486,39.3492,1986.6864,"US",NA,NA,"UTC"
"10856840.26093-124.20066","108568","40.26093-124.20066","SE side Damon Ridge  Upper Mattole",-124.20066,40.26093,186.5376,"US",NA,NA,"UTC"
"10859039.48801-119.82736","108590","39.48801-119.82736","Dant&amp;Mueller",-119.82736,39.48801,1433.4744,"US",NA,NA,"UTC"
"10860037.60578-121.85757","108600","37.60578-121.85757","Bondo Backyard",-121.85757,37.60578,126.492,"US",NA,NA,"UTC"
"10860237.88698-122.24931","108602","37.88698-122.24931","Atlas-Outdoor",-122.24931,37.88698,381,"US",NA,NA,"UTC"
"10860639.52763-119.93734","108606","39.52763-119.93734","Somersett Hill Top",-119.93734,39.52763,1588.6176,"US",NA,NA,"UTC"
"10861434.43478-119.72216","108614","34.43478-119.72216","W Quinto",-119.72216,34.43478,63.7032,"US",NA,NA,"UTC"
"10862837.79615-122.22741","108628","37.79615-122.22741","22nd Ave Outdoor",-122.22741,37.79615,67.3608,"US",NA,NA,"UTC"
"10863039.42807-119.73738","108630","39.42807-119.73738","PAII_DoubleDiamond",-119.73738,39.42807,1363.98,"US",NA,NA,"UTC"
"10863637.23224-122.14726","108636","37.23224-122.14726","Outside",-122.14726,37.23224,525.4752,"US",NA,NA,"UTC"
"10865439.76936-122.15917","108654","39.76936-122.15917","Lake Elementary School",-122.15917,39.76936,74.676,"US",NA,NA,"UTC"
"10865638.47138-122.75783","108656","38.47138-122.75783","Filamina",-122.75783,38.47138,42.672,"US",NA,NA,"UTC"
"10868040.24278-121.20497","108680","40.24278-121.20497","LAW",-121.20497,40.24278,1379.8296,"US",NA,NA,"UTC"
"10870238.24353-122.69978","108702","38.24353-122.69978","Fourtress",-122.69978,38.24353,45.4152,"US",NA,NA,"UTC"
"10874437.21679-121.98351","108744","37.21679-121.98351","College &amp; Jones",-121.98351,37.21679,156.0576,"US",NA,NA,"UTC"
"10879838.794-120.14569","108798","38.794-120.14569","Strawberry Lane",-120.14569,38.794,1735.2264,"US",NA,NA,"UTC"
"10880037.35012-121.93706","108800","37.35012-121.93706","SCU Athletic Facilities",-121.93706,37.35012,21.6408,"US",NA,NA,"UTC"
"10881238.37598-122.57668","108812","38.37598-122.57668","Rocky Hill",-122.57668,38.37598,225.8568,"US",NA,NA,"UTC"
"10881639.39038-119.28375","108816","39.39038-119.28375","LCSD-Silver Springs",-119.28375,39.39038,1321.0032,"US",NA,NA,"UTC"
"10881838.4627-122.86374","108818","38.4627-122.86374","Pumpshed",-122.86374,38.4627,63.7032,"US",NA,NA,"UTC"
"10883638.48265-121.51671","108836","38.48265-121.51671","South Pocket Outside",-121.51671,38.48265,2.1336,"US",NA,NA,"UTC"
"10884036.41484-118.91182","108840","36.41484-118.91182","Cherokee Oaks",-118.91182,36.41484,255.1176,"US",NA,NA,"UTC"
"10884636.4436-118.9031","108846","36.4436-118.9031","TRUS",-118.9031,36.4436,254.2032,"US",NA,NA,"UTC"
"10890238.6386-121.53174","108902","38.6386-121.53174","Witter Ranch",-121.53174,38.6386,4.8768,"US",NA,NA,"UTC"
"10899440.02008-121.06676","108994","40.02008-121.06676","Twain",-121.06676,40.02008,848.2584,"US",NA,NA,"UTC"
"10900236.4622-118.8897","109002","36.4622-118.8897","Washburn",-118.8897,36.4622,316.0776,"US",NA,NA,"UTC"
"10901237.41018-122.25085","109012","37.41018-122.25085","Vineyard_Deck",-122.25085,37.41018,142.3416,"US",NA,NA,"UTC"
"10903439.16437-120.23903","109034","39.16437-120.23903","Alpine Meadows Lodge",-120.23903,39.16437,2109.5208,"US",NA,NA,"UTC"
"10904239.77228-120.63489","109042","39.77228-120.63489","Gold Nugget",-120.63489,39.77228,1363.98,"US",NA,NA,"UTC"
"10905238.28499-122.45414","109052","38.28499-122.45414","Sonoma-Donner",-122.45414,38.28499,24.9936,"US",NA,NA,"UTC"
"10906839.76115-121.83193","109068","39.76115-121.83193","Fox Den 2",-121.83193,39.76115,66.7512,"US",NA,NA,"UTC"
"10907437.70418-122.04491","109074","37.70418-122.04491","Lower Greenridge",-122.04491,37.70418,134.7216,"US",NA,NA,"UTC"
"10907839.12745-120.1612","109078","39.12745-120.1612","Hurricane Bay",-120.1612,39.12745,1902.8664,"US",NA,NA,"UTC"
"10909437.35658-122.02109","109094","37.35658-122.02109","Sunnyarts-4",-122.02109,37.35658,39.9288,"US",NA,NA,"UTC"
"10910037.44815-122.14593","109100","37.44815-122.14593","Alley",-122.14593,37.44815,8.8392,"US",NA,NA,"UTC"
"10912437.87547-122.52991","109124","37.87547-122.52991","Richardson Way + Dawn Court",-122.52991,37.87547,31.0896,"US",NA,NA,"UTC"
"10918237.15005-122.00445","109182","37.15005-122.00445","Cloud's Rest",-122.00445,37.15005,593.7504,"US",NA,NA,"UTC"
"10919237.60592-122.40459","109192","37.60592-122.40459","Green Hills Baseball",-122.40459,37.60592,30.48,"US",NA,NA,"UTC"
"10921238.79433-119.75309","109212","38.79433-119.75309","Woodfords Education Center",-119.75309,38.79433,1642.2624,"US",NA,NA,"UTC"
"10931038.68519-120.68989","109310","38.68519-120.68989","tandb2",-120.68989,38.68519,901.2936,"US",NA,NA,"UTC"
"10931237.94456-122.54759","109312","37.94456-122.54759","Murray Park",-122.54759,37.94456,10.9728,"US",NA,NA,"UTC"
"10931839.27458-120.1198","109318","39.27458-120.1198","Ponderosa Base",-120.1198,39.27458,1936.3944,"US",NA,NA,"UTC"
"10932038.55306-122.81092","109320","38.55306-122.81092","Windsor Senior Center",-122.81092,38.55306,43.2816,"US",NA,NA,"UTC"
"10932237.84409-122.14983","109322","37.84409-122.14983","Del Rey",-122.14983,37.84409,167.0304,"US",NA,NA,"UTC"
"10932437.83373-122.214","109324","37.83373-122.214","Out front",-122.214,37.83373,171.2976,"US",NA,NA,"UTC"
"10932637.34155-121.88287","109326","37.34155-121.88287","9th and St John",-121.88287,37.34155,24.384,"US",NA,NA,"UTC"
"10933038.60079-121.4064","109330","38.60079-121.4064","Albert Einstein Residence Center",-121.4064,38.60079,15.8496,"US",NA,NA,"UTC"
"10936637.80934-121.98167","109366","37.80934-121.98167","563 Everett",-121.98167,37.80934,121.0056,"US",NA,NA,"UTC"
"10937437.72524-122.44249","109374","37.72524-122.44249","PA-II-SD-1",-122.44249,37.72524,53.6448,"US",NA,NA,"UTC"
"10939637.45051-122.17352","109396","37.45051-122.17352","471 Sherwood Way",-122.17352,37.45051,18.5928,"US",NA,NA,"UTC"
"10941636.99731-122.0149","109416","36.99731-122.0149","Carbonera",-122.0149,36.99731,69.4944,"US",NA,NA,"UTC"
"10947039.21225-121.32399","109470","39.21225-121.32399","Riverview Terrace",-121.32399,39.21225,213.36,"US",NA,NA,"UTC"
"10948439.27086-119.96161","109484","39.27086-119.96161","Allison Dr",-119.96161,39.27086,2265.5784,"US",NA,NA,"UTC"
"10949438.90921-121.14826","109494","38.90921-121.14826","Dotty Flat",-121.14826,38.90921,234.3912,"US",NA,NA,"UTC"
"10949836.14093-115.2369","109498","36.14093-115.2369","Robbie",-115.2369,36.14093,716.8896,"US",NA,NA,"UTC"
"10950637.66479-122.42493","109506","37.66479-122.42493","Sign Hill  Stonegate",-122.42493,37.66479,93.5736,"US",NA,NA,"UTC"
"10950837.98542-122.5536","109508","37.98542-122.5536","Dead End Fifth",-122.5536,37.98542,44.5008,"US",NA,NA,"UTC"
"10951439.36713-119.73695","109514","39.36713-119.73695","Brownlee Equestrian",-119.73695,39.36713,1417.9296,"US",NA,NA,"UTC"
"10952037.30041-122.04255","109520","37.30041-122.04255","Oak Meadow Court",-122.04255,37.30041,106.3752,"US",NA,NA,"UTC"
"10952237.65696-121.86917","109522","37.65696-121.86917","Neal",-121.86917,37.65696,126.7968,"US",NA,NA,"UTC"
"10952837.08804-121.94188","109528","37.08804-121.94188","Hester Creek",-121.94188,37.08804,348.3864,"US",NA,NA,"UTC"
"10953238.64234-121.73274","109532","38.64234-121.73274","Pixie\u2019s House",-121.73274,38.64234,13.4112,"US",NA,NA,"UTC"
"10953437.29839-121.97067","109534","37.29839-121.97067","Stockbridge and Yellowstone",-121.97067,37.29839,57.912,"US",NA,NA,"UTC"
"10953637.79556-121.91961","109536","37.79556-121.91961","Birch Tree Oasis",-121.91961,37.79556,193.2432,"US",NA,NA,"UTC"
"10954238.39629-122.8706","109542","38.39629-122.8706","190 Montgomery Rd",-122.8706,38.39629,45.72,"US",NA,NA,"UTC"
"10954838.43739-122.65571","109548","38.43739-122.65571","Bradford Court",-122.65571,38.43739,92.964,"US",NA,NA,"UTC"
"10957637.4768-122.23019","109576","37.4768-122.23019","Boo Air - Outside",-122.23019,37.4768,7.0104,"US",NA,NA,"UTC"
"10958239.33643-120.35057","109582","39.33643-120.35057","Woodward Bunker - outside",-120.35057,39.33643,2188.1592,"US",NA,NA,"UTC"
"10958639.32772-123.80091","109586","39.32772-123.80091","Russian Gulch South Rim",-123.80091,39.32772,56.9976,"US",NA,NA,"UTC"
"10959239.07552-119.9466","109592","39.07552-119.9466","1820 exterior",-119.9466,39.07552,1905.3048,"US",NA,NA,"UTC"
"10960438.67052-120.89741","109604","38.67052-120.89741","Deer Hills",-120.89741,38.67052,463.296,"US",NA,NA,"UTC"
"10961039.27124-121.12006","109610","39.27124-121.12006","Owl Creek",-121.12006,39.27124,607.1616,"US",NA,NA,"UTC"
"10961633.91985-118.42096","109616","33.91985-118.42096","Burners for Local Action",-118.42096,33.91985,32.9184,"US",NA,NA,"UTC"
"10962433.85596-118.28898","109624","33.85596-118.28898","EPtronics",-118.28898,33.85596,10.9728,"US",NA,NA,"UTC"
"10963038.66143-122.85237","109630","38.66143-122.85237","Alexander Valley",-122.85237,38.66143,59.436,"US",NA,NA,"UTC"
"10963439.34061-121.05398","109634","39.34061-121.05398","Montezuma Ridge",-121.05398,39.34061,751.0272,"US",NA,NA,"UTC"
"10963637.39997-122.20063","109636","37.39997-122.20063","Lasers-durazno",-122.20063,37.39997,102.7176,"US",NA,NA,"UTC"
"10964439.2711-120.12859","109644","39.2711-120.12859","Mountainside Boulders",-120.12859,39.2711,2089.7088,"US",NA,NA,"UTC"
"10965437.38645-122.07971","109654","37.38645-122.07971","Sierra",-122.07971,37.38645,30.7848,"US",NA,NA,"UTC"
"10965639.33923-120.21117","109656","39.33923-120.21117","Krag cabin truckee",-120.21117,39.33923,1900.428,"US",NA,NA,"UTC"
"10969238.65411-120.63821","109692","38.65411-120.63821","Happy Valley",-120.63821,38.65411,614.172,"US",NA,NA,"UTC"
"10969437.22947-121.83318","109694","37.22947-121.83318","Blossom Valley - Sakamoto area",-121.83318,37.22947,50.5968,"US",NA,NA,"UTC"
"10969637.73833-122.42032","109696","37.73833-122.42032","Upper Elsie Coyotes",-122.42032,37.73833,84.1248,"US",NA,NA,"UTC"
"10969837.71103-122.04638","109698","37.71103-122.04638","Grok",-122.04638,37.71103,182.5752,"US",NA,NA,"UTC"
"10970039.45133-119.82121","109700","39.45133-119.82121","Anitra",-119.82121,39.45133,1490.472,"US",NA,NA,"UTC"
"10970237.91271-122.18736","109702","37.91271-122.18736","38 Van Tassel Lane",-122.18736,37.91271,204.8256,"US",NA,NA,"UTC"
"10970437.50435-122.28698","109704","37.50435-122.28698","Cranfield",-122.28698,37.50435,79.5528,"US",NA,NA,"UTC"
"10971240.56014-124.08478","109712","40.56014-124.08478","Hydesville",-124.08478,40.56014,117.348,"US",NA,NA,"UTC"
"10972038.53628-121.28544","109720","38.53628-121.28544","Pirate &amp; Mermaid Academy Mather",-121.28544,38.53628,33.8328,"US",NA,NA,"UTC"
"10972838.46243-122.65266","109728","38.46243-122.65266","Gold Creek",-122.65266,38.46243,85.0392,"US",NA,NA,"UTC"
"10985241.54546-119.03127","109852","41.54546-119.03127","Summit Lake",-119.03127,41.54546,1816.9128,"US",NA,NA,"UTC"
"10990840.88029-119.32478","109908","40.88029-119.32478","BRC - BRS commissary @ Hualapai Flat",-119.32478,40.88029,1224.6864,"US",NA,NA,"UTC"
"10994237.46531-122.22083","109942","37.46531-122.22083","purplehair",-122.22083,37.46531,14.3256,"US",NA,NA,"UTC"
"10994435.96534-116.26918","109944","35.96534-116.26918","Shoshone  California",-116.26918,35.96534,470.0016,"US",NA,NA,"UTC"
"10994638.34566-122.49405","109946","38.34566-122.49405","Madrone",-122.49405,38.34566,79.248,"US",NA,NA,"UTC"
"10994833.77101-117.78996","109948","33.77101-117.78996","North Tustin",-117.78996,33.77101,100.8888,"US",NA,NA,"UTC"
"10995039.14063-120.15404","109950","39.14063-120.15404","1765 Sequoia Avenue",-120.15404,39.14063,1900.428,"US",NA,NA,"UTC"
"10995238.46301-122.68861","109952","38.46301-122.68861","1045o",-122.68861,38.46301,119.4816,"US",NA,NA,"UTC"
"10995437.75192-122.46886","109954","37.75192-122.46886","Golden gate heights 12th ave",-122.46886,37.75192,210.9216,"US",NA,NA,"UTC"
"10995840.5894-122.37202","109958","40.5894-122.37202","TB-SS sensor",-122.37202,40.5894,148.1328,"US",NA,NA,"UTC"
"10996238.65331-121.16499","109962","38.65331-121.16499","142 Sutcliffe Circle",-121.16499,38.65331,84.1248,"US",NA,NA,"UTC"
"10996639.1788-120.21468","109966","39.1788-120.21468","Snow Crest",-120.21468,39.1788,1974.4944,"US",NA,NA,"UTC"
"10996839.66006-119.92735","109968","39.66006-119.92735","10550 Wells Fargo Rd",-119.92735,39.66006,1564.8432,"US",NA,NA,"UTC"
"10997238.90573-121.06219","109972","38.90573-121.06219","Del Monte",-121.06219,38.90573,446.2272,"US",NA,NA,"UTC"
"10998438.69939-120.71294","109984","38.69939-120.71294","Moon Lake",-120.71294,38.69939,818.9976,"US",NA,NA,"UTC"
"11001439.32548-120.36752","110014","39.32548-120.36752","UC Berkeley Central Sierra Snow Lab",-120.36752,39.32548,2104.0344,"US",NA,NA,"UTC"
"11002036.84736-121.38164","110020","36.84736-121.38164","Outside - Vets Park",-121.38164,36.84736,93.2688,"US",NA,NA,"UTC"
"11002437.56425-122.30003","110024","37.56425-122.30003","Mid Echo",-122.30003,37.56425,1.8288,"US",NA,NA,"UTC"
"11002637.24908-121.99884","110026","37.24908-121.99884","Maude Ave",-121.99884,37.24908,124.0536,"US",NA,NA,"UTC"
"11002837.25496-121.949","110028","37.25496-121.949","Hecate house",-121.949,37.25496,86.5632,"US",NA,NA,"UTC"
"11003438.56972-121.31902","110034","38.56972-121.31902","Romford &amp; Chiswell",-121.31902,38.56972,23.1648,"US",NA,NA,"UTC"
"11004037.91526-122.18029","110040","37.91526-122.18029","588 Dalewood Dr  Orinda  CA Outside",-122.18029,37.91526,235.3056,"US",NA,NA,"UTC"
"11004632.76427-117.07207","110046","32.76427-117.07207","El Cerrito",-117.07207,32.76427,137.7696,"US",NA,NA,"UTC"
"11005041.554-120.166","110050","41.554-120.166","Surprise Valley  CA",-120.166,41.554,1399.3368,"US",NA,NA,"UTC"
"11005237.69639-122.02544","110052","37.69639-122.02544","Country Patio",-122.02544,37.69639,99.6696,"US",NA,NA,"UTC"
"11006438.52691-121.50899","110064","38.52691-121.50899","Grant Ln",-121.50899,38.52691,7.9248,"US",NA,NA,"UTC"
"11006639.20603-120.84","110066","39.20603-120.84","Sacramento&amp;Main St.  Dutch Flat  CA",-120.84,39.20603,950.6712,"US",NA,NA,"UTC"
"11006837.9596-121.97464","110068","37.9596-121.97464","Claycord Court",-121.97464,37.9596,72.5424,"US",NA,NA,"UTC"
"11007038.31379-122.37058","110070","38.31379-122.37058","Partrick Rd Elevation 680 ft",-122.37058,38.31379,203.3016,"US",NA,NA,"UTC"
"11007838.91587-119.97185","110078","38.91587-119.97185","Black Bart",-119.97185,38.91587,1916.5824,"US",NA,NA,"UTC"
"11008037.57291-122.35279","110080","37.57291-122.35279","Home outside",-122.35279,37.57291,17.3736,"US",NA,NA,"UTC"
"11009438.94248-121.18956","110094","38.94248-121.18956","Pleasant Hill Orchard",-121.18956,38.94248,181.9656,"US",NA,NA,"UTC"
"11009638.54379-121.26926","110096","38.54379-121.26926","Gorham Way",-121.26926,38.54379,38.4048,"US",NA,NA,"UTC"
"11009838.4358-120.89861","110098","38.4358-120.89861","VICINI RANCH",-120.89861,38.4358,241.0968,"US",NA,NA,"UTC"
"11019839.1895-123.23061","110198","39.1895-123.23061","Mendocino College Track",-123.23061,39.1895,228.2952,"US",NA,NA,"UTC"
"11021237.80253-122.40531","110212","37.80253-122.40531","Greenwich steps",-122.40531,37.80253,72.2376,"US",NA,NA,"UTC"
"11026237.64201-119.03087","110262","37.64201-119.03087","CUES",-119.03087,37.64201,2933.0904,"US",NA,NA,"UTC"
"11026639.7112-120.98889","110266","39.7112-120.98889","Little Grass Valley Lake",-120.98889,39.7112,1542.8976,"US",NA,NA,"UTC"
"11028033.52477-117.32761","110280","33.52477-117.32761","La Cresta",-117.32761,33.52477,657.4536,"US",NA,NA,"UTC"
"11028438.61145-121.38753","110284","38.61145-121.38753","Creekside",-121.38753,38.61145,20.7264,"US",NA,NA,"UTC"
"11029437.95291-121.93248","110294","37.95291-121.93248","Backyard",-121.93248,37.95291,176.4792,"US",NA,NA,"UTC"
"11030037.31975-119.55891","110300","37.31975-119.55891","Pines Tract",-119.55891,37.31975,1033.5768,"US",NA,NA,"UTC"
"11030637.83239-122.19025","110306","37.83239-122.19025","Moore and Gunn",-122.19025,37.83239,310.896,"US",NA,NA,"UTC"
"11030838.63814-121.27915","110308","38.63814-121.27915","FOEH",-121.27915,38.63814,55.7784,"US",NA,NA,"UTC"
"11031036.87816-119.75962","110310","36.87816-119.75962","Fort Washington",-119.75962,36.87816,117.6528,"US",NA,NA,"UTC"
"11031237.79239-122.44349","110312","37.79239-122.44349","Pacific Avenue",-122.44349,37.79239,105.4608,"US",NA,NA,"UTC"
"11031837.69212-121.87583","110318","37.69212-121.87583","Fairlands Park",-121.87583,37.69212,103.632,"US",NA,NA,"UTC"
"11033837.76634-119.10058","110338","37.76634-119.10058","Peterson Tract",-119.10058,37.76634,2273.808,"US",NA,NA,"UTC"
"11034037.59615-120.88751","110340","37.59615-120.88751","Monroe Orchards",-120.88751,37.59615,35.052,"US",NA,NA,"UTC"
"11034237.85021-122.28055","110342","37.85021-122.28055","Cat Resource Center",-122.28055,37.85021,19.5072,"US",NA,NA,"UTC"
"11034837.16732-121.99387","110348","37.16732-121.99387","Brush Rd",-121.99387,37.16732,449.2752,"US",NA,NA,"UTC"
"11035038.54061-121.70283","110350","38.54061-121.70283","Meadowbrook",-121.70283,38.54061,11.5824,"US",NA,NA,"UTC"
"11035638.52906-123.12646","110356","38.52906-123.12646","Black Mountain Communications NOC",-123.12646,38.52906,329.184,"US",NA,NA,"UTC"
"11035837.92284-122.03978","110358","37.92284-122.03978","Bancroft Village",-122.03978,37.92284,33.528,"US",NA,NA,"UTC"
"11037637.93814-122.09144","110376","37.93814-122.09144","Surmont Drive",-122.09144,37.93814,117.348,"US",NA,NA,"UTC"
"11037839.35588-121.10545","110378","39.35588-121.10545","Hyatt Road",-121.10545,39.35588,676.3512,"US",NA,NA,"UTC"
"11038037.87307-122.06","110380","37.87307-122.06","Hidden Meadow",-122.06,37.87307,62.484,"US",NA,NA,"UTC"
"11038637.41687-122.08759","110386","37.41687-122.08759","Sierra Vista",-122.08759,37.41687,6.4008,"US",NA,NA,"UTC"
"11038837.99999-120.29044","110388","37.99999-120.29044","Woodridge",-120.29044,37.99999,900.9888,"US",NA,NA,"UTC"
"11039037.25615-121.97466","110390","37.25615-121.97466","La Rinconada &amp; Clearview",-121.97466,37.25615,106.9848,"US",NA,NA,"UTC"
"11039438.30563-122.31838","110394","38.30563-122.31838","Kingston",-122.31838,38.30563,27.1272,"US",NA,NA,"UTC"
"11039640.5325-122.31013","110396","40.5325-122.31013","Eleanore Borne",-122.31013,40.5325,154.5336,"US",NA,NA,"UTC"
"11041438.01203-122.64381","110414","38.01203-122.64381","Woodacre lower flats",-122.64381,38.01203,111.252,"US",NA,NA,"UTC"
"11044438.86176-121.27254","110444","38.86176-121.27254","SCLH",-121.27254,38.86176,70.104,"US",NA,NA,"UTC"
"11044638.50134-122.99268","110446","38.50134-122.99268","Riverlands",-122.99268,38.50134,17.3736,"US",NA,NA,"UTC"
"11045038.95309-119.76874","110450","38.95309-119.76874","The Ocho",-119.76874,38.95309,1438.9608,"US",NA,NA,"UTC"
"11045838.50739-122.35239","110458","38.50739-122.35239","CPVR",-122.35239,38.50739,176.1744,"US",NA,NA,"UTC"
"11048037.77376-122.28413","110480","37.77376-122.28413","reids",-122.28413,37.77376,5.4864,"US",NA,NA,"UTC"
"11048437.19085-121.99788","110484","37.19085-121.99788","Lakeview Ct",-121.99788,37.19085,242.0112,"US",NA,NA,"UTC"
"11048637.44244-122.14912","110486","37.44244-122.14912","Melville",-122.14912,37.44244,10.668,"US",NA,NA,"UTC"
"11049236.51543-121.76378","110492","36.51543-121.76378","2 Quail Canyon",-121.76378,36.51543,146.304,"US",NA,NA,"UTC"
"11049437.72663-122.12969","110494","37.72663-122.12969","Regent",-122.12969,37.72663,111.252,"US",NA,NA,"UTC"
"11049637.41954-122.11714","110496","37.41954-122.11714","Fairmeadow",-122.11714,37.41954,7.0104,"US",NA,NA,"UTC"
"11049837.88529-122.18975","110498","37.88529-122.18975","TOPS Outdoor Classroom",-122.18975,37.88529,150.5712,"US",NA,NA,"UTC"
"11050437.36401-122.01232","110504","37.36401-122.01232","Mayten Tree Ct",-122.01232,37.36401,28.6512,"US",NA,NA,"UTC"
"11052037.49878-122.25582","110520","37.49878-122.25582","Rosewood Ave San Carlos",-122.25582,37.49878,9.7536,"US",NA,NA,"UTC"
"11052238.76679-121.16964","110522","38.76679-121.16964","Cavity-Stallman \/ Sierra Ponds Ln",-121.16964,38.76679,136.2456,"US",NA,NA,"UTC"
"11052840.48529-122.34297","110528","40.48529-122.34297","Shasta Mosquito and Vector Control",-122.34297,40.48529,134.7216,"US",NA,NA,"UTC"
"11053839.17113-120.23309","110538","39.17113-120.23309","Deck",-120.23309,39.17113,2096.7192,"US",NA,NA,"UTC"
"11054237.26265-122.0563","110542","37.26265-122.0563","Teerlink",-122.0563,37.26265,180.7464,"US",NA,NA,"UTC"
"11055640.51611-122.48836","110556","40.51611-122.48836","Super dangerous place  don\u2019t come",-122.48836,40.51611,276.1488,"US",NA,NA,"UTC"
"11056438.66054-121.38932","110564","38.66054-121.38932","McClellan Park",-121.38932,38.66054,24.384,"US",NA,NA,"UTC"
"11058840.88409-123.99822","110588","40.88409-123.99822","SAFE-BLR-02",-123.99822,40.88409,24.6888,"US",NA,NA,"UTC"
"11060233.98931-117.82944","110602","33.98931-117.82944","Gratitude",-117.82944,33.98931,310.5912,"US",NA,NA,"UTC"
"11060638.41796-122.04492","110606","38.41796-122.04492","73xx Pleasants Valley Rd",-122.04492,38.41796,124.0536,"US",NA,NA,"UTC"
"11061238.95684-119.94262","110612","38.95684-119.94262","6224 Feet  South Lake Tahoe",-119.94262,38.95684,1918.716,"US",NA,NA,"UTC"
"11062238.52511-122.47649","110622","38.52511-122.47649","Fawn Park Estates",-122.47649,38.52511,102.108,"US",NA,NA,"UTC"
"11062437.64787-121.85317","110624","37.64787-121.85317","Hill Top Pleasanton",-121.85317,37.64787,203.6064,"US",NA,NA,"UTC"
"11062838.4807-122.14703","110628","38.4807-122.14703","Quail Ridge Reserve",-122.14703,38.4807,324.9168,"US",NA,NA,"UTC"
"11063040.9333-123.61891","110630","40.9333-123.61891","Peterson",-123.61891,40.9333,153.0096,"US",NA,NA,"UTC"
"11063238.76847-120.85606","110632","38.76847-120.85606","Woodside",-120.85606,38.76847,586.1304,"US",NA,NA,"UTC"
"11063639.30793-120.39011","110636","39.30793-120.39011","Hillside outside",-120.39011,39.30793,2128.4184,"US",NA,NA,"UTC"
"11064237.78881-121.54967","110642","37.78881-121.54967","Mountain House  Questa",-121.54967,37.78881,17.0688,"US",NA,NA,"UTC"
"11064439.27423-121.05356","110644","39.27423-121.05356","Country Circle",-121.05356,39.27423,805.2816,"US",NA,NA,"UTC"
"11065036.18656-118.63083","110650","36.18656-118.63083","Sequoia Crest",-118.63083,36.18656,2043.3792,"US",NA,NA,"UTC"
"11065238.90208-121.31911","110652","38.90208-121.31911","Foskett Ranch",-121.31911,38.90208,41.4528,"US",NA,NA,"UTC"
"11065438.55934-121.44811","110654","38.55934-121.44811","JCH - outside",-121.44811,38.55934,10.3632,"US",NA,NA,"UTC"
"11066637.12734-122.12728","110666","37.12734-122.12728","Blackstone Drive (outside)",-122.12728,37.12734,210.6168,"US",NA,NA,"UTC"
"11067437.93581-122.09422","110674","37.93581-122.09422","Isola way",-122.09422,37.93581,81.6864,"US",NA,NA,"UTC"
"11068039.01546-121.04861","110680","39.01546-121.04861","Cornish Lake Combie",-121.04861,39.01546,499.2624,"US",NA,NA,"UTC"
"11068239.30457-120.3894","110682","39.30457-120.3894","tamarack cabin",-120.3894,39.30457,2103.4248,"US",NA,NA,"UTC"
"11068436.70463-120.86041","110684","36.70463-120.86041","Mercey Hot Springs",-120.86041,36.70463,351.1296,"US",NA,NA,"UTC"
"11068639.21249-121.05145","110686","39.21249-121.05145","Empire Mine",-121.05145,39.21249,789.432,"US",NA,NA,"UTC"
"11069237.89069-122.12147","110692","37.89069-122.12147","Lafayette",-122.12147,37.89069,91.44,"US",NA,NA,"UTC"
"11069438.82492-123.59435","110694","38.82492-123.59435","Sea Blanche",-123.59435,38.82492,228.2952,"US",NA,NA,"UTC"
"11069638.27573-121.30778","110696","38.27573-121.30778","Tarcy Way",-121.30778,38.27573,12.8016,"US",NA,NA,"UTC"
"11070640.56019-122.41353","110706","40.56019-122.41353","Crescent Moon Ct",-122.41353,40.56019,221.2848,"US",NA,NA,"UTC"
"11071239.4266-119.72253","110712","39.4266-119.72253","Damonte Wetlands",-119.72253,39.4266,1362.1512,"US",NA,NA,"UTC"
"11072437.58384-122.36194","110724","37.58384-122.36194","Garage",-122.36194,37.58384,8.2296,"US",NA,NA,"UTC"
"11073039.35803-120.17962","110730","39.35803-120.17962","Alder Drive",-120.17962,39.35803,1876.6536,"US",NA,NA,"UTC"
"11073639.30909-120.17822","110736","39.30909-120.17822","Thelin and Pine Nut",-120.17822,39.30909,1883.0544,"US",NA,NA,"UTC"
"11074237.21447-121.95929","110742","37.21447-121.95929","BlackberryHill900'",-121.95929,37.21447,289.2552,"US",NA,NA,"UTC"
"11075437.70721-121.42287","110754","37.70721-121.42287","MWalther",-121.42287,37.70721,37.4904,"US",NA,NA,"UTC"
"11075637.50003-122.25617","110756","37.50003-122.25617","Elm &amp; Morse",-122.25617,37.50003,8.8392,"US",NA,NA,"UTC"
"11080038.95685-122.84283","110800","38.95685-122.84283","SmilingDogsRanch",-122.84283,38.95685,448.9704,"US",NA,NA,"UTC"
"11080239.30973-119.49477","110802","39.30973-119.49477","S. Rainbow",-119.49477,39.30973,1319.1744,"US",NA,NA,"UTC"
"11080436.60142-118.05734","110804","36.60142-118.05734","Little Hollywood",-118.05734,36.60142,1133.856,"US",NA,NA,"UTC"
"11080638.24589-120.35883","110806","38.24589-120.35883","Meadowview",-120.35883,38.24589,1193.5968,"US",NA,NA,"UTC"
"11080837.37285-122.01597","110808","37.37285-122.01597","Crow's Nest",-122.01597,37.37285,23.7744,"US",NA,NA,"UTC"
"11081037.94237-122.10493","110810","37.94237-122.10493","Lafayette Outside",-122.10493,37.94237,89.6112,"US",NA,NA,"UTC"
"11084838.88226-120.83275","110848","38.88226-120.83275","MTNEARS-Outside",-120.83275,38.88226,772.3632,"US",NA,NA,"UTC"
"11096937.2123-121.97131","110969","37.2123-121.97131","Foster Rd",-121.97131,37.2123,163.9824,"US",NA,NA,"UTC"
"11097337.73893-122.42361","110973","37.73893-122.42361","Appleton &amp; Mission",-122.42361,37.73893,61.2648,"US",NA,NA,"UTC"
"11098537.83421-122.19769","110985","37.83421-122.19769","Sayre Drive",-122.19769,37.83421,318.516,"US",NA,NA,"UTC"
"11099537.51729-121.13985","110995","37.51729-121.13985","Sycamore North",-121.13985,37.51729,25.6032,"US",NA,NA,"UTC"
"11099737.90325-122.13218","110997","37.90325-122.13218","Pear Tree Bungalow",-122.13218,37.90325,140.208,"US",NA,NA,"UTC"
"11100337.27103-121.89774","111003","37.27103-121.89774","San Joaquin Ave outside",-121.89774,37.27103,51.2064,"US",NA,NA,"UTC"
"11102737.84208-122.01024","111027","37.84208-122.01024","El Alamo",-122.01024,37.84208,161.544,"US",NA,NA,"UTC"
"11104739.18728-121.00487","111047","39.18728-121.00487","Gopher Hill Apples",-121.00487,39.18728,803.7576,"US",NA,NA,"UTC"
"11105737.85451-122.23546","111057","37.85451-122.23546","Vicente Rd  Outside",-122.23546,37.85451,171.2976,"US",NA,NA,"UTC"
"11106338.47597-122.9986","111063","38.47597-122.9986","River House",-122.9986,38.47597,15.8496,"US",NA,NA,"UTC"
"11112138.73369-119.78127","111121","38.73369-119.78127","Derrer Ranch Outisde",-119.78127,38.73369,1794.3576,"US",NA,NA,"UTC"
"11112938.71377-120.86102","111129","38.71377-120.86102","White Oak Outdoor",-120.86102,38.71377,526.6944,"US",NA,NA,"UTC"
"11114741.49958-123.50665","111147","41.49958-123.50665","SAFE-SandyBarCreek",-123.50665,41.49958,512.6736,"US",NA,NA,"UTC"
"11116739.83127-120.43366","111167","39.83127-120.43366","Grizzly Creek Ranch",-120.43366,39.83127,1530.7056,"US",NA,NA,"UTC"
"11117533.12716-117.15966","111175","33.12716-117.15966","CSUSM COMMONS",-117.15966,33.12716,219.456,"US",NA,NA,"UTC"
"11118933.1337-117.16043","111189","33.1337-117.16043","CSUSM Parking Structure 2",-117.16043,33.1337,178.9176,"US",NA,NA,"UTC"
"11121738.22885-122.62312","111217","38.22885-122.62312","Rivers Beauty",-122.62312,38.22885,9.7536,"US",NA,NA,"UTC"
"11121939.38355-119.7791","111219","39.38355-119.7791","Unicorns Rule Remy",-119.7791,39.38355,1536.8016,"US",NA,NA,"UTC"
"11122139.21755-120.08902","111221","39.21755-120.08902","DITTMORE Cabin",-120.08902,39.21755,1959.2544,"US",NA,NA,"UTC"
"11122539.25331-119.9783","111225","39.25331-119.9783","Jackpine",-119.9783,39.25331,1965.0456,"US",NA,NA,"UTC"
"11123537.63188-122.40997","111235","37.63188-122.40997","Belle Air",-122.40997,37.63188,6.096,"US",NA,NA,"UTC"
"11125737.76315-121.90993","111257","37.76315-121.90993","977 S Monarch",-121.90993,37.76315,162.1536,"US",NA,NA,"UTC"
"11126533.74728-115.82018","111265","33.74728-115.82018","JOTR - Cottonwood",-115.82018,33.74728,943.0512,"US",NA,NA,"UTC"
"11128537.3841-122.02814","111285","37.3841-122.02814","Foxbase Perimeter",-122.02814,37.3841,20.1168,"US",NA,NA,"UTC"
"11130538.90315-119.84437","111305","38.90315-119.84437","summit ridge way",-119.84437,38.90315,1639.5192,"US",NA,NA,"UTC"
"11130737.46604-122.26556","111307","37.46604-122.26556","Park Road",-122.26556,37.46604,99.9744,"US",NA,NA,"UTC"
"11130937.22756-121.83302","111309","37.22756-121.83302","Santa Teresa",-121.83302,37.22756,52.4256,"US",NA,NA,"UTC"
"11131139.66663-120.42647","111311","39.66663-120.42647","Sophia Farms\/Calpine",-120.42647,39.66663,1506.3216,"US",NA,NA,"UTC"
"11131738.0001-122.25916","111317","38.0001-122.25916","Falcon way",-122.25916,38.0001,79.5528,"US",NA,NA,"UTC"
"11131938.76555-121.28136","111319","38.76555-121.28136","Diamond Oaks Park",-121.28136,38.76555,50.5968,"US",NA,NA,"UTC"
"11135339.22664-121.08296","111353","39.22664-121.08296","Yuba River Charter School",-121.08296,39.22664,787.908,"US",NA,NA,"UTC"
"11135537.35966-122.13885","111355","37.35966-122.13885","Vi\u00F1edo FC",-122.13885,37.35966,142.3416,"US",NA,NA,"UTC"
"11136539.27805-119.94125","111365","39.27805-119.94125","Bearlodge",-119.94125,39.27805,2269.8456,"US",NA,NA,"UTC"
"11137139.00878-121.02614","111371","39.00878-121.02614","Walgra 1",-121.02614,39.00878,552.9072,"US",NA,NA,"UTC"
"11137337.4302-122.18462","111373","37.4302-122.18462","Stanford Golf Clubhouse (45ft AGL)",-122.18462,37.4302,36.576,"US",NA,NA,"UTC"
"11137738.87077-120.00805","111377","38.87077-120.00805","Lake Tahoe Golf Course",-120.00805,38.87077,1912.9248,"US",NA,NA,"UTC"
"11138137.94723-122.57046","111381","37.94723-122.57046","Crown",-122.57046,37.94723,165.5064,"US",NA,NA,"UTC"
"11138337.15083-121.66679","111383","37.15083-121.66679","Clayton Ave  MH",-121.66679,37.15083,107.5944,"US",NA,NA,"UTC"
"11138938.75044-120.93579","111389","38.75044-120.93579","4S Ranch",-120.93579,38.75044,320.9544,"US",NA,NA,"UTC"
"11139136.85807-119.72782","111391","36.85807-119.72782","Jones",-119.72782,36.85807,111.252,"US",NA,NA,"UTC"
"11139538.52533-121.46245","111395","38.52533-121.46245","East Lawn South Sacramento",-121.46245,38.52533,9.144,"US",NA,NA,"UTC"
"11139738.96813-121.04545","111397","38.96813-121.04545","Shadowrock",-121.04545,38.96813,545.592,"US",NA,NA,"UTC"
"11140137.01683-121.49747","111401","37.01683-121.49747","East Gilroy foothills",-121.49747,37.01683,88.6968,"US",NA,NA,"UTC"
"11140538.94351-121.12889","111405","38.94351-121.12889","Black Forest Estates",-121.12889,38.94351,387.4008,"US",NA,NA,"UTC"
"11141738.54942-121.39777","111417","38.54942-121.39777","College Greens",-121.39777,38.54942,13.716,"US",NA,NA,"UTC"
"11141940.11004-123.75904","111419","40.11004-123.75904","3 miles up Alderpoint Rd",-123.75904,40.11004,496.824,"US",NA,NA,"UTC"
"11142333.93972-115.41084","111423","33.93972-115.41084","JOTR-Pinto Wells",-115.41084,33.93972,329.184,"US",NA,NA,"UTC"
"11144738.8498-120.01992","111447","38.8498-120.01992","Meyers Watercraft Inspection Station",-120.01992,38.8498,1936.6992,"US",NA,NA,"UTC"
"11146337.25927-121.98689","111463","37.25927-121.98689","El Altillo",-121.98689,37.25927,113.6904,"US",NA,NA,"UTC"
"11146537.71146-120.19644","111465","37.71146-120.19644","Coulter Cafe",-120.19644,37.71146,515.7216,"US",NA,NA,"UTC"
"11147337.37803-121.81194","111473","37.37803-121.81194","Ridgeview",-121.81194,37.37803,128.9304,"US",NA,NA,"UTC"
"11147538.58419-121.48689","111475","38.58419-121.48689","Eggplant",-121.48689,38.58419,7.3152,"US",NA,NA,"UTC"
"11148639.35511-120.22617","111486","39.35511-120.22617","Muhlebach way",-120.22617,39.35511,2008.9368,"US",NA,NA,"UTC"
"11149238.77832-121.37054","111492","38.77832-121.37054","Hartland Sensor 1",-121.37054,38.77832,32.9184,"US",NA,NA,"UTC"
"11149638.95655-121.13977","111496","38.95655-121.13977","Twelve Trees",-121.13977,38.95655,394.4112,"US",NA,NA,"UTC"
"11149837.61681-122.431","111498","37.61681-122.431","Crestmoor III",-122.431,37.61681,71.9328,"US",NA,NA,"UTC"
"11150838.70266-121.2858","111508","38.70266-121.2858","Cook Avenue",-121.2858,38.70266,52.7304,"US",NA,NA,"UTC"
"11151238.80996-119.78071","111512","38.80996-119.78071","Early Learning Center",-119.78071,38.80996,1562.4048,"US",NA,NA,"UTC"
"11151438.48557-122.45165","111514","38.48557-122.45165","Inglewood Ave",-122.45165,38.48557,66.7512,"US",NA,NA,"UTC"
"11153037.7913-122.14989","111530","37.7913-122.14989","GP",-122.14989,37.7913,353.568,"US",NA,NA,"UTC"
"11154237.84639-121.98663","111542","37.84639-121.98663","Alamo",-121.98663,37.84639,158.496,"US",NA,NA,"UTC"
"11156240.88459-123.99863","111562","40.88459-123.99863","SAFE-BLR-03",-123.99863,40.88459,25.2984,"US",NA,NA,"UTC"
"11156637.45901-122.17818","111566","37.45901-122.17818","Marcussen Dr",-122.17818,37.45901,17.6784,"US",NA,NA,"UTC"
"11157037.96782-122.56308","111570","37.96782-122.56308","Outrigger Canoe Club",-122.56308,37.96782,11.5824,"US",NA,NA,"UTC"
"11158238.39944-122.88037","111582","38.39944-122.88037","LGBTAQI++",-122.88037,38.39944,112.4712,"US",NA,NA,"UTC"
"11159037.76487-122.48099","111590","37.76487-122.48099","SF Central Sunset at Golden Gate",-122.48099,37.76487,62.7888,"US",NA,NA,"UTC"
"11159838.47999-120.63565","111598","38.47999-120.63565","MFV Winery",-120.63565,38.47999,839.1144,"US",NA,NA,"UTC"
"11160438.57816-121.4267","111604","38.57816-121.4267","Glenn Hall Park South 1",-121.4267,38.57816,10.9728,"US",NA,NA,"UTC"
"11160839.27665-120.12859","111608","39.27665-120.12859","Overlook Place",-120.12859,39.27665,2010.156,"US",NA,NA,"UTC"
"11161037.97003-122.01253","111610","37.97003-122.01253","Penny Lane",-122.01253,37.97003,38.4048,"US",NA,NA,"UTC"
"11161237.89877-122.28084","111612","37.89877-122.28084","Santa Clara Ave outside",-122.28084,37.89877,100.8888,"US",NA,NA,"UTC"
"11161437.63419-122.48507","111614","37.63419-122.48507","Talbot Ave  East Sharp Park  Pacifica",-122.48507,37.63419,81.9912,"US",NA,NA,"UTC"
"11164637.42379-122.10951","111646","37.42379-122.10951","Grove Ct Outside",-122.10951,37.42379,3.048,"US",NA,NA,"UTC"
"11165839.20491-123.27986","111658","39.20491-123.27986","Orr springs road yokayo",-123.27986,39.20491,554.4312,"US",NA,NA,"UTC"
"11166838.8866-121.27784","111668","38.8866-121.27784","Rays",-121.27784,38.8866,53.0352,"US",NA,NA,"UTC"
"11167839.24747-120.21036","111678","39.24747-120.21036","Big Chief Base",-120.21036,39.24747,1822.3992,"US",NA,NA,"UTC"
"11168237.23541-121.84675","111682","37.23541-121.84675","Discovery Charter School",-121.84675,37.23541,50.5968,"US",NA,NA,"UTC"
"11168438.00454-122.57653","111684","38.00454-122.57653","Butterfield Road",-122.57653,38.00454,45.1104,"US",NA,NA,"UTC"
"11168637.72704-122.18807","111686","37.72704-122.18807","SLCA Main Building",-122.18807,37.72704,5.1816,"US",NA,NA,"UTC"
"11169237.87071-122.1699","111692","37.87071-122.1699","OM-Estates",-122.1699,37.87071,249.0216,"US",NA,NA,"UTC"
"11171437.64165-118.95643","111714","37.64165-118.95643","BuckNut",-118.95643,37.64165,2374.6968,"US",NA,NA,"UTC"
"11171637.38332-122.20771","111716","37.38332-122.20771","Elmendorf-South2",-122.20771,37.38332,241.7064,"US",NA,NA,"UTC"
"11172439.23144-120.07269","111724","39.23144-120.07269","Uplands Road",-120.07269,39.23144,1930.908,"US",NA,NA,"UTC"
"11172639.2809-119.5246","111726","39.2809-119.5246","River",-119.5246,39.2809,1310.3352,"US",NA,NA,"UTC"
"11173039.35974-120.76663","111730","39.35974-120.76663","Maybert Road Washington CA",-120.76663,39.35974,855.2688,"US",NA,NA,"UTC"
"11173238.98086-119.89295","111732","38.98086-119.89295","Aspen Way",-119.89295,38.98086,2206.4472,"US",NA,NA,"UTC"
"11174038.71126-120.70046","111740","38.71126-120.70046","Harmony Hill Rd. and Green Canyon Rd.",-120.70046,38.71126,728.7768,"US",NA,NA,"UTC"
"11174639.2002-123.21262","111746","39.2002-123.21262","Parducci",-123.21262,39.2002,205.74,"US",NA,NA,"UTC"
"11175837.36697-122.01723","111758","37.36697-122.01723","Gail Ave",-122.01723,37.36697,28.6512,"US",NA,NA,"UTC"
"11176839.14904-120.15222","111768","39.14904-120.15222","Edelweiss Lane",-120.15222,39.14904,1983.6384,"US",NA,NA,"UTC"
"11178038.57718-121.86685","111780","38.57718-121.86685","Barn",-121.86685,38.57718,30.7848,"US",NA,NA,"UTC"
"11178637.19557-121.81989","111786","37.19557-121.81989","20423 Hunter's Hill Rd",-121.81989,37.19557,138.9888,"US",NA,NA,"UTC"
"11179637.85729-122.24248","111796","37.85729-122.24248","Tunnel Road Near Claremont Hotel",-122.24248,37.85729,119.1768,"US",NA,NA,"UTC"
"11180038.34674-122.31728","111800","38.34674-122.31728","Meadowlark",-122.31728,38.34674,24.6888,"US",NA,NA,"UTC"
"11180633.23658-117.29305","111806","33.23658-117.29305","Overlook Drive",-117.29305,33.23658,26.5176,"US",NA,NA,"UTC"
"11182037.85883-122.49297","111820","37.85883-122.49297","Marina Wright",-122.49297,37.85883,74.676,"US",NA,NA,"UTC"
"11182437.73006-122.4519","111824","37.73006-122.4519","Sunnyside - Flood Ave",-122.4519,37.73006,106.3752,"US",NA,NA,"UTC"
"11183038.59944-121.39858","111830","38.59944-121.39858","Alta Arden",-121.39858,38.59944,12.8016,"US",NA,NA,"UTC"
"11183238.15251-120.8947","111832","38.15251-120.8947","Burson  Ca",-120.8947,38.15251,111.252,"US",NA,NA,"UTC"
"11183638.53594-121.72197","111836","38.53594-121.72197","Mariposa Circle",-121.72197,38.53594,14.3256,"US",NA,NA,"UTC"
"11184037.75499-122.41723","111840","37.75499-122.41723","A Capp Street Garden",-122.41723,37.75499,21.336,"US",NA,NA,"UTC"
"11184437.8536-122.48424","111844","37.8536-122.48424","Outside",-122.48424,37.8536,115.5192,"US",NA,NA,"UTC"
"11184639.52418-119.93059","111846","39.52418-119.93059","10190 Purple Air",-119.93059,39.52418,1507.236,"US",NA,NA,"UTC"
"11185038.36324-122.61611","111850","38.36324-122.61611","Sonoma Mountain - North",-122.61611,38.36324,290.4744,"US",NA,NA,"UTC"
"11186240.50512-122.38422","111862","40.50512-122.38422","Zollie",-122.38422,40.50512,150.5712,"US",NA,NA,"UTC"
"11186433.75676-118.31812","111864","33.75676-118.31812","Enrose Outside",-118.31812,33.75676,131.3688,"US",NA,NA,"UTC"
"11186837.91338-122.34259","111868","37.91338-122.34259","Blue Heron",-122.34259,37.91338,5.1816,"US",NA,NA,"UTC"
"11189639.4199-119.75721","111896","39.4199-119.75721","Autumn Breeze",-119.75721,39.4199,1380.744,"US",NA,NA,"UTC"
"11190641.25857-122.14184","111906","41.25857-122.14184","Oak Street",-122.14184,41.25857,1017.7272,"US",NA,NA,"UTC"
"11193232.84267-117.2537","111932","32.84267-117.2537","Rue Adriane",-117.2537,32.84267,167.0304,"US",NA,NA,"UTC"
"11193838.55321-122.62571","111938","38.55321-122.62571","Heller Family Vineyards",-122.62571,38.55321,395.3256,"US",NA,NA,"UTC"
"11194040.56476-122.42701","111940","40.56476-122.42701","Fenrir's Lair",-122.42701,40.56476,233.7816,"US",NA,NA,"UTC"
"11194237.88802-122.16135","111942","37.88802-122.16135","10 Chapel Drive",-122.16135,37.88802,216.7128,"US",NA,NA,"UTC"
"11194638.5191-122.69891","111946","38.5191-122.69891","Idlewood Road",-122.69891,38.5191,218.2368,"US",NA,NA,"UTC"
"11195038.14523-121.26454","111950","38.14523-121.26454","River Pointe",-121.26454,38.14523,17.3736,"US",NA,NA,"UTC"
"11195237.9725-121.98304","111952","37.9725-121.98304","Chaban Dr",-121.98304,37.9725,59.436,"US",NA,NA,"UTC"
"11196039.75372-121.81655","111960","39.75372-121.81655","Verbena Fields",-121.81655,39.75372,74.0664,"US",NA,NA,"UTC"
"11196237.37642-122.14111","111962","37.37642-122.14111","South La Cresta Dr.",-122.14111,37.37642,141.1224,"US",NA,NA,"UTC"
"11196837.21475-121.97705","111968","37.21475-121.97705","Strange",-121.97705,37.21475,176.4792,"US",NA,NA,"UTC"
"11197037.75808-122.40067","111970","37.75808-122.40067","PurpleRain",-122.40067,37.75808,88.392,"US",NA,NA,"UTC"
"11197437.98809-122.57752","111974","37.98809-122.57752","Morningside",-122.57752,37.98809,35.052,"US",NA,NA,"UTC"
"11197638.75727-121.23196","111976","38.75727-121.23196","Roseville",-121.23196,38.75727,83.82,"US",NA,NA,"UTC"
"11199837.54497-122.036","111998","37.54497-122.036","Dalewood Squared",-122.036,37.54497,7.62,"US",NA,NA,"UTC"
"11200038.21042-120.46085","112000","38.21042-120.46085","Sheep Ranch",-120.46085,38.21042,736.7016,"US",NA,NA,"UTC"
"11200238.28452-122.32694","112002","38.28452-122.32694","Dove nest",-122.32694,38.28452,45.72,"US",NA,NA,"UTC"
"11200437.4964-122.23991","112004","37.4964-122.23991","Centennial - Flower St",-122.23991,37.4964,3.048,"US",NA,NA,"UTC"
"11201238.95099-121.11584","112012","38.95099-121.11584","Deer Ridge",-121.11584,38.95099,423.0624,"US",NA,NA,"UTC"
"11201837.27274-121.77079","112018","37.27274-121.77079","SCVCC",-121.77079,37.27274,196.2912,"US",NA,NA,"UTC"
"11204237.11765-121.65803","112042","37.11765-121.65803","Hollow Dale",-121.65803,37.11765,125.8824,"US",NA,NA,"UTC"
"11204837.2674-121.96955","112048","37.2674-121.96955","Steinway  Campbell",-121.96955,37.2674,75.2856,"US",NA,NA,"UTC"
"11205239.31833-120.26331","112052","39.31833-120.26331","South Shore Donner Lake",-120.26331,39.31833,1822.3992,"US",NA,NA,"UTC"
"11205838.65538-121.23569","112058","38.65538-121.23569","Sir Henry",-121.23569,38.65538,79.8576,"US",NA,NA,"UTC"
"11208039.5094-119.81248","112080","39.5094-119.81248","Rose-Plumas",-119.81248,39.5094,1368.8568,"US",NA,NA,"UTC"
"11212038.59024-121.33648","112120","38.59024-121.33648","Del Dayo Riviera",-121.33648,38.59024,18.8976,"US",NA,NA,"UTC"
"11212639.37403-121.22142","112126","39.37403-121.22142","Maidu Trail 1",-121.22142,39.37403,566.928,"US",NA,NA,"UTC"
"11212837.45605-118.33066","112128","37.45605-118.33066","Rudolph Rd",-118.33066,37.45605,1313.0784,"US",NA,NA,"UTC"
"11213237.27542-121.89645","112132","37.27542-121.89645","Explorer Preschool",-121.89645,37.27542,49.3776,"US",NA,NA,"UTC"
"11213837.29966-121.88817","112138","37.29966-121.88817","Backyard",-121.88817,37.29966,39.0144,"US",NA,NA,"UTC"
"11214439.01082-119.94414","112144","39.01082-119.94414","Zephyr Cove Tennis Club",-119.94414,39.01082,1915.0584,"US",NA,NA,"UTC"
"11214637.29161-121.97301","112146","37.29161-121.97301","Cloverdale Lane",-121.97301,37.29161,63.3984,"US",NA,NA,"UTC"
"11215038.51594-121.50972","112150","38.51594-121.50972","South Land Park",-121.50972,38.51594,9.4488,"US",NA,NA,"UTC"
"11215237.3574-122.05061","112152","37.3574-122.05061","S Mary Ave",-122.05061,37.3574,54.864,"US",NA,NA,"UTC"
"11216437.23624-121.98981","112164","37.23624-121.98981","Grandview Ave",-121.98981,37.23624,152.7048,"US",NA,NA,"UTC"
"11217039.7369-121.63665","112170","39.7369-121.63665","Toyon Ln Area",-121.63665,39.7369,424.2816,"US",NA,NA,"UTC"
"11217837.80041-122.42667","112178","37.80041-122.42667","Greenwich",-122.42667,37.80041,21.0312,"US",NA,NA,"UTC"
"11220238.53099-118.62106","112202","38.53099-118.62106","Hawthorne  Nevada",-118.62106,38.53099,1306.9824,"US",NA,NA,"UTC"
"11221438.57307-121.42906","112214","38.57307-121.42906","River Park - Monalee Ave",-121.42906,38.57307,9.7536,"US",NA,NA,"UTC"
"11224238.47389-122.70822","112242","38.47389-122.70822","Cobblestone Santa Rosa",-122.70822,38.47389,137.16,"US",NA,NA,"UTC"
"11224437.56378-122.3014","112244","37.56378-122.3014","Front",-122.3014,37.56378,1.524,"US",NA,NA,"UTC"
"11224639.57504-119.24384","112246","39.57504-119.24384","FERNLEY",-119.24384,39.57504,1289.6088,"US",NA,NA,"UTC"
"11224838.32454-122.69607","112248","38.32454-122.69607","GO GIANTS!!!",-122.69607,38.32454,35.3568,"US",NA,NA,"UTC"
"11225639.14122-120.1531","112256","39.14122-120.1531","Tahoe Park Beach",-120.1531,39.14122,1900.7328,"US",NA,NA,"UTC"
"11226037.88608-121.08035","112260","37.88608-121.08035","friendly fred",-121.08035,37.88608,24.9936,"US",NA,NA,"UTC"
"11227437.87022-122.20357","112274","37.87022-122.20357","Cal Shakes",-122.20357,37.87022,255.7272,"US",NA,NA,"UTC"
"11227638.57142-122.43366","112276","38.57142-122.43366","Mikes Aero",-122.43366,38.57142,560.5272,"US",NA,NA,"UTC"
"11227839.20083-120.22823","112278","39.20083-120.22823","1530 Christy Lane",-120.22823,39.20083,1909.8768,"US",NA,NA,"UTC"
"11228237.56296-122.30046","112282","37.56296-122.30046","Norfolk &amp; Noe",-122.30046,37.56296,1.2192,"US",NA,NA,"UTC"
"11229037.84764-122.11509","112290","37.84764-122.11509","Moraga DD",-122.11509,37.84764,206.9592,"US",NA,NA,"UTC"
"11229640.43808-122.29516","112296","40.43808-122.29516","Larch Street",-122.29516,40.43808,143.5608,"US",NA,NA,"UTC"
"11229835.92852-115.08981","112298","35.92852-115.08981","Club at Madeira Canyon",-115.08981,35.92852,935.736,"US",NA,NA,"UTC"
"11230637.75348-122.4203","112306","37.75348-122.4203","Buena Vista Horace Mann K-8 School",-122.4203,37.75348,25.908,"US",NA,NA,"UTC"
"11230837.73097-122.16445","112308","37.73097-122.16445","Bad Business Model Bikes",-122.16445,37.73097,16.1544,"US",NA,NA,"UTC"
"11231037.57335-122.38641","112310","37.57335-122.38641","Summit",-122.38641,37.57335,135.636,"US",NA,NA,"UTC"
"11232039.23949-120.01641","112320","39.23949-120.01641","Kings Beach Chipmunk",-120.01641,39.23949,1960.1688,"US",NA,NA,"UTC"
"11232438.94672-119.69326","112324","38.94672-119.69326","Desert Gold",-119.69326,38.94672,1507.5408,"US",NA,NA,"UTC"
"11232837.47785-119.63776","112328","37.47785-119.63776","Fish Camp",-119.63776,37.47785,1529.4864,"US",NA,NA,"UTC"
"11236437.87382-122.27991","112364","37.87382-122.27991","Berkeley - California &amp; Delaware",-122.27991,37.87382,39.9288,"US",NA,NA,"UTC"
"11236637.95068-122.03768","112366","37.95068-122.03768","Cameron Court  Concord  CA",-122.03768,37.95068,17.3736,"US",NA,NA,"UTC"
"11236837.34302-122.21972","112368","37.34302-122.21972","Thomas Fogarty Winery",-122.21972,37.34302,589.1784,"US",NA,NA,"UTC"
"11237237.47299-122.18218","112372","37.47299-122.18218","Lizards-O1",-122.18218,37.47299,10.0584,"US",NA,NA,"UTC"
"11237437.86057-122.02583","112374","37.86057-122.02583","Jennifer Lane",-122.02583,37.86057,98.7552,"US",NA,NA,"UTC"
"11237637.69419-122.09224","112376","37.69419-122.09224","Castro Valley",-122.09224,37.69419,69.1896,"US",NA,NA,"UTC"
"11237837.75617-122.23645","112378","37.75617-122.23645","Court Street and San Jose Avenue",-122.23645,37.75617,4.8768,"US",NA,NA,"UTC"
"11238233.05132-117.17363","112382","33.05132-117.17363","RSF",-117.17363,33.05132,163.6776,"US",NA,NA,"UTC"
"11239038.80048-120.8918","112390","38.80048-120.8918","Marshall Gold Discovery SHP",-120.8918,38.80048,231.9528,"US",NA,NA,"UTC"
"11243039.26917-120.93031","112430","39.26917-120.93031","Mill Springs Drive",-120.93031,39.26917,945.4896,"US",NA,NA,"UTC"
"11243837.7716-122.4288","112438","37.7716-122.4288","LH Webster",-122.4288,37.7716,44.196,"US",NA,NA,"UTC"
"11247037.91733-120.63244","112470","37.91733-120.63244","Saddle Creek",-120.63244,37.91733,252.6792,"US",NA,NA,"UTC"
"11247638.54778-121.74538","112476","38.54778-121.74538","DSIS Outdoor",-121.74538,38.54778,13.1064,"US",NA,NA,"UTC"
"11247837.73171-122.16329","112478","37.73171-122.16329","Stoakes Ave",-122.16329,37.73171,17.6784,"US",NA,NA,"UTC"
"11248837.82129-122.21749","112488","37.82129-122.21749","La Salle",-122.21749,37.82129,136.8552,"US",NA,NA,"UTC"
"11249038.77457-122.97205","112490","38.77457-122.97205","Palomino Lakes Home",-122.97205,38.77457,122.8344,"US",NA,NA,"UTC"
"11249237.79461-122.1886","112492","37.79461-122.1886","Maybelle top",-122.1886,37.79461,128.9304,"US",NA,NA,"UTC"
"11249637.37088-122.12186","112496","37.37088-122.12186","East Sunset",-122.12186,37.37088,101.1936,"US",NA,NA,"UTC"
"11251237.85359-122.24045","112512","37.85359-122.24045","211 Garage",-122.24045,37.85359,115.2144,"US",NA,NA,"UTC"
"11251439.28669-120.11481","112514","39.28669-120.11481","Basque",-120.11481,39.28669,1843.4304,"US",NA,NA,"UTC"
"11252432.7458-117.23926","112524","32.7458-117.23926","Ocean Beach",-117.23926,32.7458,27.432,"US",NA,NA,"UTC"
"11253836.18127-115.36375","112538","36.18127-115.36375","The Paseos",-115.36375,36.18127,1063.4472,"US",NA,NA,"UTC"
"11259238.29404-120.2689","112592","38.29404-120.2689","Dorrington - Topanga LN",-120.2689,38.29404,1477.9752,"US",NA,NA,"UTC"
"11259638.06796-122.15702","112596","38.06796-122.15702","ThomFamOutdoor",-122.15702,38.06796,146.6088,"US",NA,NA,"UTC"
"11261639.49199-119.70806","112616","39.49199-119.70806","Hidden Valley",-119.70806,39.49199,1421.892,"US",NA,NA,"UTC"
"11262240.55367-122.40507","112622","40.55367-122.40507","Sungold Circle",-122.40507,40.55367,214.884,"US",NA,NA,"UTC"
"11264038.42986-122.7108","112640","38.42986-122.7108","European Sales &amp; Service",-122.7108,38.42986,49.0728,"US",NA,NA,"UTC"
"11264237.88398-122.53236","112642","37.88398-122.53236","Lowell",-122.53236,37.88398,61.8744,"US",NA,NA,"UTC"
"11265037.45233-122.23241","112650","37.45233-122.23241","OhioAve",-122.23241,37.45233,26.8224,"US",NA,NA,"UTC"
"11265638.86655-121.0947","112656","38.86655-121.0947","Vintage oaks 2",-121.0947,38.86655,390.4488,"US",NA,NA,"UTC"
"11266037.94817-122.56995","112660","37.94817-122.56995","Top of the Woodlands",-122.56995,37.94817,138.684,"US",NA,NA,"UTC"
"11266237.90995-122.34203","112662","37.90995-122.34203","Breakers Marina Bay",-122.34203,37.90995,4.2672,"US",NA,NA,"UTC"
"11267037.89077-122.0915","112670","37.89077-122.0915","Condit",-122.0915,37.89077,70.7136,"US",NA,NA,"UTC"
"11267238.69483-120.89563","112672","38.69483-120.89563","Reservation Rd",-120.89563,38.69483,440.1312,"US",NA,NA,"UTC"
"11267438.68078-121.14138","112674","38.68078-121.14138","inchnominiums",-121.14138,38.68078,114.3,"US",NA,NA,"UTC"
"11270037.76246-122.39492","112700","37.76246-122.39492","Potrero Hill 18th &amp; Mississippi",-122.39492,37.76246,30.1752,"US",NA,NA,"UTC"
"11271038.099-122.62047","112710","38.099-122.62047","Novato  CA",-122.62047,38.099,85.0392,"US",NA,NA,"UTC"
"11272038.02696-121.32664","112720","38.02696-121.32664","Burns pl",-121.32664,38.02696,5.1816,"US",NA,NA,"UTC"
"11274038.26153-120.32755","112740","38.26153-120.32755","BLS- Augusta Dr.",-120.32755,38.26153,1276.1976,"US",NA,NA,"UTC"
"11278837.91655-121.98852","112788","37.91655-121.98852","Ranch Paraiso",-121.98852,37.91655,124.6632,"US",NA,NA,"UTC"
"11279633.5695-117.14141","112796","33.5695-117.14141","DPE\/CFIG Outdoors",-117.14141,33.5695,398.0688,"US",NA,NA,"UTC"
"11279838.45586-122.70264","112798","38.45586-122.70264","Su",-122.70264,38.45586,55.1688,"US",NA,NA,"UTC"
"11281237.22424-121.9717","112812","37.22424-121.9717","208 bella vista ave",-121.9717,37.22424,125.8824,"US",NA,NA,"UTC"
"11281638.98289-119.95441","112816","38.98289-119.95441","Bitler\u2019s",-119.95441,38.98289,1900.1232,"US",NA,NA,"UTC"
"11282038.96648-119.91322","112820","38.96648-119.91322","Palisades",-119.91322,38.96648,2060.1432,"US",NA,NA,"UTC"
"11283437.3454-121.94556","112834","37.3454-121.94556","Jackson and Market",-121.94556,37.3454,26.5176,"US",NA,NA,"UTC"
"11284438.60279-121.46165","112844","38.60279-121.46165","Woodlake - Outdoor",-121.46165,38.60279,8.5344,"US",NA,NA,"UTC"
"11285039.06121-120.13563","112850","39.06121-120.13563","Westlake Village",-120.13563,39.06121,1956.2064,"US",NA,NA,"UTC"
"11285434.43695-119.77329","112854","34.43695-119.77329","Wise Acres Winery",-119.77329,34.43695,25.2984,"US",NA,NA,"UTC"
"11287439.25222-120.0304","112874","39.25222-120.0304","Canterbury Dr",-120.0304,39.25222,1993.6968,"US",NA,NA,"UTC"
"11288237.86134-122.19016","112882","37.86134-122.19016","HausTaco",-122.19016,37.86134,306.324,"US",NA,NA,"UTC"
"11288837.86099-121.97246","112888","37.86099-121.97246","The Tardis",-121.97246,37.86099,226.4664,"US",NA,NA,"UTC"
"11289039.77664-121.49922","112890","39.77664-121.49922","Yana",-121.49922,39.77664,664.1592,"US",NA,NA,"UTC"
"11289236.81926-119.80158","112892","36.81926-119.80158","Winchester Browning",-119.80158,36.81926,99.3648,"US",NA,NA,"UTC"
"11289439.3906-119.23371","112894","39.3906-119.23371","Silver Springs  NV",-119.23371,39.3906,1280.7696,"US",NA,NA,"UTC"
"11289839.28168-123.61561","112898","39.28168-123.61561","Old Strauss Place",-123.61561,39.28168,84.4296,"US",NA,NA,"UTC"
"11291639.11339-121.05208","112916","39.11339-121.05208","K9JM @ Aileen Way",-121.05208,39.11339,708.0504,"US",NA,NA,"UTC"
"11292240.54882-122.29871","112922","40.54882-122.29871","GIBSON",-122.29871,40.54882,165.8112,"US",NA,NA,"UTC"
"11292437.63309-121.91828","112924","37.63309-121.91828","2828 Killkare Rd.",-121.91828,37.63309,270.0528,"US",NA,NA,"UTC"
"11294039.39635-119.78982","112940","39.39635-119.78982","Taos Lane",-119.78982,39.39635,1569.1104,"US",NA,NA,"UTC"
"11294240.87874-117.78423","112942","40.87874-117.78423","5T Ranch",-117.78423,40.87874,1313.9928,"US",NA,NA,"UTC"
"11294837.65704-121.80125","112948","37.65704-121.80125","Ponte Ct. Livermore",-121.80125,37.65704,131.3688,"US",NA,NA,"UTC"
"11295038.61617-122.88191","112950","38.61617-122.88191","W Grant St.",-122.88191,38.61617,33.528,"US",NA,NA,"UTC"
"11295236.5595-121.91591","112952","36.5595-121.91591","Carmel",-121.91591,36.5595,118.5672,"US",NA,NA,"UTC"
"11295638.83427-120.53132","112956","38.83427-120.53132","JB Air Monitor",-120.53132,38.83427,940.308,"US",NA,NA,"UTC"
"11298237.16325-121.8205","112982","37.16325-121.8205","ViaVespero",-121.8205,37.16325,374.2944,"US",NA,NA,"UTC"
"11299641.71787-122.64296","112996","41.71787-122.64296","GECS\/YLC",-122.64296,41.71787,813.5112,"US",NA,NA,"UTC"
"11302037.45516-122.25633","113020","37.45516-122.25633","Home",-122.25633,37.45516,134.4168,"US",NA,NA,"UTC"
"11304039.35786-120.22978","113040","39.35786-120.22978","Hansel Hill",-120.22978,39.35786,2004.3648,"US",NA,NA,"UTC"
"11305038.73279-121.01856","113050","38.73279-121.01856","Kanaka Valley",-121.01856,38.73279,409.0416,"US",NA,NA,"UTC"
"11305237.79613-121.9797","113052","37.79613-121.9797","Olney ct",-121.9797,37.79613,130.7592,"US",NA,NA,"UTC"
"11305635.40107-118.83779","113056","35.40107-118.83779","18th Fairway",-118.83779,35.40107,274.0152,"US",NA,NA,"UTC"
"11306438.80234-120.14262","113064","38.80234-120.14262","Strawberry HW50",-120.14262,38.80234,1774.8504,"US",NA,NA,"UTC"
"11306634.44664-119.67161","113066","34.44664-119.67161","Coyote Road",-119.67161,34.44664,141.732,"US",NA,NA,"UTC"
"11309040.5602-122.40955","113090","40.5602-122.40955","Blue Bell Drive",-122.40955,40.5602,218.5416,"US",NA,NA,"UTC"
"11312439.18385-121.00032","113124","39.18385-121.00032","Judd Lane",-121.00032,39.18385,850.392,"US",NA,NA,"UTC"
"11314037.91539-122.17275","113140","37.91539-122.17275","59 Orinda View Road",-122.17275,37.91539,339.2424,"US",NA,NA,"UTC"
"11314234.4413-119.61921","113142","34.4413-119.61921","Park Lane",-119.61921,34.4413,96.6216,"US",NA,NA,"UTC"
"11314437.62002-122.42762","113144","37.62002-122.42762","Shelter Crik",-122.42762,37.62002,63.7032,"US",NA,NA,"UTC"
"11315038.37302-122.91416","113150","38.37302-122.91416","Osmosis",-122.91416,38.37302,66.7512,"US",NA,NA,"UTC"
"11315237.33626-121.96841","113152","37.33626-121.96841","Velodrome",-121.96841,37.33626,31.3944,"US",NA,NA,"UTC"
"11315438.05583-122.51504","113154","38.05583-122.51504","Greenham Court Hamilton",-122.51504,38.05583,0.9144,"US",NA,NA,"UTC"
"11315637.56731-122.37051","113156","37.56731-122.37051","Burlingame Country Club SW",-122.37051,37.56731,81.9912,"US",NA,NA,"UTC"
"11315837.93005-122.29522","113158","37.93005-122.29522","Vista Gusts",-122.29522,37.93005,270.0528,"US",NA,NA,"UTC"
"11316037.56733-122.34863","113160","37.56733-122.34863","Tethys Outside Sensor",-122.34863,37.56733,33.2232,"US",NA,NA,"UTC"
"11317037.92142-122.49889","113170","37.92142-122.49889","The Cove School",-122.49889,37.92142,3.048,"US",NA,NA,"UTC"
"11317237.22315-121.86786","113172","37.22315-121.86786","TAL1",-121.86786,37.22315,72.2376,"US",NA,NA,"UTC"
"11318239.41053-119.80352","113182","39.41053-119.80352","LOWER ARROWCREEK",-119.80352,39.41053,1574.5968,"US",NA,NA,"UTC"
"11320037.89212-122.20408","113200","37.89212-122.20408","Orinda",-122.20408,37.89212,125.5776,"US",NA,NA,"UTC"
"11320439.31986-120.14945","113204","39.31986-120.14945","Chandelle Way",-120.14945,39.31986,1797.4056,"US",NA,NA,"UTC"
"11320637.77615-122.47981","113206","37.77615-122.47981","21st &amp; Balboa",-122.47981,37.77615,53.9496,"US",NA,NA,"UTC"
"11320837.63342-121.89148","113208","37.63342-121.89148","22 Castlewood Drive",-121.89148,37.63342,136.8552,"US",NA,NA,"UTC"
"11322037.10412-121.89996","113220","37.10412-121.89996","Spanish Ranch",-121.89996,37.10412,567.8424,"US",NA,NA,"UTC"
"11322237.73729-122.25415","113222","37.73729-122.25415","dragonopolis",-122.25415,37.73729,3.6576,"US",NA,NA,"UTC"
"11322637.58118-122.35063","113226","37.58118-122.35063","Tardis Exterior  Floribunda Ave (OUTSIDE)",-122.35063,37.58118,7.62,"US",NA,NA,"UTC"
"11322839.92189-122.15433","113228","39.92189-122.15433","Mishafarms_Air_Watch",-122.15433,39.92189,96.012,"US",NA,NA,"UTC"
"11323439.39651-119.79556","113234","39.39651-119.79556","Saddlehorn Saloon",-119.79556,39.39651,1598.0664,"US",NA,NA,"UTC"
"11323838.3332-121.95667","113238","38.3332-121.95667","Heritage Lane AQI",-121.95667,38.3332,36.576,"US",NA,NA,"UTC"
"11326037.58087-122.48169","113260","37.58087-122.48169","Linda Mar Valley",-122.48169,37.58087,35.3568,"US",NA,NA,"UTC"
"11326237.13176-121.65149","113262","37.13176-121.65149","Brighton Oaks",-121.65149,37.13176,107.5944,"US",NA,NA,"UTC"
"11326437.65632-122.46093","113264","37.65632-122.46093","94015",-122.46093,37.65632,137.4648,"US",NA,NA,"UTC"
"11327838.64293-121.2323","113278","38.64293-121.2323","4223 Pocono Ct",-121.2323,38.64293,67.6656,"US",NA,NA,"UTC"
"11328237.4281-122.30758","113282","37.4281-122.30758","Top of Kings Mountain",-122.30758,37.4281,621.792,"US",NA,NA,"UTC"
"11328437.55632-121.96832","113284","37.55632-121.96832","Red Hawk",-121.96832,37.55632,18.5928,"US",NA,NA,"UTC"
"11328637.6877-121.7477","113286","37.6877-121.7477","T's Garden",-121.7477,37.6877,163.3728,"US",NA,NA,"UTC"
"11329037.66875-121.77518","113290","37.66875-121.77518","East Sunset",-121.77518,37.66875,152.0952,"US",NA,NA,"UTC"
"11329240.59642-124.14059","113292","40.59642-124.14059","Cypress Loop",-124.14059,40.59642,56.0832,"US",NA,NA,"UTC"
"11329837.42171-122.20798","113298","37.42171-122.20798","TrinitySchool-Outside",-122.20798,37.42171,86.868,"US",NA,NA,"UTC"
"11331438.58205-121.39406","113314","38.58205-121.39406","Al HaDerech",-121.39406,38.58205,15.5448,"US",NA,NA,"UTC"
"11332034.11605-118.36865","113320","34.11605-118.36865","Upper Mount Olympus",-118.36865,34.11605,369.4176,"US",NA,NA,"UTC"
"11333837.82197-122.19934","113338","37.82197-122.19934","Chelton",-122.19934,37.82197,272.1864,"US",NA,NA,"UTC"
"11334437.94992-121.92923","113344","37.94992-121.92923","Oakhurst",-121.92923,37.94992,216.408,"US",NA,NA,"UTC"
"11334637.80014-122.16974","113346","37.80014-122.16974","Skyline Ranch",-122.16974,37.80014,302.0568,"US",NA,NA,"UTC"
"11339437.7516-122.469","113394","37.7516-122.469","Golden Gate Heights",-122.469,37.7516,216.1032,"US",NA,NA,"UTC"
"11339638.54086-121.5313","113396","38.54086-121.5313","Roscoe\u2019s House",-121.5313,38.54086,3.9624,"US",NA,NA,"UTC"
"11340036.22643-121.76277","113400","36.22643-121.76277","oLoco",-121.76277,36.22643,279.1968,"US",NA,NA,"UTC"
"11340437.84045-122.22803","113404","37.84045-122.22803","Agnes",-122.22803,37.84045,181.0512,"US",NA,NA,"UTC"
"11341437.77778-122.28894","113414","37.77778-122.28894","Woodstock-Caliope",-122.28894,37.77778,3.9624,"US",NA,NA,"UTC"
"11343038.51147-122.92861","113430","38.51147-122.92861","Dell Ave",-122.92861,38.51147,32.004,"US",NA,NA,"UTC"
"11343637.73363-122.44022","113436","37.73363-122.44022","Backyard",-122.44022,37.73363,115.824,"US",NA,NA,"UTC"
"11344038.24077-120.35908","113440","38.24077-120.35908","ArnoldDS",-120.35908,38.24077,1210.6656,"US",NA,NA,"UTC"
"11344237.83037-122.02406","113442","37.83037-122.02406","Kirk",-122.02406,37.83037,118.5672,"US",NA,NA,"UTC"
"11344637.33067-121.78136","113446","37.33067-121.78136","Ambum",-121.78136,37.33067,92.0496,"US",NA,NA,"UTC"
"11345039.42117-123.79953","113450","39.42117-123.79953","Basin View Bragg",-123.79953,39.42117,38.1,"US",NA,NA,"UTC"
"11345439.52483-121.01766","113454","39.52483-121.01766","Cal-Ida",-121.01766,39.52483,1077.468,"US",NA,NA,"UTC"
"11350437.76247-122.44864","113504","37.76247-122.44864","Rivoli House",-122.44864,37.76247,112.4712,"US",NA,NA,"UTC"
"11354239.00029-122.90241","113542","39.00029-122.90241","LP CELLAR",-122.90241,39.00029,418.1856,"US",NA,NA,"UTC"
"11355439.2325-120.99303","113554","39.2325-120.99303","Morro Drive",-120.99303,39.2325,973.5312,"US",NA,NA,"UTC"
"11358637.3321-120.43825","113586","37.3321-120.43825","Bernasconi Park",-120.43825,37.3321,57.3024,"US",NA,NA,"UTC"
"11360439.0132-122.06287","113604","39.0132-122.06287","Arbuckle",-122.06287,39.0132,46.3296,"US",NA,NA,"UTC"
"11361438.69154-120.95113","113614","38.69154-120.95113","Carlson Court",-120.95113,38.69154,427.3296,"US",NA,NA,"UTC"
"11362237.14214-121.97597","113622","37.14214-121.97597","22546 Summit",-121.97597,37.14214,556.26,"US",NA,NA,"UTC"
"11362637.97795-121.31553","113626","37.97795-121.31553","University of the Pacific Outdoor",-121.31553,37.97795,3.6576,"US",NA,NA,"UTC"
"11363238.72019-120.87802","113632","38.72019-120.87802","GreenValleyRoad",-120.87802,38.72019,441.0456,"US",NA,NA,"UTC"
"11366637.84957-122.12428","113666","37.84957-122.12428","121 Draeger Dr",-122.12428,37.84957,180.4416,"US",NA,NA,"UTC"
"11372239.23896-119.82076","113722","39.23896-119.82076","Sheldon",-119.82076,39.23896,1540.764,"US",NA,NA,"UTC"
"11373037.92014-122.28297","113730","37.92014-122.28297","KarpBurg",-122.28297,37.92014,255.7272,"US",NA,NA,"UTC"
"11377138.36524-122.72366","113771","38.36524-122.72366","Farmhouse",-122.72366,38.36524,28.956,"US",NA,NA,"UTC"
"11380138.04128-122.80031","113801","38.04128-122.80031","Bear Valley Visitor Center",-122.80031,38.04128,30.7848,"US",NA,NA,"UTC"
"11381337.73228-122.46851","113813","37.73228-122.46851","Sfw",-122.46851,37.73228,95.4024,"US",NA,NA,"UTC"
"11383137.79636-121.97499","113831","37.79636-121.97499","Greenbrook",-121.97499,37.79636,129.8448,"US",NA,NA,"UTC"
"11386139.75965-121.79597","113861","39.75965-121.79597","Hooker Oak Park",-121.79597,39.75965,81.9912,"US",NA,NA,"UTC"
"11393733.49458-117.63543","113937","33.49458-117.63543","San Juan Capistrano",-117.63543,33.49458,78.0288,"US",NA,NA,"UTC"
"11395134.10493-117.72232","113951","34.10493-117.72232","West Village",-117.72232,34.10493,376.428,"US",NA,NA,"UTC"
"11397137.3352-119.60582","113971","37.3352-119.60582","Jean East",-119.60582,37.3352,911.9616,"US",NA,NA,"UTC"
"11397939.04414-119.82604","113979","39.04414-119.82604","Big Sky",-119.82604,39.04414,1466.088,"US",NA,NA,"UTC"
"11398338.54694-121.67749","113983","38.54694-121.67749","North El Macero",-121.67749,38.54694,9.4488,"US",NA,NA,"UTC"
"11399737.84774-122.15421","113997","37.84774-122.15421","Del Rey",-122.15421,37.84774,187.1472,"US",NA,NA,"UTC"
"11400538.47161-123.00277","114005","38.47161-123.00277","Monte Rio Willow",-123.00277,38.47161,12.192,"US",NA,NA,"UTC"
"11400738.89708-120.03702","114007","38.89708-120.03702","Angora Ridge",-120.03702,38.89708,2086.0512,"US",NA,NA,"UTC"
"11400934.63263-118.23527","114009","34.63263-118.23527","45 Q uartz Hill",-118.23527,34.63263,824.1792,"US",NA,NA,"UTC"
"11401134.0364-118.84373","114011","34.0364-118.84373","Malibu West",-118.84373,34.0364,53.34,"US",NA,NA,"UTC"
"11402738.72646-120.86792","114027","38.72646-120.86792","Community Observatory",-120.86792,38.72646,485.2416,"US",NA,NA,"UTC"
"11404139.20246-120.22429","114041","39.20246-120.22429","Lanny Outside",-120.22429,39.20246,1895.2464,"US",NA,NA,"UTC"
"11404539.23502-119.93495","114045","39.23502-119.93495","Pine Cone Circle",-119.93495,39.23502,1910.4864,"US",NA,NA,"UTC"
"11404737.14251-122.01502","114047","37.14251-122.01502","Upper Ellen",-122.01502,37.14251,498.348,"US",NA,NA,"UTC"
"11405137.96443-122.24717","114051","37.96443-122.24717","Buckboard way",-122.24717,37.96443,110.6424,"US",NA,NA,"UTC"
"11405734.42646-119.76144","114057","34.42646-119.76144","Camino Medio",-119.76144,34.42646,47.8536,"US",NA,NA,"UTC"
"11406338.50617-122.64871","114063","38.50617-122.64871","Mark West Stables",-122.64871,38.50617,214.5792,"US",NA,NA,"UTC"
"11406738.72495-121.08453","114067","38.72495-121.08453","springbok",-121.08453,38.72495,221.5896,"US",NA,NA,"UTC"
"11409539.18608-119.81214","114095","39.18608-119.81214","Westwood Dr",-119.81214,39.18608,1641.348,"US",NA,NA,"UTC"
"11411137.88327-122.08337","114111","37.88327-122.08337","El Dorado Road",-122.08337,37.88327,64.9224,"US",NA,NA,"UTC"
"11411337.65699-121.82487","114113","37.65699-121.82487","Machado Pl",-121.82487,37.65699,129.54,"US",NA,NA,"UTC"
"11412534.1723-118.65884","114125","34.1723-118.65884","City of Hidden Hills City Hall",-118.65884,34.1723,302.9712,"US",NA,NA,"UTC"
"11414337.84101-122.11218","114143","37.84101-122.11218","SMC_RC",-122.11218,37.84101,182.5752,"US",NA,NA,"UTC"
"11414538.92748-119.97131","114145","38.92748-119.97131","LTCC - UC Outdoor",-119.97131,38.92748,1913.5344,"US",NA,NA,"UTC"
"11415132.97263-117.23283","114151","32.97263-117.23283","Rancho La Bella Outdoor",-117.23283,32.97263,31.6992,"US",NA,NA,"UTC"
"11418140.48576-123.65027","114181","40.48576-123.65027","Simmonsville",-123.65027,40.48576,737.616,"US",NA,NA,"UTC"
"11418937.81265-122.19595","114189","37.81265-122.19595","WSG",-122.19595,37.81265,231.9528,"US",NA,NA,"UTC"
"11419738.54172-122.47695","114197","38.54172-122.47695","Barn",-122.47695,38.54172,93.2688,"US",NA,NA,"UTC"
"11420337.88289-122.24696","114203","37.88289-122.24696","Jazz Peak",-122.24696,37.88289,373.0752,"US",NA,NA,"UTC"
"11421337.84712-122.14848","114213","37.84712-122.14848","35 Whitehall Drive",-122.14848,37.84712,206.9592,"US",NA,NA,"UTC"
"11424737.98845-122.5993","114247","37.98845-122.5993","Redwood Rd",-122.5993,37.98845,140.8176,"US",NA,NA,"UTC"
"11425738.10259-121.57775","114257","38.10259-121.57775","Delta Looped",-121.57775,38.10259,-3.048,"US",NA,NA,"UTC"
"11426133.99855-118.42049","114261","33.99855-118.42049","MV\/CC",-118.42049,33.99855,16.1544,"US",NA,NA,"UTC"
"11427138.23291-119.97959","114271","38.23291-119.97959","Leland Meadows",-119.97959,38.23291,1923.8976,"US",NA,NA,"UTC"
"11428139.4457-119.73101","114281","39.4457-119.73101","Near Cyan Park",-119.73101,39.4457,1353.312,"US",NA,NA,"UTC"
"11429737.72149-122.1292","114297","37.72149-122.1292","Bay-O-Vista",-122.1292,37.72149,121.0056,"US",NA,NA,"UTC"
"11429932.83558-117.26202","114299","32.83558-117.26202","Playa Coyote",-117.26202,32.83558,108.8136,"US",NA,NA,"UTC"
"11431337.664-121.99452","114313","37.664-121.99452","Palomares 3.0",-121.99452,37.664,173.4312,"US",NA,NA,"UTC"
"11432137.36428-122.00337","114321","37.36428-122.00337","Starbush Dr",-122.00337,37.36428,24.6888,"US",NA,NA,"UTC"
"11432737.33819-122.0656","114327","37.33819-122.0656","Cuy Outside",-122.0656,37.33819,81.6864,"US",NA,NA,"UTC"
"11434339.11348-121.08877","114343","39.11348-121.08877","Vintage Drive",-121.08877,39.11348,520.2936,"US",NA,NA,"UTC"
"11435537.42159-122.2363","114355","37.42159-122.2363","Core Equestrian Barn",-122.2363,37.42159,128.6256,"US",NA,NA,"UTC"
"11436139.82709-121.8382","114361","39.82709-121.8382","Indian Springs (outdoor)",-121.8382,39.82709,136.5504,"US",NA,NA,"UTC"
"11436337.87248-122.46771","114363","37.87248-122.46771","Madrona Avenue",-122.46771,37.87248,76.2,"US",NA,NA,"UTC"
"11438138.7268-121.18238","114381","38.7268-121.18238","Folsom Lake Estates North",-121.18238,38.7268,116.1288,"US",NA,NA,"UTC"
"11438534.0958-117.52334","114385","34.0958-117.52334","T&amp;R lUMBER",-117.52334,34.0958,348.996,"US",NA,NA,"UTC"
"11439139.38319-119.81535","114391","39.38319-119.81535","Parisian court",-119.81535,39.38319,1699.8696,"US",NA,NA,"UTC"
"11440537.33672-121.91409","114405","37.33672-121.91409","SchielePurple",-121.91409,37.33672,27.1272,"US",NA,NA,"UTC"
"11442137.36451-122.15294","114421","37.36451-122.15294","Shreve",-122.15294,37.36451,207.8736,"US",NA,NA,"UTC"
"11442337.84766-122.13296","114423","37.84766-122.13296","Upper Crossbrook Outside",-122.13296,37.84766,217.6272,"US",NA,NA,"UTC"
"11443139.29494-120.15037","114431","39.29494-120.15037","Lahontan Golf Club",-120.15037,39.29494,1830.9336,"US",NA,NA,"UTC"
"11447139.15664-123.17996","114471","39.15664-123.17996","View Drive",-123.17996,39.15664,293.8272,"US",NA,NA,"UTC"
"11447338.39939-120.79018","114473","38.39939-120.79018","Sutter Creek",-120.79018,38.39939,441.96,"US",NA,NA,"UTC"
"11451936.04889-115.0726","114519","36.04889-115.0726","Sandcastle",-115.0726,36.04889,598.3224,"US",NA,NA,"UTC"
"11453139.72984-121.52552","114531","39.72984-121.52552","Golden Feather Pool",-121.52552,39.72984,540.7152,"US",NA,NA,"UTC"
"11453337.6398-121.87883","114533","37.6398-121.87883","Matthew Court",-121.87883,37.6398,110.9472,"US",NA,NA,"UTC"
"11453538.94017-119.75166","114535","38.94017-119.75166","Golden Bubble Gardnerville",-119.75166,38.94017,1446.8856,"US",NA,NA,"UTC"
"11455937.8974-122.25736","114559","37.8974-122.25736","The Spiral",-122.25736,37.8974,301.1424,"US",NA,NA,"UTC"
"11456138.22349-122.15707","114561","38.22349-122.15707","Green Valley  CA",-122.15707,38.22349,13.1064,"US",NA,NA,"UTC"
"11456938.67052-121.12167","114569","38.67052-121.12167","352 Prewett Dr.",-121.12167,38.67052,111.5568,"US",NA,NA,"UTC"
"11457739.25216-121.13892","114577","39.25216-121.13892","Nevada City School of the Arts",-121.13892,39.25216,685.8,"US",NA,NA,"UTC"
"11459538.55003-121.67884","114595","38.55003-121.67884","El Macero Estates",-121.67884,38.55003,9.144,"US",NA,NA,"UTC"
"11474538.5832-121.25563","114745","38.5832-121.25563","Corp Yard City of Rancho Cordova",-121.25563,38.5832,37.4904,"US",NA,NA,"UTC"
"11487939.0159-123.40007","114879","39.0159-123.40007","Ridgetop Ranch",-123.40007,39.0159,348.3864,"US",NA,NA,"UTC"
"11488937.57682-121.98787","114889","37.57682-121.98787","Washburn court",-121.98787,37.57682,19.5072,"US",NA,NA,"UTC"
"11505138.14283-122.51846","115051","38.14283-122.51846","Sonoma Horse Park",-122.51846,38.14283,0.3048,"US",NA,NA,"UTC"
"11505539.53042-119.93529","115055","39.53042-119.93529","Sonterra",-119.93529,39.53042,1585.5696,"US",NA,NA,"UTC"
"11505739.65171-121.56255","115057","39.65171-121.56255","Spring Valley School",-121.56255,39.65171,217.0176,"US",NA,NA,"UTC"
"11510338.57133-121.37204","115103","38.57133-121.37204","Wilhaggin",-121.37204,38.57133,13.1064,"US",NA,NA,"UTC"
"11511337.33681-119.70493","115113","37.33681-119.70493","TeamS&amp;M",-119.70493,37.33681,648.6144,"US",NA,NA,"UTC"
"11512739.15205-120.98138","115127","39.15205-120.98138","Cactus Lane",-120.98138,39.15205,728.1672,"US",NA,NA,"UTC"
"11515138.7758-120.93306","115151","38.7758-120.93306","ArrowB Garden",-120.93306,38.7758,470.0016,"US",NA,NA,"UTC"
"11515939.19979-121.22685","115159","39.19979-121.22685","Troll Knoll",-121.22685,39.19979,530.352,"US",NA,NA,"UTC"
"11532340.28814-118.14339","115323","40.28814-118.14339","Coeur Rochester Truck Shop",-118.14339,40.28814,1924.812,"US",NA,NA,"UTC"
"11549539.08766-119.93982","115495","39.08766-119.93982","Glenbrook Pier",-119.93982,39.08766,1906.2192,"US",NA,NA,"UTC"
"11551537.97086-122.73102","115515","37.97086-122.73102","Hagmier Point Blue",-122.73102,37.97086,127.4064,"US",NA,NA,"UTC"
"11552937.22606-121.80426","115529","37.22606-121.80426","Beckham",-121.80426,37.22606,61.5696,"US",NA,NA,"UTC"
"11556932.96138-117.04741","115569","32.96138-117.04741","Pequot South",-117.04741,32.96138,215.4936,"US",NA,NA,"UTC"
"11557937.23602-121.91125","115579","37.23602-121.91125","BegoBlossom",-121.91125,37.23602,81.9912,"US",NA,NA,"UTC"
"11561538.73878-121.2494","115615","38.73878-121.2494","Maidu",-121.2494,38.73878,52.1208,"US",NA,NA,"UTC"
"11562339.35966-119.6617","115623","39.35966-119.6617","VC Highlands 6700'",-119.6617,39.35966,2043.3792,"US",NA,NA,"UTC"
"11562537.39377-122.06734","115625","37.39377-122.06734","Apricot Commons",-122.06734,37.39377,24.0792,"US",NA,NA,"UTC"
"11562935.19124-118.61916","115629","35.19124-118.61916","wilderness",-118.61916,35.19124,1901.6472,"US",NA,NA,"UTC"
"11564339.23296-123.20559","115643","39.23296-123.20559","Calpella Elementary School",-123.20559,39.23296,221.2848,"US",NA,NA,"UTC"
"11569139.95068-116.07148","115691","39.95068-116.07148","Diamond Valley  Nevada",-116.07148,39.95068,1773.0216,"US",NA,NA,"UTC"
"11570537.87935-122.27766","115705","37.87935-122.27766","Vine &amp; Edith",-122.27766,37.87935,54.2544,"US",NA,NA,"UTC"
"11570739.14938-121.04561","115707","39.14938-121.04561","Alta Lee",-121.04561,39.14938,693.42,"US",NA,NA,"UTC"
"11570939.35502-120.08696","115709","39.35502-120.08696","Winterfell",-120.08696,39.35502,1814.4744,"US",NA,NA,"UTC"
"11571138.67202-121.21672","115711","38.67202-121.21672","Creative Nature Playschool",-121.21672,38.67202,70.4088,"US",NA,NA,"UTC"
"11572938.70324-121.09211","115729","38.70324-121.09211","Bo Mormon Island Out",-121.09211,38.70324,162.4584,"US",NA,NA,"UTC"
"11573339.62607-123.54684","115733","39.62607-123.54684","Old Clark Ranch",-123.54684,39.62607,550.4688,"US",NA,NA,"UTC"
"11573737.90577-122.5538","115737","37.90577-122.5538","Mill Valley Public Library",-122.5538,37.90577,36.8808,"US",NA,NA,"UTC"
"11575938.09722-120.8094","115759","38.09722-120.8094","Valley Springs  CA",-120.8094,38.09722,350.8248,"US",NA,NA,"UTC"
"11576939.28101-119.83598","115769","39.28101-119.83598","FM PurpleAir",-119.83598,39.28101,1538.3256,"US",NA,NA,"UTC"
"11586339.35834-120.21101","115863","39.35834-120.21101","Wolverine Den",-120.21101,39.35834,1890.3696,"US",NA,NA,"UTC"
"11586739.25201-119.96658","115867","39.25201-119.96658","Lower Winding Way - Outside",-119.96658,39.25201,1963.5216,"US",NA,NA,"UTC"
"11589137.87278-122.13348","115891","37.87278-122.13348","Corte Aires Outside",-122.13348,37.87278,258.1656,"US",NA,NA,"UTC"
"11589539.23502-119.81519","115895","39.23502-119.81519","Washoe Valley",-119.81519,39.23502,1539.24,"US",NA,NA,"UTC"
"11589939.40036-119.79625","115899","39.40036-119.79625","Reno house",-119.79625,39.40036,1588.3128,"US",NA,NA,"UTC"
"11590537.79025-122.45493","115905","37.79025-122.45493","Presidio wall",-122.45493,37.79025,71.628,"US",NA,NA,"UTC"
"11591539.38562-119.62772","115915","39.38562-119.62772","Jackalope",-119.62772,39.38562,1769.6688,"US",NA,NA,"UTC"
"11592938.63637-120.91012","115929","38.63637-120.91012","Brandywine Farms",-120.91012,38.63637,342.9,"US",NA,NA,"UTC"
"11593537.42564-122.1343","115935","37.42564-122.1343","Emerson St",-122.1343,37.42564,8.8392,"US",NA,NA,"UTC"
"11593738.85682-123.63883","115937","38.85682-123.63883","Hill House",-123.63883,38.85682,104.5464,"US",NA,NA,"UTC"
"11594137.87156-122.17853","115941","37.87156-122.17853","88 Treehouse",-122.17853,37.87156,159.4104,"US",NA,NA,"UTC"
"11595137.2336-122.01291","115951","37.2336-122.01291","Wood Acres Rd",-122.01291,37.2336,282.5496,"US",NA,NA,"UTC"
"11596137.73953-122.41489","115961","37.73953-122.41489","Bernal Heights",-122.41489,37.73953,74.0664,"US",NA,NA,"UTC"
"11599337.98532-122.5528","115993","37.98532-122.5528","16 Moody Court San Rafael",-122.5528,37.98532,41.148,"US",NA,NA,"UTC"
"11599740.28935-118.14201","115997","40.28935-118.14201","Admin Building",-118.14201,40.28935,1909.8768,"US",NA,NA,"UTC"
"11602337.75851-122.14968","116023","37.75851-122.14968","Oak Knoll",-122.14968,37.75851,102.4128,"US",NA,NA,"UTC"
"11604338.89769-120.03678","116043","38.89769-120.03678","Angora Highlands  South Lake Tahoe",-120.03678,38.89769,2074.164,"US",NA,NA,"UTC"
"11605140.56083-122.3619","116051","40.56083-122.3619","ENPLAN",-122.3619,40.56083,161.8488,"US",NA,NA,"UTC"
"11605537.39511-122.12699","116055","37.39511-122.12699","546 Van Buren Street",-122.12699,37.39511,36.8808,"US",NA,NA,"UTC"
"11605738.52811-122.70323","116057","38.52811-122.70323","Heights Outdoor",-122.70323,38.52811,331.9272,"US",NA,NA,"UTC"
"11605938.91206-119.81082","116059","38.91206-119.81082","Centerville\/Sheridan",-119.81082,38.91206,1435.608,"US",NA,NA,"UTC"
"11606539.426-123.39358","116065","39.426-123.39358","Hillbilly Garage",-123.39358,39.426,573.9384,"US",NA,NA,"UTC"
"11606938.46333-122.6423","116069","38.46333-122.6423","Hwy 12 Mountain Hawk intersection",-122.6423,38.46333,106.68,"US",NA,NA,"UTC"
"11607937.75073-122.1473","116079","37.75073-122.1473","Oakland Zoo EDU",-122.1473,37.75073,71.9328,"US",NA,NA,"UTC"
"11609539.75919-121.86541","116095","39.75919-121.86541","ECORP - Chico Office",-121.86541,39.75919,56.9976,"US",NA,NA,"UTC"
"11610339.71498-120.53494","116103","39.71498-120.53494","204 SADDLE RIDGE ROAD",-120.53494,39.71498,1412.4432,"US",NA,NA,"UTC"
"11610737.78668-122.39348","116107","37.78668-122.39348","The Metropolitan",-122.39348,37.78668,21.0312,"US",NA,NA,"UTC"
"11611136.99583-121.98386","116111","36.99583-121.98386","Lupine Lane",-121.98386,36.99583,72.2376,"US",NA,NA,"UTC"
"11612538.77228-121.33524","116125","38.77228-121.33524","Quail Glen",-121.33524,38.77228,41.7576,"US",NA,NA,"UTC"
"11612737.91032-122.17924","116127","37.91032-122.17924","Dalewood Dr.",-122.17924,37.91032,188.0616,"US",NA,NA,"UTC"
"11612938.93188-119.65272","116129","38.93188-119.65272","Ron Lane",-119.65272,38.93188,1555.3944,"US",NA,NA,"UTC"
"11613337.96465-122.56639","116133","37.96465-122.56639","Branson School Football Field",-122.56639,37.96465,17.0688,"US",NA,NA,"UTC"
"11614139.25384-119.98225","116141","39.25384-119.98225","Incline village",-119.98225,39.25384,2017.4712,"US",NA,NA,"UTC"
"11614737.43687-122.22183","116147","37.43687-122.22183","Sutherland Drive",-122.22183,37.43687,57.912,"US",NA,NA,"UTC"
"11615138.76719-123.01321","116151","38.76719-123.01321","Hiatt rd",-123.01321,38.76719,111.5568,"US",NA,NA,"UTC"
"11615337.74104-122.23948","116153","37.74104-122.23948","Bay Farm Island",-122.23948,37.74104,3.3528,"US",NA,NA,"UTC"
"11622738.66422-121.26187","116227","38.66422-121.26187","Oilstop Fair Oaks",-121.26187,38.66422,59.1312,"US",NA,NA,"UTC"
"11622937.81394-122.2024","116229","37.81394-122.2024","Upper Oakmore",-122.2024,37.81394,209.0928,"US",NA,NA,"UTC"
"11623739.12492-121.182","116237","39.12492-121.182","Castle ct",-121.182,39.12492,500.4816,"US",NA,NA,"UTC"
"11624137.34165-122.19531","116241","37.34165-122.19531","183 Vista Verde",-122.19531,37.34165,399.288,"US",NA,NA,"UTC"
"11624538.45592-121.40745","116245","38.45592-121.40745","Oilstop Elk Grove",-121.40745,38.45592,9.7536,"US",NA,NA,"UTC"
"11625137.92752-121.92387","116251","37.92752-121.92387","88 El Molino Dr.",-121.92387,37.92752,152.7048,"US",NA,NA,"UTC"
"11626338.75298-121.26108","116263","38.75298-121.26108","Oilstop Roseville",-121.26108,38.75298,60.96,"US",NA,NA,"UTC"
"11626734.85212-120.4057","116267","34.85212-120.4057","Groves",-120.4057,34.85212,203.3016,"US",NA,NA,"UTC"
"11633137.18608-119.79009","116331","37.18608-119.79009","Lilley Mountain",-119.79009,37.18608,532.4856,"US",NA,NA,"UTC"
"11643137.78705-122.30934","116431","37.78705-122.30934","St George Spirits",-122.30934,37.78705,2.7432,"US",NA,NA,"UTC"
"11655537.95748-122.51032","116555","37.95748-122.51032","Montessori School of Central Marin",-122.51032,37.95748,2.4384,"US",NA,NA,"UTC"
"11662937.29759-122.006","116629","37.29759-122.006","Stephen Way",-122.006,37.29759,74.9808,"US",NA,NA,"UTC"
"11663737.38016-122.21714","116637","37.38016-122.21714","Ormondale",-122.21714,37.38016,147.2184,"US",NA,NA,"UTC"
"11663938.43286-122.58856","116639","38.43286-122.58856","42 Oak Island Circle  Santa Rosa CA",-122.58856,38.43286,142.0368,"US",NA,NA,"UTC"
"11666137.98167-122.55533","116661","37.98167-122.55533","136 Jordan Ave",-122.55533,37.98167,97.2312,"US",NA,NA,"UTC"
"11666337.38442-121.87812","116663","37.38442-121.87812","Vinci North",-121.87812,37.38442,28.956,"US",NA,NA,"UTC"
"11673137.36745-121.86384","116731","37.36745-121.86384","Oynx by Pulte",-121.86384,37.36745,30.7848,"US",NA,NA,"UTC"
"11679337.27101-119.75097","116793","37.27101-119.75097","Farpoint Observatory",-119.75097,37.27101,694.0296,"US",NA,NA,"UTC"
"11693539.31629-121.27194","116935","39.31629-121.27194","Regent Way",-121.27194,39.31629,556.8696,"US",NA,NA,"UTC"
"11697939.43656-119.78503","116979","39.43656-119.78503","9790 Passa Tempo Dr",-119.78503,39.43656,1399.6416,"US",NA,NA,"UTC"
"11698338.68233-120.99504","116983","38.68233-120.99504","Cameron Park Lake Westside",-120.99504,38.68233,391.668,"US",NA,NA,"UTC"
"11698738.80047-120.91221","116987","38.80047-120.91221","All Outdoors River Center",-120.91221,38.80047,215.4936,"US",NA,NA,"UTC"
"11699337.30214-122.03711","116993","37.30214-122.03711","Three Oaks",-122.03711,37.30214,94.1832,"US",NA,NA,"UTC"
"11700137.89701-122.10828","117001","37.89701-122.10828","Diablo Valley Montessori School",-122.10828,37.89701,110.3376,"US",NA,NA,"UTC"
"11700337.34775-122.06922","117003","37.34775-122.06922","Morton 2",-122.06922,37.34775,67.056,"US",NA,NA,"UTC"
"11701537.72021-122.1518","117015","37.72021-122.1518","Castro",-122.1518,37.72021,17.0688,"US",NA,NA,"UTC"
"11720738.82364-120.04249","117207","38.82364-120.04249","Echo Summit",-120.04249,38.82364,2199.132,"US",NA,NA,"UTC"
"11791939.26026-121.13824","117919","39.26026-121.13824","Rudd-Jeabjo",-121.13824,39.26026,666.2928,"US",NA,NA,"UTC"
"11793337.37801-121.85913","117933","37.37801-121.85913","Beaver Creek",-121.85913,37.37801,41.148,"US",NA,NA,"UTC"
"11793537.81583-122.25748","117935","37.81583-122.25748","Orange - Outside",-122.25748,37.81583,25.6032,"US",NA,NA,"UTC"
"11793939.20937-120.20622","117939","39.20937-120.20622","Tiger Tail Road  Olympic Valley",-120.20622,39.20937,1896.1608,"US",NA,NA,"UTC"
"11794337.29805-121.88457","117943","37.29805-121.88457","Johnston Ave",-121.88457,37.29805,40.5384,"US",NA,NA,"UTC"
"11794537.82783-122.00829","117945","37.82783-122.00829","Rubicon Cir",-122.00829,37.82783,104.2416,"US",NA,NA,"UTC"
"11794737.7639-122.43963","117947","37.7639-122.43963","States Street",-122.43963,37.7639,99.3648,"US",NA,NA,"UTC"
"11794937.81951-121.90657","117949","37.81951-121.90657","Danville",-121.90657,37.81951,272.1864,"US",NA,NA,"UTC"
"11795137.38202-121.88882","117951","37.38202-121.88882","TAIWAN #1",-121.88882,37.38202,19.812,"US",NA,NA,"UTC"
"11796138.31964-122.48128","117961","38.31964-122.48128","Mountain Avenue",-122.48128,38.31964,56.388,"US",NA,NA,"UTC"
"11796338.90656-121.19253","117963","38.90656-121.19253","Alantra Oaks",-121.19253,38.90656,115.5192,"US",NA,NA,"UTC"
"11796537.89321-122.14677","117965","37.89321-122.14677","Sunnybrook",-122.14677,37.89321,125.5776,"US",NA,NA,"UTC"
"11796738.66188-121.24709","117967","38.66188-121.24709","Friar Tuck Way",-121.24709,38.66188,71.628,"US",NA,NA,"UTC"
"11797537.55318-122.32355","117975","37.55318-122.32355","P-Pot1233",-122.32355,37.55318,11.2776,"US",NA,NA,"UTC"
"11798138.56171-122.43571","117981","38.56171-122.43571","CSR",-122.43571,38.56171,514.8072,"US",NA,NA,"UTC"
"11799337.78086-122.44203","117993","37.78086-122.44203","Anza Vista - 1035 Baker",-122.44203,37.78086,83.5152,"US",NA,NA,"UTC"
"11804538.55662-122.78891","118045","38.55662-122.78891","Foothill Trailhead",-122.78891,38.55662,64.9224,"US",NA,NA,"UTC"
"11806738.07481-121.29751","118067","38.07481-121.29751","Mettler Rd",-121.29751,38.07481,11.2776,"US",NA,NA,"UTC"
"11845737.02955-121.64099","118457","37.02955-121.64099","Burchell Valley",-121.64099,37.02955,93.5736,"US",NA,NA,"UTC"
"11846939.23312-121.14897","118469","39.23312-121.14897","Rough and ready",-121.14897,39.23312,588.5688,"US",NA,NA,"UTC"
"11848337.21427-121.86768","118483","37.21427-121.86768","Hillcrest Dr near ACC",-121.86768,37.21427,94.1832,"US",NA,NA,"UTC"
"11849339.52851-119.80917","118493","39.52851-119.80917","Greater Nevada Field",-119.80917,39.52851,1368.8568,"US",NA,NA,"UTC"
"11849538.13359-122.57279","118495","38.13359-122.57279","BuckInst_BldgA_roof",-122.57279,38.13359,109.1184,"US",NA,NA,"UTC"
"11856537.46279-122.15078","118565","37.46279-122.15078","Outside",-122.15078,37.46279,9.4488,"US",NA,NA,"UTC"
"11856933.26223-116.36526","118569","33.26223-116.36526","Borrego Springs",-116.36526,33.26223,171.2976,"US",NA,NA,"UTC"
"11859137.42739-121.86825","118591","37.42739-121.86825","GoMilpitas.com",-121.86825,37.42739,38.7096,"US",NA,NA,"UTC"
"11860134.32972-118.42647","118601","34.32972-118.42647","Trego Pl",-118.42647,34.32972,530.6568,"US",NA,NA,"UTC"
"11871337.36245-122.07121","118713","37.36245-122.07121","MVHS Shady Spring",-122.07121,37.36245,55.1688,"US",NA,NA,"UTC"
"11876137.20969-121.84097","118761","37.20969-121.84097","Almaden Cabana Club",-121.84097,37.20969,92.3544,"US",NA,NA,"UTC"
"11876337.51962-122.32794","118763","37.51962-122.32794","Toyon Court",-122.32794,37.51962,124.0536,"US",NA,NA,"UTC"
"11879338.41934-122.90179","118793","38.41934-122.90179","Green Valley Farm",-122.90179,38.41934,70.4088,"US",NA,NA,"UTC"
"11880138.40991-121.41229","118801","38.40991-121.41229","Andretti Way",-121.41229,38.40991,9.7536,"US",NA,NA,"UTC"
"11880337.62791-118.98282","118803","37.62791-118.98282","Old Mammoth Crawford",-118.98282,37.62791,2434.1328,"US",NA,NA,"UTC"
"11881737.38695-122.01547","118817","37.38695-122.01547","Snail East Outdoors",-122.01547,37.38695,13.4112,"US",NA,NA,"UTC"
"11881939.23729-121.02211","118819","39.23729-121.02211","Banner",-121.02211,39.23729,921.1056,"US",NA,NA,"UTC"
"11883137.81967-121.90766","118831","37.81967-121.90766","Chestnut Pl  Blackhawk",-121.90766,37.81967,271.5768,"US",NA,NA,"UTC"
"11883937.68972-121.94399","118839","37.68972-121.94399","Preserve Blessing Drive",-121.94399,37.68972,206.3496,"US",NA,NA,"UTC"
"11884137.12749-121.95386","118841","37.12749-121.95386","Villa Del Monte  Los Gatos  CA",-121.95386,37.12749,486.4608,"US",NA,NA,"UTC"
"11884337.38215-122.13171","118843","37.38215-122.13171","Fremont Pines Lane",-122.13171,37.38215,66.1416,"US",NA,NA,"UTC"
"11884538.64819-122.94933","118845","38.64819-122.94933","Lavender Hill Vineyards",-122.94933,38.64819,205.74,"US",NA,NA,"UTC"
"11885740.77387-124.0754","118857","40.77387-124.0754","Freshwater  CA",-124.0754,40.77387,14.0208,"US",NA,NA,"UTC"
"11886337.99377-122.5757","118863","37.99377-122.5757","The Alameda",-122.5757,37.99377,32.004,"US",NA,NA,"UTC"
"11886538.66434-121.79987","118865","38.66434-121.79987","Fordham Dr.",-121.79987,38.66434,26.8224,"US",NA,NA,"UTC"
"11888734.23313-118.56809","118887","34.23313-118.56809","Kindeva",-118.56809,34.23313,257.8608,"US",NA,NA,"UTC"
"11889737.53125-120.87732","118897","37.53125-120.87732","PHS Gym-Ext",-120.87732,37.53125,32.3088,"US",NA,NA,"UTC"
"11894938.75509-122.61627","118949","38.75509-122.61627","Gefurzt Out",-122.61627,38.75509,334.9752,"US",NA,NA,"UTC"
"11895337.05438-122.02428","118953","37.05438-122.02428","Lupine Dr",-122.02428,37.05438,181.0512,"US",NA,NA,"UTC"
"11895538.44183-122.71167","118955","38.44183-122.71167","Russian River Brewing Company",-122.71167,38.44183,51.5112,"US",NA,NA,"UTC"
"11895737.92481-122.30654","118957","37.92481-122.30654","Plank Court",-122.30654,37.92481,57.6072,"US",NA,NA,"UTC"
"11895937.31193-121.89784","118959","37.31193-121.89784","Iris Gardens",-121.89784,37.31193,34.1376,"US",NA,NA,"UTC"
"11896338.84999-121.2467","118963","38.84999-121.2467","ViaKarina",-121.2467,38.84999,124.968,"US",NA,NA,"UTC"
"11896537.97469-122.57365","118965","37.97469-122.57365","Laurel Valley Abode",-122.57365,37.97469,65.8368,"US",NA,NA,"UTC"
"11896739.05624-123.52696","118967","39.05624-123.52696","Panorama",-123.52696,39.05624,524.5608,"US",NA,NA,"UTC"
"11896937.42876-122.1468","118969","37.42876-122.1468","oxford",-122.1468,37.42876,11.5824,"US",NA,NA,"UTC"
"11897138.91317-120.94961","118971","38.91317-120.94961","Angel Camp Ct",-120.94961,38.91317,643.4328,"US",NA,NA,"UTC"
"11897337.82787-122.19177","118973","37.82787-122.19177","Deck",-122.19177,37.82787,399.5928,"US",NA,NA,"UTC"
"11898140.73118-122.94369","118981","40.73118-122.94369","Wood shed",-122.94369,40.73118,638.556,"US",NA,NA,"UTC"
"11898537.72051-122.09261","118985","37.72051-122.09261","Brierly Ct -outside",-122.09261,37.72051,155.448,"US",NA,NA,"UTC"
"11898938.68606-121.19501","118989","38.68606-121.19501","Central",-121.19501,38.68606,84.7344,"US",NA,NA,"UTC"
"11899137.92853-122.39458","118991","37.92853-122.39458","At Street",-122.39458,37.92853,8.8392,"US",NA,NA,"UTC"
"11899737.16057-121.64168","118997","37.16057-121.64168","Espana Ct Outside",-121.64168,37.16057,122.8344,"US",NA,NA,"UTC"
"11900937.1979-121.84282","119009","37.1979-121.84282","Copper Peak",-121.84282,37.1979,114.9096,"US",NA,NA,"UTC"
"11901137.38434-122.00246","119011","37.38434-122.00246","Stewart Dr (M&amp;S)",-122.00246,37.38434,12.192,"US",NA,NA,"UTC"
"11901738.80897-120.91123","119017","38.80897-120.91123","Lotus Riverstay",-120.91123,38.80897,243.5352,"US",NA,NA,"UTC"
"11902937.12633-121.62706","119029","37.12633-121.62706","Morgan Hill Outdoor Sports Complex",-121.62706,37.12633,106.9848,"US",NA,NA,"UTC"
"11908537.33643-122.08456","119085","37.33643-122.08456","Ridge",-122.08456,37.33643,137.4648,"US",NA,NA,"UTC"
"11908738.30624-120.51455","119087","38.30624-120.51455","Rail Road Flat Weather",-120.51455,38.30624,860.7552,"US",NA,NA,"UTC"
"11908938.7265-121.05249","119089","38.7265-121.05249","Twinkle",-121.05249,38.7265,327.0504,"US",NA,NA,"UTC"
"11909738.68322-121.08548","119097","38.68322-121.08548","Stoneridge Neighborhood",-121.08548,38.68322,275.5392,"US",NA,NA,"UTC"
"11913737.45814-122.25714","119137","37.45814-122.25714","RWC-CAM-GDN",-122.25714,37.45814,143.256,"US",NA,NA,"UTC"
"11917740.85022-124.04802","119177","40.85022-124.04802","435 Crestwood Drive  Arcata",-124.04802,40.85022,99.3648,"US",NA,NA,"UTC"
"11917937.63294-122.45647","119179","37.63294-122.45647","r",-122.45647,37.63294,185.3184,"US",NA,NA,"UTC"
"11918537.42651-122.1235","119185","37.42651-122.1235","Cowper",-122.1235,37.42651,5.7912,"US",NA,NA,"UTC"
"11919738.44356-122.86869","119197","38.44356-122.86869","Manzana-ish",-122.86869,38.44356,55.1688,"US",NA,NA,"UTC"
"11922536.81943-119.63145","119225","36.81943-119.63145","Lake Wrenwood",-119.63145,36.81943,122.5296,"US",NA,NA,"UTC"
"11923740.24211-124.12342","119237","40.24211-124.12342","NC#117_Honeydew_HES",-124.12342,40.24211,111.252,"US",NA,NA,"UTC"
"11944337.88932-122.20966","119443","37.88932-122.20966","Monte Vista Rd",-122.20966,37.88932,260.2992,"US",NA,NA,"UTC"
"11945138.47014-122.73295","119451","38.47014-122.73295","Range Ave",-122.73295,38.47014,42.0624,"US",NA,NA,"UTC"
"11945537.93963-122.31052","119455","37.93963-122.31052","Claremont Ave and Olive Ave",-122.31052,37.93963,124.6632,"US",NA,NA,"UTC"
"11945937.28226-121.88352","119459","37.28226-121.88352","Koch and Almaden Expy",-121.88352,37.28226,46.0248,"US",NA,NA,"UTC"
"11946138.54836-122.80273","119461","38.54836-122.80273","Lakewood Hills",-122.80273,38.54836,41.148,"US",NA,NA,"UTC"
"11947337.75556-122.49351","119473","37.75556-122.49351","35th &amp; Moraga",-122.49351,37.75556,69.1896,"US",NA,NA,"UTC"
"11948537.78577-122.20464","119485","37.78577-122.20464","Allendale Sunspot",-122.20464,37.78577,43.8912,"US",NA,NA,"UTC"
"11949538.03889-122.59736","119495","38.03889-122.59736","Westgate Dr.",-122.59736,38.03889,73.7616,"US",NA,NA,"UTC"
"11949937.97468-122.51816","119499","37.97468-122.51816","Grand and Belle Ave",-122.51816,37.97468,8.2296,"US",NA,NA,"UTC"
"11951137.06786-118.26616","119511","37.06786-118.26616","Birch Creek",-118.26616,37.06786,1262.4816,"US",NA,NA,"UTC"
"11951337.97868-122.59781","119513","37.97868-122.59781","Cascade-outside",-122.59781,37.97868,45.4152,"US",NA,NA,"UTC"
"11951939.20414-120.22133","119519","39.20414-120.22133","Markus Burkhart Construction inc",-120.22133,39.20414,1889.76,"US",NA,NA,"UTC"
"11952938.67469-122.96481","119529","38.67469-122.96481","Grist Vineyards",-122.96481,38.67469,264.8712,"US",NA,NA,"UTC"
"11954538.44316-120.7714","119545","38.44316-120.7714","Sutter Creek Getaway AirBnB",-120.7714,38.44316,532.7904,"US",NA,NA,"UTC"
"11956337.98358-121.27251","119563","37.98358-121.27251","SUSD Bus Barn",-121.27251,37.98358,7.0104,"US",NA,NA,"UTC"
"11956534.06193-118.50324","119565","34.06193-118.50324","San Onofre Outside",-118.50324,34.06193,207.8736,"US",NA,NA,"UTC"
"11956737.47375-122.22514","119567","37.47375-122.22514","poplar palace",-122.22514,37.47375,8.8392,"US",NA,NA,"UTC"
"11957737.44809-122.14164","119577","37.44809-122.14164","Greenwood",-122.14164,37.44809,6.7056,"US",NA,NA,"UTC"
"11957937.54111-122.00645","119579","37.54111-122.00645","Rogers Fremont",-122.00645,37.54111,13.1064,"US",NA,NA,"UTC"
"11959138.55339-121.71397","119591","38.55339-121.71397","5th Street by Spafford",-121.71397,38.55339,14.9352,"US",NA,NA,"UTC"
"11960737.82652-122.2138","119607","37.82652-122.2138","Piedmont Hills",-122.2138,37.82652,224.028,"US",NA,NA,"UTC"
"11961538.29507-122.53546","119615","38.29507-122.53546","Hawks Beard",-122.53546,38.29507,244.4496,"US",NA,NA,"UTC"
"11962139.23695-119.93398","119621","39.23695-119.93398","Tiller outside",-119.93398,39.23695,1916.2776,"US",NA,NA,"UTC"
"11962737.25965-121.95788","119627","37.25965-121.95788","Mozart",-121.95788,37.25965,78.6384,"US",NA,NA,"UTC"
"11963137.9701-122.08981","119631","37.9701-122.08981","Gibraltar's House",-122.08981,37.9701,58.5216,"US",NA,NA,"UTC"
"11963333.0199-117.14268","119633","33.0199-117.14268","Del Sur - The Loys",-117.14268,33.0199,153.6192,"US",NA,NA,"UTC"
"11965137.26002-121.91213","119651","37.26002-121.91213","Near Sartorette",-121.91213,37.26002,60.6552,"US",NA,NA,"UTC"
"11966732.93688-117.24845","119667","32.93688-117.24845","Del Mar Terrace",-117.24845,32.93688,75.8952,"US",NA,NA,"UTC"
"11967333.60826-117.89765","119673","33.60826-117.89765","Garnet",-117.89765,33.60826,2.7432,"US",NA,NA,"UTC"
"11969938.65625-121.14114","119699","38.65625-121.14114","Halidon Way",-121.14114,38.65625,107.2896,"US",NA,NA,"UTC"
"11970138.30111-122.29563","119701","38.30111-122.29563","ABC",-122.29563,38.30111,11.8872,"US",NA,NA,"UTC"
"11970338.26631-120.32391","119703","38.26631-120.32391","Mountain Home",-120.32391,38.26631,1375.2576,"US",NA,NA,"UTC"
"11970737.2516-122.12257","119707","37.2516-122.12257","IRR-IRW",-122.12257,37.2516,775.716,"US",NA,NA,"UTC"
"11971739.50534-119.90555","119717","39.50534-119.90555","White Fir Atmo",-119.90555,39.50534,1425.8544,"US",NA,NA,"UTC"
"11971934.40698-119.53006","119719","34.40698-119.53006","Wondolowski",-119.53006,34.40698,8.5344,"US",NA,NA,"UTC"
"11972337.53493-122.2909","119723","37.53493-122.2909","Home",-122.2909,37.53493,3.6576,"US",NA,NA,"UTC"
"11978135.63201-118.7744","119781","35.63201-118.7744","Poso hights",-118.7744,35.63201,927.5064,"US",NA,NA,"UTC"
"11978338.4229-122.67042","119783","38.4229-122.67042","Canterbury1",-122.67042,38.4229,81.9912,"US",NA,NA,"UTC"
"11978537.92835-122.39475","119785","37.92835-122.39475","Near bay",-122.39475,37.92835,2.7432,"US",NA,NA,"UTC"
"11978738.53187-122.8004","119787","38.53187-122.8004","Russian River Brewing Company",-122.8004,38.53187,33.2232,"US",NA,NA,"UTC"
"11981938.71951-121.09743","119819","38.71951-121.09743","Outrigger 2",-121.09743,38.71951,199.0344,"US",NA,NA,"UTC"
"11982537.73572-122.3885","119825","37.73572-122.3885","McKinnon Block",-122.3885,37.73572,24.9936,"US",NA,NA,"UTC"
"11993137.86132-122.00855","119931","37.86132-122.00855","Tracy Court",-122.00855,37.86132,135.3312,"US",NA,NA,"UTC"
"11993339.51995-119.92458","119933","39.51995-119.92458","Gooseberry",-119.92458,39.51995,1439.8752,"US",NA,NA,"UTC"
"11994537.89587-121.8553","119945","37.89587-121.8553","MarshCreek",-121.8553,37.89587,263.652,"US",NA,NA,"UTC"
"11994938.82129-120.81467","119949","38.82129-120.81467","Reverie Retreat",-120.81467,38.82129,687.324,"US",NA,NA,"UTC"
"11996337.75563-122.24205","119963","37.75563-122.24205","The Burrow",-122.24205,37.75563,3.048,"US",NA,NA,"UTC"
"11996738.08494-122.55951","119967","38.08494-122.55951","1265 Parkwood Dr",-122.55951,38.08494,11.2776,"US",NA,NA,"UTC"
"11998339.39801-119.65487","119983","39.39801-119.65487","Castle Peak Road",-119.65487,39.39801,1859.28,"US",NA,NA,"UTC"
"11998738.82496-121.11777","119987","38.82496-121.11777","Kingmont",-121.11777,38.82496,218.2368,"US",NA,NA,"UTC"
"11999337.01883-122.12346","119993","37.01883-122.12346","Tom's Well Service",-122.12346,37.01883,276.4536,"US",NA,NA,"UTC"
"11999538.75068-121.20081","119995","38.75068-121.20081","Olive Tree Ct",-121.20081,38.75068,95.0976,"US",NA,NA,"UTC"
"11999938.44398-122.6927","119999","38.44398-122.6927","Backyard",-122.6927,38.44398,58.5216,"US",NA,NA,"UTC"
"12000337.88523-122.08651","120003","37.88523-122.08651","Windtree Court Outside",-122.08651,37.88523,61.8744,"US",NA,NA,"UTC"
"12017335.18609-120.57668","120173","35.18609-120.57668","Chene Vineyards",-120.57668,35.18609,90.8304,"US",NA,NA,"UTC"
"12017936.9291-121.35651","120179","36.9291-121.35651","Comstock Estates",-121.35651,36.9291,97.536,"US",NA,NA,"UTC"
"12018137.93604-122.01735","120181","37.93604-122.01735","Santa Maria Drive",-122.01735,37.93604,30.48,"US",NA,NA,"UTC"
"12018338.55138-121.4811","120183","38.55138-121.4811","Curtis Park NSA-HUB",-121.4811,38.55138,7.9248,"US",NA,NA,"UTC"
"12020338.54045-121.74352","120203","38.54045-121.74352","Aggie Village",-121.74352,38.54045,16.4592,"US",NA,NA,"UTC"
"12020538.5224-122.6751","120205","38.5224-122.6751","Wild View",-122.6751,38.5224,397.764,"US",NA,NA,"UTC"
"12020737.47369-121.89319","120207","37.47369-121.89319","Ponderosa Heights",-121.89319,37.47369,172.5168,"US",NA,NA,"UTC"
"12020938.37367-122.80017","120209","38.37367-122.80017","Stahl Lane Sebastopol",-122.80017,38.37367,50.5968,"US",NA,NA,"UTC"
"12031337.0037-121.90143","120313","37.0037-121.90143","1943 Redwood Dr",-121.90143,37.0037,151.1808,"US",NA,NA,"UTC"
"12033332.65409-117.03505","120333","32.65409-117.03505","LOWER SURREY DRIVE",-117.03505,32.65409,45.72,"US",NA,NA,"UTC"
"12034335.62953-120.69431","120343","35.62953-120.69431","15th and Vine",-120.69431,35.62953,230.124,"US",NA,NA,"UTC"
"12034538.73-121.23784","120345","38.73-121.23784","Grimace",-121.23784,38.73,54.2544,"US",NA,NA,"UTC"
"12035737.41778-121.97888","120357","37.41778-121.97888","Alviso",-121.97888,37.41778,17.3736,"US",NA,NA,"UTC"
"12037338.70159-121.09684","120373","38.70159-121.09684","El Dorado Hills  CA",-121.09684,38.70159,208.4832,"US",NA,NA,"UTC"
"12037934.45732-119.81877","120379","34.45732-119.81877","Mountain View",-119.81877,34.45732,42.672,"US",NA,NA,"UTC"
"12039338.83691-122.55473","120393","38.83691-122.55473","Red Mountain",-122.55473,38.83691,632.7648,"US",NA,NA,"UTC"
"12041738.97915-121.02907","120417","38.97915-121.02907","DPD",-121.02907,38.97915,607.1616,"US",NA,NA,"UTC"
"12042339.75663-121.87431","120423","39.75663-121.87431","T&amp;M Yard",-121.87431,39.75663,55.1688,"US",NA,NA,"UTC"
"12042737.80701-122.29414","120427","37.80701-122.29414","Mural House",-122.29414,37.80701,5.7912,"US",NA,NA,"UTC"
"12044338.69634-121.07506","120443","38.69634-121.07506","Fairchild Village",-121.07506,38.69634,210.6168,"US",NA,NA,"UTC"
"12044539.12457-119.74101","120445","39.12457-119.74101","Heidi Circle",-119.74101,39.12457,1455.42,"US",NA,NA,"UTC"
"12044737.77035-122.43217","120447","37.77035-122.43217","NAM",-122.43217,37.77035,43.5864,"US",NA,NA,"UTC"
"12046337.69324-121.94063","120463","37.69324-121.94063","Preserve on Laurel Creek",-121.94063,37.69324,163.3728,"US",NA,NA,"UTC"
"12046937.41025-122.0596","120469","37.41025-122.0596","CMU-SV-PupleAirSensor-4",-122.0596,37.41025,8.5344,"US",NA,NA,"UTC"
"12047137.98362-122.57324","120471","37.98362-122.57324","Archie Williams High School",-122.57324,37.98362,23.1648,"US",NA,NA,"UTC"
"12048538.99477-121.09705","120485","38.99477-121.09705","Mimi's Farm",-121.09705,38.99477,424.8912,"US",NA,NA,"UTC"
"12050137.0947-121.60953","120501","37.0947-121.60953","OFP",-121.60953,37.0947,91.1352,"US",NA,NA,"UTC"
"12050737.93616-122.33607","120507","37.93616-122.33607","OB - HOMESTEAD",-122.33607,37.93616,19.2024,"US",NA,NA,"UTC"
"12051337.89109-122.52964","120513","37.89109-122.52964","Tamalpais High School",-122.52964,37.89109,3.9624,"US",NA,NA,"UTC"
"12051538.80769-121.24162","120515","38.80769-121.24162","Clover Valley",-121.24162,38.80769,81.3816,"US",NA,NA,"UTC"
"12052137.41048-122.06004","120521","37.41048-122.06004","CMU-SV-PupleAirSensor-5",-122.06004,37.41048,8.2296,"US",NA,NA,"UTC"
"12053939.31844-120.43492","120539","39.31844-120.43492","Kingvale - West",-120.43492,39.31844,1858.0608,"US",NA,NA,"UTC"
"12054738.01929-122.70666","120547","38.01929-122.70666","SE Slope Barnabe - Wolf Lair",-122.70666,38.01929,178.9176,"US",NA,NA,"UTC"
"12056537.89263-122.50726","120565","37.89263-122.50726","Meda",-122.50726,37.89263,48.4632,"US",NA,NA,"UTC"
"12056732.73253-117.16759","120567","32.73253-117.16759","Maple Canyon",-117.16759,32.73253,32.004,"US",NA,NA,"UTC"
"12064338.49621-123.07009","120643","38.49621-123.07009","Kidd Creek",-123.07009,38.49621,22.2504,"US",NA,NA,"UTC"
"12064537.91389-122.01646","120645","37.91389-122.01646","Comanche Court",-122.01646,37.91389,53.9496,"US",NA,NA,"UTC"
"12066134.13652-118.12924","120661","34.13652-118.12924","Catal",-118.12924,34.13652,231.3432,"US",NA,NA,"UTC"
"12066937.74399-122.24002","120669","37.74399-122.24002","NoomsOutside",-122.24002,37.74399,3.048,"US",NA,NA,"UTC"
"12067137.87884-122.10551","120671","37.87884-122.10551","Carlyle Terrace  Lafayette",-122.10551,37.87884,175.26,"US",NA,NA,"UTC"
"12067739.83099-123.61293","120677","39.83099-123.61293","Cummings",-123.61293,39.83099,379.476,"US",NA,NA,"UTC"
"12068537.8529-122.05814","120685","37.8529-122.05814","DECK",-122.05814,37.8529,160.9344,"US",NA,NA,"UTC"
"12069534.01697-117.07","120695","34.01697-117.07","T24BOutdoor",-117.07,34.01697,703.4784,"US",NA,NA,"UTC"
"12070338.03416-121.88032","120703","38.03416-121.88032","PittsburgOldTown",-121.88032,38.03416,3.6576,"US",NA,NA,"UTC"
"12071538.22496-122.62672","120715","38.22496-122.62672","Mission",-122.62672,38.22496,18.288,"US",NA,NA,"UTC"
"12072141.0074-121.44016","120721","41.0074-121.44016","Fall River Mills",-121.44016,41.0074,1014.6792,"US",NA,NA,"UTC"
"12072735.39605-120.85686","120727","35.39605-120.85686","MB House",-120.85686,35.39605,24.6888,"US",NA,NA,"UTC"
"12073338.75142-121.15668","120733","38.75142-121.15668","Lost Woods",-121.15668,38.75142,139.9032,"US",NA,NA,"UTC"
"12073538.07282-122.7486","120735","38.07282-122.7486","Indian Hill",-122.7486,38.07282,160.6296,"US",NA,NA,"UTC"
"12074137.77889-122.40421","120741","37.77889-122.40421","965 Folsom",-122.40421,37.77889,3.6576,"US",NA,NA,"UTC"
"12074337.91476-122.00647","120743","37.91476-122.00647","Whitehaven Dr.",-122.00647,37.91476,56.9976,"US",NA,NA,"UTC"
"12074537.53494-121.94173","120745","37.53494-121.94173","Valorie",-121.94173,37.53494,45.1104,"US",NA,NA,"UTC"
"12074738.54442-123.09444","120747","38.54442-123.09444","Mohrhardt Ranch",-123.09444,38.54442,184.404,"US",NA,NA,"UTC"
"12075137.85627-122.24915","120751","37.85627-122.24915","Elmwood",-122.24915,37.85627,83.2104,"US",NA,NA,"UTC"
"12075539.0398-119.94535","120755","39.0398-119.94535","Upper Cave Rock Village",-119.94535,39.0398,1929.384,"US",NA,NA,"UTC"
"12076938.54812-121.48106","120769","38.54812-121.48106","Donner",-121.48106,38.54812,6.4008,"US",NA,NA,"UTC"
"12077537.35619-122.05744","120775","37.35619-122.05744","Crandano",-122.05744,37.35619,60.6552,"US",NA,NA,"UTC"
"12077937.75507-122.42914","120779","37.75507-122.42914","22nd &amp; Vicksburgh",-122.42914,37.75507,87.4776,"US",NA,NA,"UTC"
"12078337.68583-122.06844","120783","37.68583-122.06844","Moyers Street  Castro Valley CA",-122.06844,37.68583,51.5112,"US",NA,NA,"UTC"
"12079538.36733-122.68391","120795","38.36733-122.68391","G Section",-122.68391,38.36733,35.9664,"US",NA,NA,"UTC"
"12080339.55679-119.67884","120803","39.55679-119.67884","Vecchio Dr",-119.67884,39.55679,1554.7848,"US",NA,NA,"UTC"
"12081332.82203-117.26545","120813","32.82203-117.26545","La Jolla",-117.26545,32.82203,121.92,"US",NA,NA,"UTC"
"12083136.56237-121.81591","120831","36.56237-121.81591","Carina",-121.81591,36.56237,264.5664,"US",NA,NA,"UTC"
"12084937.88722-122.27077","120849","37.88722-122.27077","Shattuck Ave Backyard",-122.27077,37.88722,99.3648,"US",NA,NA,"UTC"
"12085537.4281-122.12224","120855","37.4281-122.12224","Toyon Pl",-122.12224,37.4281,4.8768,"US",NA,NA,"UTC"
"12086338.99684-121.09646","120863","38.99684-121.09646","Winding way outdoor",-121.09646,38.99684,429.1584,"US",NA,NA,"UTC"
"12086939.18612-121.02802","120869","39.18612-121.02802","Highland Drive",-121.02802,39.18612,864.4128,"US",NA,NA,"UTC"
"12089737.1601-121.9079","120897","37.1601-121.9079","K6GSJ Mt. Umunhum",-121.9079,37.1601,1016.2032,"US",NA,NA,"UTC"
"12093137.00219-122.03812","120931","37.00219-122.03812","Paradise Park",-122.03812,37.00219,16.4592,"US",NA,NA,"UTC"
"12093339.41689-123.37355","120933","39.41689-123.37355","Licorice Rock",-123.37355,39.41689,446.532,"US",NA,NA,"UTC"
"12093737.65903-122.41747","120937","37.65903-122.41747","Elm Court",-122.41747,37.65903,39.624,"US",NA,NA,"UTC"
"12094340.60876-122.41021","120943","40.60876-122.41021","BelAir Estates",-122.41021,40.60876,207.8736,"US",NA,NA,"UTC"
"12095337.93116-122.55132","120953","37.93116-122.55132","Dawn Falls Trailhead",-122.55132,37.93116,66.1416,"US",NA,NA,"UTC"
"12095536.75685-119.23455","120955","36.75685-119.23455","Squaw Valley",-119.23455,36.75685,520.2936,"US",NA,NA,"UTC"
"12096736.97983-121.89133","120967","36.97983-121.89133","Lower Valencia Rd",-121.89133,36.97983,34.7472,"US",NA,NA,"UTC"
"12096937.77004-121.91897","120969","37.77004-121.91897","Dahlia Court",-121.91897,37.77004,169.4688,"US",NA,NA,"UTC"
"12097739.79353-119.8101","120977","39.79353-119.8101","Wand'rin Star Observatory",-119.8101,39.79353,1579.4736,"US",NA,NA,"UTC"
"12099141.28808-122.32341","120991","41.28808-122.32341","HOLIDAY LANE",-122.32341,41.28808,997.0008,"US",NA,NA,"UTC"
"12099338.88119-121.1771","120993","38.88119-121.1771","Whittington",-121.1771,38.88119,220.6752,"US",NA,NA,"UTC"
"12099737.73806-121.13026","120997","37.73806-121.13026","Palm",-121.13026,37.73806,21.0312,"US",NA,NA,"UTC"
"12100739.18698-119.81521","121007","39.18698-119.81521","Paradise View",-119.81521,39.18698,1691.3352,"US",NA,NA,"UTC"
"12101737.50864-122.30054","121017","37.50864-122.30054","Carlmont",-122.30054,37.50864,64.008,"US",NA,NA,"UTC"
"12101940.01917-123.93695","121019","40.01917-123.93695","Whitethorn School\/Garberville Rotary",-123.93695,40.01917,315.7728,"US",NA,NA,"UTC"
"12102337.38963-121.87618","121023","37.38963-121.87618","Purcell Pl",-121.87618,37.38963,30.7848,"US",NA,NA,"UTC"
"12102940.32025-123.92415","121029","40.32025-123.92415","AJJ School \/ Garberville Rotary",-123.92415,40.32025,88.6968,"US",NA,NA,"UTC"
"12103138.04168-120.23756","121031","38.04168-120.23756","Twain Hole",-120.23756,38.04168,1138.7328,"US",NA,NA,"UTC"
"12103538.57239-122.58843","121035","38.57239-122.58843","KC  outside",-122.58843,38.57239,240.1824,"US",NA,NA,"UTC"
"12103940.23739-123.82285","121039","40.23739-123.82285","South Fork School\/Garberville Rotary",-123.82285,40.23739,104.5464,"US",NA,NA,"UTC"
"12105737.54181-122.3042","121057","37.54181-122.3042","San Mateo - Mordor",-122.3042,37.54181,7.0104,"US",NA,NA,"UTC"
"12106138.2893-122.44308","121061","38.2893-122.44308","6th St East",-122.44308,38.2893,30.7848,"US",NA,NA,"UTC"
"12106737.39059-122.11595","121067","37.39059-122.11595","Alma Ct",-122.11595,37.39059,38.1,"US",NA,NA,"UTC"
"12107133.70798-118.03212","121071","33.70798-118.03212","Bolsa Chica Wetlands",-118.03212,33.70798,1.2192,"US",NA,NA,"UTC"
"12107734.10566-117.78305","121077","34.10566-117.78305","Kuns Park West",-117.78305,34.10566,319.4304,"US",NA,NA,"UTC"
"12109538.69246-121.04499","121095","38.69246-121.04499","Rafael",-121.04499,38.69246,358.14,"US",NA,NA,"UTC"
"12109737.51276-119.80821","121097","37.51276-119.80821","Smither Rd.",-119.80821,37.51276,1126.236,"US",NA,NA,"UTC"
"12110537.86762-122.27937","121105","37.86762-122.27937","ca-street",-122.27937,37.86762,35.052,"US",NA,NA,"UTC"
"12111134.4444-119.81809","121111","34.4444-119.81809","Princeton Ave",-119.81809,34.4444,18.8976,"US",NA,NA,"UTC"
"12111338.86442-120.00768","121113","38.86442-120.00768","Country Club Heights",-120.00768,38.86442,1978.152,"US",NA,NA,"UTC"
"12111939.2268-121.19838","121119","39.2268-121.19838","Chickadee",-121.19838,39.2268,390.4488,"US",NA,NA,"UTC"
"12112137.21872-121.97814","121121","37.21872-121.97814","Rogers St",-121.97814,37.21872,155.7528,"US",NA,NA,"UTC"
"12112334.1204-118.26612","121123","34.1204-118.26612","Atwater Village",-118.26612,34.1204,122.8344,"US",NA,NA,"UTC"
"12113337.42831-119.99238","121133","37.42831-119.99238","Bridgeport",-119.99238,37.42831,477.3168,"US",NA,NA,"UTC"
"12113538.89375-120.90987","121135","38.89375-120.90987","Greenwood Rd  Greenwood",-120.90987,38.89375,495.6048,"US",NA,NA,"UTC"
"12113740.10199-123.79238","121137","40.10199-123.79238","SoHum Health\/Garberville Rotary",-123.79238,40.10199,167.9448,"US",NA,NA,"UTC"
"12114540.88961-124.08684","121145","40.88961-124.08684","TLC",-124.08684,40.88961,13.1064,"US",NA,NA,"UTC"
"12115340.24153-123.62322","121153","40.24153-123.62322","Casterlin School\/Garberville Rotary",-123.62322,40.24153,293.2176,"US",NA,NA,"UTC"
"12115537.94004-120.3269","121155","37.94004-120.3269","Uplands Drive",-120.3269,37.94004,707.7456,"US",NA,NA,"UTC"
"12116940.42154-115.41912","121169","40.42154-115.41912","Ruby Valley",-115.41912,40.42154,1898.2944,"US",NA,NA,"UTC"
"12117937.35064-121.87539","121179","37.35064-121.87539","342 N 20TH ST",-121.87539,37.35064,26.8224,"US",NA,NA,"UTC"
"12120337.85578-122.48917","121203","37.85578-122.48917","Glen-Currey",-122.48917,37.85578,68.8848,"US",NA,NA,"UTC"
"12120538.43881-122.65087","121205","38.43881-122.65087","Sniffer1",-122.65087,38.43881,106.0704,"US",NA,NA,"UTC"
"12121337.86363-122.27339","121213","37.86363-122.27339","Walden Center &amp; School",-122.27339,37.86363,39.3192,"US",NA,NA,"UTC"
"12122137.89971-122.2738","121221","37.89971-122.2738","StaBaFlo",-122.2738,37.89971,173.1264,"US",NA,NA,"UTC"
"12123537.88711-122.27055","121235","37.88711-122.27055","Front balcony",-122.27055,37.88711,100.8888,"US",NA,NA,"UTC"
"12123737.42924-122.14823","121237","37.42924-122.14823","Dogshouse",-122.14823,37.42924,12.4968,"US",NA,NA,"UTC"
"12123937.34243-122.0663","121239","37.34243-122.0663","Outdoor 2",-122.0663,37.34243,74.9808,"US",NA,NA,"UTC"
"12124537.90241-122.50439","121245","37.90241-122.50439","Woody the Cow",-122.50439,37.90241,49.3776,"US",NA,NA,"UTC"
"12125133.99337-117.95999","121251","33.99337-117.95999","Hacienda Heights",-117.95999,33.99337,137.16,"US",NA,NA,"UTC"
"12128937.09928-121.99187","121289","37.09928-121.99187","Lower Mountain Charlie",-121.99187,37.09928,308.1528,"US",NA,NA,"UTC"
"12129537.40302-121.95143","121295","37.40302-121.95143","The Carlyle",-121.95143,37.40302,5.4864,"US",NA,NA,"UTC"
"12131338.51391-122.75309","121313","38.51391-122.75309","Wikiup - Eureka Ave.",-122.75309,38.51391,67.9704,"US",NA,NA,"UTC"
"12132539.32106-120.213","121325","39.32106-120.213","Truckee Condo",-120.213,39.32106,1803.1968,"US",NA,NA,"UTC"
"12132738.48556-122.68864","121327","38.48556-122.68864","3884 Sage Hill",-122.68864,38.48556,263.9568,"US",NA,NA,"UTC"
"12135739.02195-121.07693","121357","39.02195-121.07693","B Lovejoy",-121.07693,39.02195,550.7736,"US",NA,NA,"UTC"
"12138935.64333-117.67242","121389","35.64333-117.67242","North Starbucks",-117.67242,35.64333,695.5536,"US",NA,NA,"UTC"
"12139338.542-121.70155","121393","38.542-121.70155","Luftqualit\u00E4tssensor",-121.70155,38.542,14.3256,"US",NA,NA,"UTC"
"12140137.40528-121.87308","121401","37.40528-121.87308","Cataldi",-121.87308,37.40528,30.48,"US",NA,NA,"UTC"
"12142737.81162-122.21332","121427","37.81162-122.21332","Leimert Bridge SE",-122.21332,37.81162,105.7656,"US",NA,NA,"UTC"
"12143932.97845-117.05856","121439","32.97845-117.05856","Poway house",-117.05856,32.97845,196.2912,"US",NA,NA,"UTC"
"12145137.2788-121.91663","121451","37.2788-121.91663","Sandy Sea Turtle Landing West - Outside",-121.91663,37.2788,57.3024,"US",NA,NA,"UTC"
"12145338.55804-121.79071","121453","38.55804-121.79071","Oyster Bay-Astoria",-121.79071,38.55804,16.764,"US",NA,NA,"UTC"
"12145539.31119-120.17348","121455","39.31119-120.17348","Ponderosa Ranchos",-120.17348,39.31119,1855.9272,"US",NA,NA,"UTC"
"12146139.26556-119.94547","121461","39.26556-119.94547","Third Creek",-119.94547,39.26556,2079.9552,"US",NA,NA,"UTC"
"12148937.67961-122.11892","121489","37.67961-122.11892","Via Toledo  San Lorenzo CA",-122.11892,37.67961,13.1064,"US",NA,NA,"UTC"
"12149337.74338-122.46019","121493","37.74338-122.46019","Jeff Air",-122.46019,37.74338,187.1472,"US",NA,NA,"UTC"
"12151941.78372-123.05625","121519","41.78372-123.05625","Hamburg",-123.05625,41.78372,468.7824,"US",NA,NA,"UTC"
"12159738.48515-122.63359","121597","38.48515-122.63359","WCE",-122.63359,38.48515,414.528,"US",NA,NA,"UTC"
"12160139.24202-120.01728","121601","39.24202-120.01728","Upper Dolly Varden",-120.01728,39.24202,1965.6552,"US",NA,NA,"UTC"
"12160338.43003-122.72604","121603","38.43003-122.72604","Roseland Library - Outside",-122.72604,38.43003,44.196,"US",NA,NA,"UTC"
"12161738.84884-121.29564","121617","38.84884-121.29564","Rhino Stadium",-121.29564,38.84884,39.9288,"US",NA,NA,"UTC"
"12165337.9764-121.31274","121653","37.9764-121.31274","UPacific Garden",-121.31274,37.9764,3.048,"US",NA,NA,"UTC"
"12166336.98214-122.04868","121663","36.98214-122.04868","Kalkar Quarry",-122.04868,36.98214,96.3168,"US",NA,NA,"UTC"
"12167137.70205-122.44321","121671","37.70205-122.44321","VIP",-122.44321,37.70205,197.8152,"US",NA,NA,"UTC"
"12169138.93399-121.07256","121691","38.93399-121.07256","Out of the Way",-121.07256,38.93399,479.1456,"US",NA,NA,"UTC"
"12170734.12459-117.73004","121707","34.12459-117.73004","KCACLARE55",-117.73004,34.12459,415.4424,"US",NA,NA,"UTC"
"12178537.9102-122.34421","121785","37.9102-122.34421","LakeShore",-122.34421,37.9102,4.572,"US",NA,NA,"UTC"
"12178932.95419-117.26099","121789","32.95419-117.26099","Del Mar - 9th",-117.26099,32.95419,65.8368,"US",NA,NA,"UTC"
"12180738.10348-122.56634","121807","38.10348-122.56634","Three Goats",-122.56634,38.10348,18.8976,"US",NA,NA,"UTC"
"12181338.33244-122.50763","121813","38.33244-122.50763","Madrone",-122.50763,38.33244,64.6176,"US",NA,NA,"UTC"
"12184538.43675-120.58717","121845","38.43675-120.58717","Happie Lou Lane",-120.58717,38.43675,954.9384,"US",NA,NA,"UTC"
"12184739.36827-123.78776","121847","39.36827-123.78776","Dark Woods",-123.78776,39.36827,103.0224,"US",NA,NA,"UTC"
"12191133.6408-117.94468","121911","33.6408-117.94468","California Seabreeze",-117.94468,33.6408,28.3464,"US",NA,NA,"UTC"
"12193336.93927-119.67308","121933","36.93927-119.67308","Summit Mt 660'",-119.67308,36.93927,189.8904,"US",NA,NA,"UTC"
"12193940.22574-121.14027","121939","40.22574-121.14027","LACC",-121.14027,40.22574,1382.268,"US",NA,NA,"UTC"
"12195939.26448-121.17106","121959","39.26448-121.17106","Starduster",-121.17106,39.26448,558.6984,"US",NA,NA,"UTC"
"12198537.3916-122.20306","121985","37.3916-122.20306","Westridge \/ Cervantes",-122.20306,37.3916,213.9696,"US",NA,NA,"UTC"
"12199538.57213-121.52834","121995","38.57213-121.52834","Loc",-121.52834,38.57213,8.8392,"US",NA,NA,"UTC"
"12199738.51782-121.45877","121997","38.51782-121.45877","Citrus Palms",-121.45877,38.51782,8.8392,"US",NA,NA,"UTC"
"12199937.36832-122.091","121999","37.36832-122.091","Golden Way  Mountain View",-122.091,37.36832,49.3776,"US",NA,NA,"UTC"
"12200137.88465-122.24625","122001","37.88465-122.24625","Summit",-122.24625,37.88465,401.7264,"US",NA,NA,"UTC"
"12205939.04446-119.94093","122059","39.04446-119.94093","Crane Court",-119.94093,39.04446,2077.5168,"US",NA,NA,"UTC"
"12206137.83944-122.21624","122061","37.83944-122.21624","BT1",-122.21624,37.83944,258.4704,"US",NA,NA,"UTC"
"12207337.41227-121.87034","122073","37.41227-121.87034","SJ Morrill",-121.87034,37.41227,35.3568,"US",NA,NA,"UTC"
"12207537.47138-122.22603","122075","37.47138-122.22603","Palm Park",-122.22603,37.47138,10.0584,"US",NA,NA,"UTC"
"12207938.80148-121.21083","122079","38.80148-121.21083","Cresleigh Rocklin Trails",-121.21083,38.80148,95.4024,"US",NA,NA,"UTC"
"12208138.7525-120.576","122081","38.7525-120.576","Amber Cabin",-120.576,38.7525,1152.7536,"US",NA,NA,"UTC"
"12208737.77645-122.48702","122087","37.77645-122.48702","SF Central Richmond",-122.48702,37.77645,64.3128,"US",NA,NA,"UTC"
"12209738.56804-119.50839","122097","38.56804-119.50839","GBUAPCD_colevilleHS",-119.50839,38.56804,1570.9392,"US",NA,NA,"UTC"
"12212138.54504-119.47881","122121","38.54504-119.47881","GBUAPCD_antelopeFD",-119.47881,38.54504,1593.7992,"US",NA,NA,"UTC"
"12212337.12599-121.9399","122123","37.12599-121.9399","Building Blocks Preschool",-121.9399,37.12599,495.9096,"US",NA,NA,"UTC"
"12212738.74683-121.17783","122127","38.74683-121.17783","Alfi:OUT",-121.17783,38.74683,108.8136,"US",NA,NA,"UTC"
"12220937.76764-122.39929","122209","37.76764-122.39929","California College of The Arts  San Francisco",-122.39929,37.76764,3.3528,"US",NA,NA,"UTC"
"12222338.3542-122.77225","122223","38.3542-122.77225","Daywalt",-122.77225,38.3542,35.3568,"US",NA,NA,"UTC"
"12225738.91523-123.69918","122257","38.91523-123.69918","Point Arena High School2",-123.69918,38.91523,71.0184,"US",NA,NA,"UTC"
"12227139.40359-119.77887","122271","39.40359-119.77887","Big Yellow House",-119.77887,39.40359,1490.472,"US",NA,NA,"UTC"
"12227537.89626-122.26113","122275","37.89626-122.26113","Marker",-122.26113,37.89626,291.6936,"US",NA,NA,"UTC"
"12263733.81589-116.53849","122637","33.81589-116.53849","Downtown Palm Springs",-116.53849,33.81589,129.8448,"US",NA,NA,"UTC"
"12289137.45399-122.25217","122891","37.45399-122.25217","Chatham Court",-122.25217,37.45399,61.2648,"US",NA,NA,"UTC"
"12289739.4746-119.81659","122897","39.4746-119.81659","2618 edgerock Rd",-119.81659,39.4746,1427.3784,"US",NA,NA,"UTC"
"12294933.97898-118.40048","122949","33.97898-118.40048","Kent's yard",-118.40048,33.97898,40.5384,"US",NA,NA,"UTC"
"12335936.83295-119.81529","123359","36.83295-119.81529","North Tenaya Park",-119.81529,36.83295,101.8032,"US",NA,NA,"UTC"
"12339132.94257-117.21903","123391","32.94257-117.21903","Del Mar Trails Park",-117.21903,32.94257,41.7576,"US",NA,NA,"UTC"
"12345739.79021-121.59335","123457","39.79021-121.59335","FCCmonitor",-121.59335,39.79021,669.3408,"US",NA,NA,"UTC"
"12354334.17022-118.93301","123543","34.17022-118.93301","Whitegate",-118.93301,34.17022,259.3848,"US",NA,NA,"UTC"
"12358941.78959-124.06677","123589","41.78959-124.06677","Berteleda",-124.06677,41.78959,29.2608,"US",NA,NA,"UTC"
"12359937.35521-122.02711","123599","37.35521-122.02711","Back Yard",-122.02711,37.35521,44.5008,"US",NA,NA,"UTC"
"12362338.91204-121.2134","123623","38.91204-121.2134","lincoln\/newcastle",-121.2134,38.91204,103.632,"US",NA,NA,"UTC"
"12363533.73499-116.87987","123635","33.73499-116.87987","SCMP_HT02",-116.87987,33.73499,630.0216,"US",NA,NA,"UTC"
"12366139.70826-121.73312","123661","39.70826-121.73312","Rocky Bluff",-121.73312,39.70826,151.4856,"US",NA,NA,"UTC"
"12379937.27532-121.96721","123799","37.27532-121.96721","Hazel Ave.",-121.96721,37.27532,68.8848,"US",NA,NA,"UTC"
"12381138.88834-119.98914","123811","38.88834-119.98914","Omaha Street",-119.98914,38.88834,1920.8496,"US",NA,NA,"UTC"
"12383737.36664-119.70089","123837","37.36664-119.70089","Raggio",-119.70089,37.36664,674.5224,"US",NA,NA,"UTC"
"12383938.30336-121.47375","123839","38.30336-121.47375","TFE - Circle K Ranch",-121.47375,38.30336,5.1816,"US",NA,NA,"UTC"
"12384138.35064-121.37064","123841","38.35064-121.37064","TFE - Eschinger Ranch",-121.37064,38.35064,12.8016,"US",NA,NA,"UTC"
"12386133.18859-117.30751","123861","33.18859-117.30751","Buena Hills",-117.30751,33.18859,90.5256,"US",NA,NA,"UTC"
"12386339.44558-119.72296","123863","39.44558-119.72296","Buttermere dr and Mojave Sky dr  outdoor",-119.72296,39.44558,1353.312,"US",NA,NA,"UTC"
"12395939.03416-119.7403","123959","39.03416-119.7403","Central Johnson Lane",-119.7403,39.03416,1433.1696,"US",NA,NA,"UTC"
"12409936.87409-119.74726","124099","36.87409-119.74726","Maple\/Perrin  Fresno  CA",-119.74726,36.87409,116.7384,"US",NA,NA,"UTC"
"12413534.19072-118.79512","124135","34.19072-118.79512","Indian Trail Ct",-118.79512,34.19072,388.62,"US",NA,NA,"UTC"
"12461539.50527-123.34862","124615","39.50527-123.34862","32600 sherwood road",-123.34862,39.50527,709.2696,"US",NA,NA,"UTC"
"12462136.80203-118.19789","124621","36.80203-118.19789","Jackson",-118.19789,36.80203,1197.2544,"US",NA,NA,"UTC"
"12462734.00549-118.42474","124627","34.00549-118.42474","Parc Du Nord",-118.42474,34.00549,21.9456,"US",NA,NA,"UTC"
"12464536.92189-121.75982","124645","36.92189-121.75982","SYM1122P",-121.75982,36.92189,24.6888,"US",NA,NA,"UTC"
"12465738.6213-121.30909","124657","38.6213-121.30909","OCC",-121.30909,38.6213,36.576,"US",NA,NA,"UTC"
"12466538.00591-120.28002","124665","38.00591-120.28002","Sonora",-120.28002,38.00591,879.9576,"US",NA,NA,"UTC"
"12467137.85076-122.23709","124671","37.85076-122.23709","Chabot Canyon",-122.23709,37.85076,88.0872,"US",NA,NA,"UTC"
"12468135.61132-119.68488","124681","35.61132-119.68488","WCPA - Lamberson (2)",-119.68488,35.61132,86.868,"US",NA,NA,"UTC"
"12469138.81524-121.24248","124691","38.81524-121.24248","Fox Hill",-121.24248,38.81524,126.492,"US",NA,NA,"UTC"
"12474537.72539-121.71255","124745","37.72539-121.71255","Fox Meadow",-121.71255,37.72539,169.7736,"US",NA,NA,"UTC"
"12474937.48065-118.6078","124749","37.48065-118.6078","Paradise Estates  Summit",-118.6078,37.48065,1557.2232,"US",NA,NA,"UTC"
"12496134.08-118.27293","124961","34.08-118.27293","La Fayette PP \/ Marathon",-118.27293,34.08,129.2352,"US",NA,NA,"UTC"
"12502138.67399-120.99356","125021","38.67399-120.99356","Happy Feet",-120.99356,38.67399,398.0688,"US",NA,NA,"UTC"
"12503134.11295-118.32981","125031","34.11295-118.32981","Hollywood Dell",-118.32981,34.11295,174.0408,"US",NA,NA,"UTC"
"12508534.42161-119.88252","125085","34.42161-119.88252","UCSB COAST Lab@NCOS",-119.88252,34.42161,3.6576,"US",NA,NA,"UTC"
"12508737.75937-122.39126","125087","37.75937-122.39126","Espirit Park Roof",-122.39126,37.75937,13.4112,"US",NA,NA,"UTC"
"12510533.54919-117.76151","125105","33.54919-117.76151","Bridge Rd \/ Hillview Dr",-117.76151,33.54919,213.36,"US",NA,NA,"UTC"
"12527138.56826-121.4932","125271","38.56826-121.4932","AMTS_CARB_0002",-121.4932,38.56826,5.1816,"US",NA,NA,"UTC"
"12528132.67894-115.48283","125281","32.67894-115.48283","CARB_10:52:1c:41:6b:e0",-115.48283,32.67894,2.7432,"US",NA,NA,"UTC"
"12529340.12088-123.82379","125293","40.12088-123.82379","Redway",-123.82379,40.12088,164.592,"US",NA,NA,"UTC"
"12548137.68234-122.40193","125481","37.68234-122.40193","Brisbane",-122.40193,37.68234,14.0208,"US",NA,NA,"UTC"
"12550138.27952-122.29486","125501","38.27952-122.29486","Central Mongolia",-122.29486,38.27952,4.2672,"US",NA,NA,"UTC"
"12550933.15814-117.12102","125509","33.15814-117.12102","Villa Limonata",-117.12102,33.15814,224.3328,"US",NA,NA,"UTC"
"12552537.96198-121.99621","125525","37.96198-121.99621","WBUR Presents Fresh Air",-121.99621,37.96198,53.6448,"US",NA,NA,"UTC"
"12570737.36214-122.00474","125707","37.36214-122.00474","SILTIP2",-122.00474,37.36214,27.1272,"US",NA,NA,"UTC"
"12571937.90394-122.16014","125719","37.90394-122.16014","3974 Canyon Road",-122.16014,37.90394,241.4016,"US",NA,NA,"UTC"
"12580932.99792-117.26051","125809","32.99792-117.26051","Dell St.",-117.26051,32.99792,56.388,"US",NA,NA,"UTC"
"12588338.76864-120.9155","125883","38.76864-120.9155","Ken Derek Ln",-120.9155,38.76864,494.6904,"US",NA,NA,"UTC"
"12589134.17919-118.09023","125891","34.17919-118.09023","Kinneloa Canyon",-118.09023,34.17919,341.376,"US",NA,NA,"UTC"
"12589732.97907-117.17764","125897","32.97907-117.17764","Santa Fe Sur",-117.17764,32.97907,46.9392,"US",NA,NA,"UTC"
"12590739.41145-119.82104","125907","39.41145-119.82104","Rue Saint Tropez",-119.82104,39.41145,1675.1808,"US",NA,NA,"UTC"
"12591137.3964-122.09598","125911","37.3964-122.09598","Mount Vernon",-122.09598,37.3964,24.6888,"US",NA,NA,"UTC"
"12591738.22797-122.67453","125917","38.22797-122.67453","Chapman Lane",-122.67453,38.22797,51.816,"US",NA,NA,"UTC"
"12592133.5232-117.7107","125921","33.5232-117.7107","Laguna Niguel - Top of Hill (new sensor)",-117.7107,33.5232,147.5232,"US",NA,NA,"UTC"
"12592333.52654-117.70378","125923","33.52654-117.70378","Laguna Niguel DM13DM",-117.70378,33.52654,138.0744,"US",NA,NA,"UTC"
"12592739.31757-120.29872","125927","39.31757-120.29872","Washoe Road",-120.29872,39.31757,1822.704,"US",NA,NA,"UTC"
"12592938.29689-122.66076","125929","38.29689-122.66076","Uncle Andy",-122.66076,38.29689,29.5656,"US",NA,NA,"UTC"
"12594134.23146-118.23301","125941","34.23146-118.23301","PBaP",-118.23301,34.23146,570.5856,"US",NA,NA,"UTC"
"12594337.90174-122.07511","125943","37.90174-122.07511","Oakvale Ct",-122.07511,37.90174,131.064,"US",NA,NA,"UTC"
"12594538.5643-121.46227","125945","38.5643-121.46227","Santa Ynez sensor",-121.46227,38.5643,8.8392,"US",NA,NA,"UTC"
"12594737.77479-122.16994","125947","37.77479-122.16994","Millsmont",-122.16994,37.77479,93.8784,"US",NA,NA,"UTC"
"12594934.12091-118.15908","125949","34.12091-118.15908","Buena Vista Neighborhood",-118.15908,34.12091,226.7712,"US",NA,NA,"UTC"
"12595541.33424-122.36636","125955","41.33424-122.36636","Davis Place Rd Loop",-122.36636,41.33424,1150.0104,"US",NA,NA,"UTC"
"12596534.17991-118.11265","125965","34.17991-118.11265","East Morada",-118.11265,34.17991,352.6536,"US",NA,NA,"UTC"
"12601538.04129-120.62714","126015","38.04129-120.62714","Hyrule",-120.62714,38.04129,455.0664,"US",NA,NA,"UTC"
"12601738.58953-121.2847","126017","38.58953-121.2847","CHRC",-121.2847,38.58953,32.004,"US",NA,NA,"UTC"
"12606137.22262-121.96718","126061","37.22262-121.96718","Worcester Park",-121.96718,37.22262,158.496,"US",NA,NA,"UTC"
"12611137.35857-122.06527","126111","37.35857-122.06527","Harwalt North",-122.06527,37.35857,57.912,"US",NA,NA,"UTC"
"12613737.7639-122.22977","126137","37.7639-122.22977","CDN",-122.22977,37.7639,4.8768,"US",NA,NA,"UTC"
"12615338.71321-120.94451","126153","38.71321-120.94451","Rancho Ponderosa",-120.94451,38.71321,407.5176,"US",NA,NA,"UTC"
"12625137.15567-121.64027","126251","37.15567-121.64027","Terra Mia Mission Ranch outside",-121.64027,37.15567,123.1392,"US",NA,NA,"UTC"
"12628141.02389-121.89339","126281","41.02389-121.89339","Dyer Ranch",-121.89339,41.02389,612.0384,"US",NA,NA,"UTC"
"12629737.58144-122.39577","126297","37.58144-122.39577","Y01",-122.39577,37.58144,125.8824,"US",NA,NA,"UTC"
"12630938.40179-122.59932","126309","38.40179-122.59932","Bennett Ridge",-122.59932,38.40179,372.4656,"US",NA,NA,"UTC"
"12631538.56825-121.49322","126315","38.56825-121.49322","AMTS_CARB_0003",-121.49322,38.56825,5.1816,"US",NA,NA,"UTC"
"12632937.31874-122.07256","126329","37.31874-122.07256","Medina Ln",-122.07256,37.31874,127.7112,"US",NA,NA,"UTC"
"12633537.77068-122.42178","126335","37.77068-122.42178","The Shmission",-122.42178,37.77068,12.8016,"US",NA,NA,"UTC"
"12635139.24521-121.20826","126351","39.24521-121.20826","Echo",-121.20826,39.24521,390.7536,"US",NA,NA,"UTC"
"12636738.56827-121.4932","126367","38.56827-121.4932","AMTS_CARB_0001",-121.4932,38.56827,5.1816,"US",NA,NA,"UTC"
"12640537.37455-119.72736","126405","37.37455-119.72736","Wasuma Elementary",-119.72736,37.37455,695.5536,"US",NA,NA,"UTC"
"12643538.10827-122.24274","126435","38.10827-122.24274","Morningside Addition",-122.24274,38.10827,11.5824,"US",NA,NA,"UTC"
"12643938.00745-122.56777","126439","38.00745-122.56777","Freitas Pkwy Trailhead",-122.56777,38.00745,71.628,"US",NA,NA,"UTC"
"12644338.39787-122.82121","126443","38.39787-122.82121","Petaluma Ave",-122.82121,38.39787,31.3944,"US",NA,NA,"UTC"
"12646937.15786-121.98156","126469","37.15786-121.98156","Oneda Ct",-121.98156,37.15786,417.2712,"US",NA,NA,"UTC"
"12648338.66305-120.84101","126483","38.66305-120.84101","Deck",-120.84101,38.66305,541.02,"US",NA,NA,"UTC"
"12648533.68857-117.78431","126485","33.68857-117.78431","Marne Circle",-117.78431,33.68857,30.7848,"US",NA,NA,"UTC"
"12659137.82332-122.2341","126591","37.82332-122.2341","Piedmont Recreation Department",-122.2341,37.82332,88.6968,"US",NA,NA,"UTC"
"12665937.33151-119.64033","126659","37.33151-119.64033","Bass Lake School District Office",-119.64033,37.33151,700.7352,"US",NA,NA,"UTC"
"12666537.72979-121.71249","126665","37.72979-121.71249","R'lyeh",-121.71249,37.72979,171.2976,"US",NA,NA,"UTC"
"12667133.98948-118.26763","126671","33.98948-118.26763","Yard#1",-118.26763,33.98948,50.292,"US",NA,NA,"UTC"
"12683739.38903-119.64876","126837","39.38903-119.64876","Cartwright Rd 2022",-119.64876,39.38903,1817.5224,"US",NA,NA,"UTC"
"12697139.63578-119.2896","126971","39.63578-119.2896","Natchez ES",-119.2896,39.63578,1248.4608,"US",NA,NA,"UTC"
"12697740.6536-119.35445","126977","40.6536-119.35445","Gerlach School",-119.35445,40.6536,1201.8264,"US",NA,NA,"UTC"
"12698139.60795-119.78441","126981","39.60795-119.78441","Bennett ES",-119.78441,39.60795,1502.3592,"US",NA,NA,"UTC"
"12698539.68-119.96837","126985","39.68-119.96837","Gomes ES",-119.96837,39.68,1545.0312,"US",NA,NA,"UTC"
"12700937.49166-119.91204","127009","37.49166-119.91204","Bootjack",-119.91204,37.49166,820.2168,"US",NA,NA,"UTC"
"12702139.52134-119.9899","127021","39.52134-119.9899","Verdi ES",-119.9899,39.52134,1493.8248,"US",NA,NA,"UTC"
"12702733.8249-118.05746","127027","33.8249-118.05746","Lexington Junior High School",-118.05746,33.8249,9.144,"US",NA,NA,"UTC"
"12707937.39419-122.16556","127079","37.39419-122.16556","OPM Mid",-122.16556,37.39419,105.4608,"US",NA,NA,"UTC"
"12710737.83183-122.12328","127107","37.83183-122.12328","Carr Drive",-122.12328,37.83183,176.1744,"US",NA,NA,"UTC"
"12712337.35288-122.14169","127123","37.35288-122.14169","Francemont and Moody",-122.14169,37.35288,130.7592,"US",NA,NA,"UTC"
"12713340.29047-123.67872","127133","40.29047-123.67872","basin creek",-123.67872,40.29047,672.3888,"US",NA,NA,"UTC"
"12727136.96196-121.96836","127271","36.96196-121.96836","Pleasure Point",-121.96836,36.96196,15.24,"US",NA,NA,"UTC"
"12736141.31059-123.51896","127361","41.31059-123.51896","SAFE Pearch Creek",-123.51896,41.31059,197.2056,"US",NA,NA,"UTC"
"12737141.34781-123.52155","127371","41.34781-123.52155","ThunderMountain SAFE",-123.52155,41.34781,576.072,"US",NA,NA,"UTC"
"12738338.59346-120.84667","127383","38.59346-120.84667","El Dorado Mushroom Company",-120.84667,38.59346,284.3784,"US",NA,NA,"UTC"
"12739341.30108-123.54739","127393","41.30108-123.54739","SAFE-Orleans-ComputerCenter-Outdoor",-123.54739,41.30108,124.6632,"US",NA,NA,"UTC"
"12740741.48964-123.48885","127407","41.48964-123.48885","SAFE-Patterson Ranch",-123.48885,41.48964,652.5768,"US",NA,NA,"UTC"
"12744337.07325-122.08686","127443","37.07325-122.08686","Glen Arbor",-122.08686,37.07325,114.9096,"US",NA,NA,"UTC"
"12746538.01056-122.56381","127465","38.01056-122.56381","Sandalwood",-122.56381,38.01056,36.2712,"US",NA,NA,"UTC"
"12747738.03009-120.38818","127477","38.03009-120.38818","Columbia College - Manzanita Building Exterior",-120.38818,38.03009,702.8688,"US",NA,NA,"UTC"
"12748338.29553-122.2467","127483","38.29553-122.2467","Stone Bridge School",-122.2467,38.29553,33.2232,"US",NA,NA,"UTC"
"12758334.35883-119.31544","127583","34.35883-119.31544","Foster Park",-119.31544,34.35883,78.3336,"US",NA,NA,"UTC"
"12760739.265-121.019","127607","39.265-121.019","Sierra Academy Of Expeditionary Learning",-121.019,39.265,783.0312,"US",NA,NA,"UTC"
"12772738.72503-120.86711","127727","38.72503-120.86711","InnovationCenterPurple - EDC Outdoor",-120.86711,38.72503,486.156,"US",NA,NA,"UTC"
"12787738.83222-121.26948","127877","38.83222-121.26948","YARD",-121.26948,38.83222,97.2312,"US",NA,NA,"UTC"
"12797537.80508-122.26286","127975","37.80508-122.26286","Lake Royal Apartments",-122.26286,37.80508,6.096,"US",NA,NA,"UTC"
"12800537.49352-122.25462","128005","37.49352-122.25462","San Carlos  CA",-122.25462,37.49352,13.1064,"US",NA,NA,"UTC"
"12802137.79916-122.4322","128021","37.79916-122.4322","Cow Hollow",-122.4322,37.79916,15.24,"US",NA,NA,"UTC"
"12802734.42047-119.73679","128027","34.42047-119.73679","chad-01",-119.73679,34.42047,73.7616,"US",NA,NA,"UTC"
"12805737.91103-122.01404","128057","37.91103-122.01404","LOC",-122.01404,37.91103,57.6072,"US",NA,NA,"UTC"
"12817934.07323-118.54849","128179","34.07323-118.54849","Calle Haleigh",-118.54849,34.07323,414.2232,"US",NA,NA,"UTC"
"12821737.05812-121.9571","128217","37.05812-121.9571","MG",-121.9571,37.05812,146.304,"US",NA,NA,"UTC"
"12822738.0258-120.42476","128227","38.0258-120.42476","Slate Rim Rd",-120.42476,38.0258,679.704,"US",NA,NA,"UTC"
"12823137.74225-122.46278","128231","37.74225-122.46278","Granville Way",-122.46278,37.74225,130.4544,"US",NA,NA,"UTC"
"12824533.69649-117.80317","128245","33.69649-117.80317","kiwin-o",-117.80317,33.69649,19.812,"US",NA,NA,"UTC"
"12824937.17189-122.14442","128249","37.17189-122.14442","Creek Dr.",-122.14442,37.17189,210.9216,"US",NA,NA,"UTC"
"12829537.71696-122.05743","128295","37.71696-122.05743","Lynwood Court",-122.05743,37.71696,163.6776,"US",NA,NA,"UTC"
"12859538.02825-120.26445","128595","38.02825-120.26445","MEC",-120.26445,38.02825,1039.368,"US",NA,NA,"UTC"
"12861938.0317-121.3491","128619","38.0317-121.3491","Hband",-121.3491,38.0317,5.7912,"US",NA,NA,"UTC"
"12935937.2447-121.93598","129359","37.2447-121.93598","Rosswood Dr-r2",-121.93598,37.2447,83.5152,"US",NA,NA,"UTC"
"13023937.86647-122.28508","130239","37.86647-122.28508","City of Berkeley Corporation Yard",-122.28508,37.86647,26.8224,"US",NA,NA,"UTC"
"13034939.24213-120.00064","130349","39.24213-120.00064","433 SR-28  Crystal Bay  NV",-120.00064,39.24213,1953.768,"US",NA,NA,"UTC"
"13075537.7981-122.16219","130755","37.7981-122.16219","Skyline Gym",-122.16219,37.7981,343.5096,"US",NA,NA,"UTC"
"13107533.51511-117.67972","131075","33.51511-117.67972","Mariners Bluff",-117.67972,33.51511,173.4312,"US",NA,NA,"UTC"
"13107937.75315-122.44364","131079","37.75315-122.44364","BRSKBV-outside",-122.44364,37.75315,165.8112,"US",NA,NA,"UTC"
"13108338.28759-122.46281","131083","38.28759-122.46281","Bettencourt Home",-122.46281,38.28759,25.2984,"US",NA,NA,"UTC"
"13108538.86347-119.37416","131085","38.86347-119.37416","Hunters Gln",-119.37416,38.86347,1453.896,"US",NA,NA,"UTC"
"13108739.76283-120.61008","131087","39.76283-120.61008","Graeagle Meadows",-120.61008,39.76283,1345.692,"US",NA,NA,"UTC"
"13108937.75212-122.43994","131089","37.75212-122.43994","Maison du Vin et Fromage",-122.43994,37.75212,100.8888,"US",NA,NA,"UTC"
"13109137.32845-122.04884","131091","37.32845-122.04884","Cupertino Dog Yard",-122.04884,37.32845,89.3064,"US",NA,NA,"UTC"
"13109737.37483-122.07158","131097","37.37483-122.07158","Carmelita",-122.07158,37.37483,42.672,"US",NA,NA,"UTC"
"13120338.52165-120.82048","131203","38.52165-120.82048","Vino Noceto",-120.82048,38.52165,449.8848,"US",NA,NA,"UTC"
"13135332.68222-115.49519","131353","32.68222-115.49519","PURPLEAIR PA-II-SD CLX HSE",-115.49519,32.68222,1.8288,"US",NA,NA,"UTC"
"13158739.12559-120.95997","131587","39.12559-120.95997","Bear River Canyon",-120.95997,39.12559,697.6872,"US",NA,NA,"UTC"
"13162737.44801-122.1792","131627","37.44801-122.1792","Blake-Nealon",-122.1792,37.44801,21.336,"US",NA,NA,"UTC"
"13168533.88361-118.02507","131685","33.88361-118.02507","PPA 3",-118.02507,33.88361,20.1168,"US",NA,NA,"UTC"
"13168733.88358-118.02466","131687","33.88358-118.02466","PPA 2",-118.02466,33.88358,20.7264,"US",NA,NA,"UTC"
"13170138.31534-122.50795","131701","38.31534-122.50795","West Valley",-122.50795,38.31534,74.3712,"US",NA,NA,"UTC"
"13181737.80805-122.20865","131817","37.80805-122.20865","Corpus Christi School",-122.20865,37.80805,103.632,"US",NA,NA,"UTC"
"13181936.59029-121.91659","131819","36.59029-121.91659","Upper Dry Creek Rd",-121.91659,36.59029,181.9656,"US",NA,NA,"UTC"
"13188137.87367-122.26321","131881","37.87367-122.26321","Hilgard Hall",-122.26321,37.87367,82.9056,"US",NA,NA,"UTC"
"13198333.79567-117.93653","131983","33.79567-117.93653","SouthAnaheim",-117.93653,33.79567,34.4424,"US",NA,NA,"UTC"
"13247538.66663-121.10324","132475","38.66663-121.10324","Lakeview Oaks",-121.10324,38.66663,148.7424,"US",NA,NA,"UTC"
"13255937.40311-122.11492","132559","37.40311-122.11492","Solomon Islands",-122.11492,37.40311,20.4216,"US",NA,NA,"UTC"
"13266538.54086-123.09663","132665","38.54086-123.09663","Mohrhardt",-123.09663,38.54086,95.7072,"US",NA,NA,"UTC"
"13274738.55698-122.72288","132747","38.55698-122.72288","MWSRPINGS",-122.72288,38.55698,168.8592,"US",NA,NA,"UTC"
"13276937.78377-122.46497","132769","37.78377-122.46497","George Peabody Elementary",-122.46497,37.78377,56.388,"US",NA,NA,"UTC"
"13277535.38944-119.11168","132775","35.38944-119.11168","Hageman &amp; Calloway",-119.11168,35.38944,115.824,"US",NA,NA,"UTC"
"13279337.75191-122.47716","132793","37.75191-122.47716","Lyc\u00E9e Fran\u00E7ais de San Francisco - Ortega Campus",-122.47716,37.75191,121.0056,"US",NA,NA,"UTC"
"13285737.92874-121.28919","132857","37.92874-121.28919","North of Mattie Harrell Park",-121.28919,37.92874,4.2672,"US",NA,NA,"UTC"
"13299537.77484-122.29903","132995","37.77484-122.29903","LOISOS+UBBELOHDE",-122.29903,37.77484,3.9624,"US",NA,NA,"UTC"
"13299739.34736-120.21013","132997","39.34736-120.21013","Truckee",-120.21013,39.34736,1889.4552,"US",NA,NA,"UTC"
"13300338.03636-120.24152","133003","38.03636-120.24152","Sandberg Court",-120.24152,38.03636,1127.76,"US",NA,NA,"UTC"
"13302538.00018-122.29807","133025","38.00018-122.29807","Rising Glen  Pinole",-122.29807,38.00018,58.2168,"US",NA,NA,"UTC"
"13303537.88109-122.29539","133035","37.88109-122.29539","1234 Kains Ave Backyard",-122.29539,37.88109,15.5448,"US",NA,NA,"UTC"
"13309132.98929-117.26209","133091","32.98929-117.26209","Stevens Ave W",-117.26209,32.98929,25.6032,"US",NA,NA,"UTC"
"13311734.1202-118.2049","133117","34.1202-118.2049","Lincoln and Ave 51",-118.2049,34.1202,167.9448,"US",NA,NA,"UTC"
"13320737.43186-122.19282","133207","37.43186-122.19282","White Oak",-122.19282,37.43186,35.9664,"US",NA,NA,"UTC"
"13326938.6618-121.31275","133269","38.6618-121.31275","Del Campo Park",-121.31275,38.6618,48.1584,"US",NA,NA,"UTC"
"13338137.51707-122.33066","133381","37.51707-122.33066","Queens\/Lakewood",-122.33066,37.51707,158.8008,"US",NA,NA,"UTC"
"13348537.33503-120.4623","133485","37.33503-120.4623","ucm-af3e",-120.4623,37.33503,57.912,"US",NA,NA,"UTC"
"13358833.83335-118.17288","133588","33.83335-118.17288","AirFalcon",-118.17288,33.83335,24.9936,"US",NA,NA,"UTC"
"13359733.73203-118.29679","133597","33.73203-118.29679","W 14th St &amp; S Meyler",-118.29679,33.73203,44.8056,"US",NA,NA,"UTC"
"13362234.19246-118.16317","133622","34.19246-118.16317","Casitas &amp; Ventura",-118.16317,34.19246,358.14,"US",NA,NA,"UTC"
"13364037.4015-122.2033","133640","37.4015-122.2033","Ladera - Lucero and Mimosa",-122.2033,37.4015,85.0392,"US",NA,NA,"UTC"
"13366037.85211-122.48148","133660","37.85211-122.48148","Deck",-122.48148,37.85211,79.248,"US",NA,NA,"UTC"
"13381432.84129-117.22388","133814","32.84129-117.22388","Southwest 52 FWY University City",-117.22388,32.84129,58.5216,"US",NA,NA,"UTC"
"13393833.17127-117.29272","133938","33.17127-117.29272","Calavera Hills",-117.29272,33.17127,100.584,"US",NA,NA,"UTC"
"13394039.60565-119.83942","133940","39.60565-119.83942","North Valley's Library",-119.83942,39.60565,1562.7096,"US",NA,NA,"UTC"
"13394839.54165-119.73025","133948","39.54165-119.73025","WCHSA FEC",-119.73025,39.54165,1341.12,"US",NA,NA,"UTC"
"13397239.34226-120.22852","133972","39.34226-120.22852","Bodin's Cabin",-120.22852,39.34226,1958.6448,"US",NA,NA,"UTC"
"13397832.90468-117.14228","133978","32.90468-117.14228","Mira Mesa Mach",-117.14228,32.90468,135.636,"US",NA,NA,"UTC"
"13398234.21365-117.12833","133982","34.21365-117.12833","GlenOakDr",-117.12833,34.21365,1917.192,"US",NA,NA,"UTC"
"13402236.86816-119.7757","134022","36.86816-119.7757","Dominion Villas",-119.7757,36.86816,110.3376,"US",NA,NA,"UTC"
"13403037.9147-122.03422","134030","37.9147-122.03422","San Benito",-122.03422,37.9147,42.672,"US",NA,NA,"UTC"
"13403237.99667-122.57176","134032","37.99667-122.57176","Upper Holstein Road",-122.57176,37.99667,89.6112,"US",NA,NA,"UTC"
"13421039.01364-123.38816","134210","39.01364-123.38816","Ornbaun Road",-123.38816,39.01364,150.876,"US",NA,NA,"UTC"
"13421639.55883-119.71849","134216","39.55883-119.71849","Alf Sorenson",-119.71849,39.55883,1347.5208,"US",NA,NA,"UTC"
"13424038.8618-120.03579","134240","38.8618-120.03579","Eh Frame",-120.03579,38.8618,1991.5632,"US",NA,NA,"UTC"
"13428037.45698-121.90653","134280","37.45698-121.90653","Sunnyhils",-121.90653,37.45698,16.764,"US",NA,NA,"UTC"
"13430837.91954-122.0094","134308","37.91954-122.0094","Rare Air",-122.0094,37.91954,50.5968,"US",NA,NA,"UTC"
"13435634.25916-119.27013","134356","34.25916-119.27013","Pierpont Elementary School",-119.27013,34.25916,3.3528,"US",NA,NA,"UTC"
"13442637.31733-121.98605","134426","37.31733-121.98605","Strawberry Ln",-121.98605,37.31733,50.292,"US",NA,NA,"UTC"
"13444438.24472-122.6564","134444","38.24472-122.6564","Elm Dr &amp; Cherry St  Petaluma",-122.6564,38.24472,33.8328,"US",NA,NA,"UTC"
"13454237.4501-122.1489","134542","37.4501-122.1489","Addison  Palo Alto",-122.1489,37.4501,9.144,"US",NA,NA,"UTC"
"13457239.70735-119.74886","134572","39.70735-119.74886","RSIC Hungry Valley",-119.74886,39.70735,1522.1712,"US",NA,NA,"UTC"
"13459639.38502-119.82588","134596","39.38502-119.82588","5665 Mont Pelier Outside",-119.82588,39.38502,1756.2576,"US",NA,NA,"UTC"
"13460438.5452-121.49764","134604","38.5452-121.49764","1701 11th Ave",-121.49764,38.5452,4.2672,"US",NA,NA,"UTC"
"13461437.45587-122.43522","134614","37.45587-122.43522","Metzgar",-122.43522,37.45587,22.86,"US",NA,NA,"UTC"
"13462037.87745-122.06147","134620","37.87745-122.06147","InTheRound",-122.06147,37.87745,95.0976,"US",NA,NA,"UTC"
"13476638.42031-120.82481","134766","38.42031-120.82481","Amador City",-120.82481,38.42031,294.7416,"US",NA,NA,"UTC"
"13478237.74695-122.48872","134782","37.74695-122.48872","Sunset Parkside 31st &amp; Rivera",-122.48872,37.74695,73.152,"US",NA,NA,"UTC"
"13485639.62467-119.67633","134856","39.62467-119.67633","Asgard",-119.67633,39.62467,1381.0488,"US",NA,NA,"UTC"
"13496838.28665-122.4371","134968","38.28665-122.4371","Montessori School of Sonoma",-122.4371,38.28665,32.004,"US",NA,NA,"UTC"
"13506637.83581-122.21544","135066","37.83581-122.21544","5800's Fl T",-122.21544,37.83581,215.4936,"US",NA,NA,"UTC"
"13506838.36176-122.78109","135068","38.36176-122.78109","Boylan LN",-122.78109,38.36176,34.1376,"US",NA,NA,"UTC"
"13508833.69498-117.73355","135088","33.69498-117.73355","HarGow",-117.73355,33.69498,102.7176,"US",NA,NA,"UTC"
"13510437.15327-121.89738","135104","37.15327-121.89738","K6MTU",-121.89738,37.15327,1047.9024,"US",NA,NA,"UTC"
"13512837.65413-121.87634","135128","37.65413-121.87634","Monaco Court",-121.87634,37.65413,123.444,"US",NA,NA,"UTC"
"13514437.82703-122.11448","135144","37.82703-122.11448","5 Peralta ct.",-122.11448,37.82703,222.504,"US",NA,NA,"UTC"
"13515037.35622-118.4368","135150","37.35622-118.4368","Tumbleweed",-118.4368,37.35622,1316.736,"US",NA,NA,"UTC"
"13525833.8143-116.53719","135258","33.8143-116.53719","The Kit",-116.53719,33.8143,130.4544,"US",NA,NA,"UTC"
"13526038.36549-122.84375","135260","38.36549-122.84375","8456 Kennedy Rd",-122.84375,38.36549,154.5336,"US",NA,NA,"UTC"
"13534234.96659-120.42651","135342","34.96659-120.42651","Rice Elementary",-120.42651,34.96659,67.9704,"US",NA,NA,"UTC"
"13561633.99433-118.33524","135616","33.99433-118.33524","View Park",-118.33524,33.99433,68.2752,"US",NA,NA,"UTC"
"13611237.93823-120.26729","136112","37.93823-120.26729","PurpleAir Outdoor",-120.26729,37.93823,822.3504,"US",NA,NA,"UTC"
"13634037.36103-122.20845","136340","37.36103-122.20845","Sunhill",-122.20845,37.36103,212.1408,"US",NA,NA,"UTC"
"13665438.08218-122.5163","136654","38.08218-122.5163","Bel Marin Keys North lagoon",-122.5163,38.08218,3.048,"US",NA,NA,"UTC"
"13665833.9586-118.44202","136658","33.9586-118.44202","Cabton",-118.44202,33.9586,45.4152,"US",NA,NA,"UTC"
"13668637.28692-121.92938","136686","37.28692-121.92938","Campbell outdoor",-121.92938,37.28692,56.0832,"US",NA,NA,"UTC"
"13669837.8971-122.10663","136698","37.8971-122.10663","side gate",-122.10663,37.8971,107.8992,"US",NA,NA,"UTC"
"13701437.82545-122.21608","137014","37.82545-122.21608","Barry PurpleAir 2",-122.21608,37.82545,218.5416,"US",NA,NA,"UTC"
"13708033.99219-118.40166","137080","33.99219-118.40166","El Marino",-118.40166,33.99219,7.62,"US",NA,NA,"UTC"
"13712033.70096-117.72836","137120","33.70096-117.72836","Speckled",-117.72836,33.70096,117.0432,"US",NA,NA,"UTC"
"13720837.89703-122.2749","137208","37.89703-122.2749","Southampton 2",-122.2749,37.89703,134.112,"US",NA,NA,"UTC"
"13722440.58689-122.42934","137224","40.58689-122.42934","Sunflower Dr",-122.42934,40.58689,217.6272,"US",NA,NA,"UTC"
"13728838.65434-121.43191","137288","38.65434-121.43191","Main Avenue School",-121.43191,38.65434,15.24,"US",NA,NA,"UTC"
"13729638.64687-121.4208","137296","38.64687-121.4208","Bell Avenue School",-121.4208,38.64687,17.0688,"US",NA,NA,"UTC"
"13730638.4524-121.41701","137306","38.4524-121.41701","Valley Hi - North Laguna Library",-121.41701,38.4524,8.8392,"US",NA,NA,"UTC"
"13731638.51345-121.45906","137316","38.51345-121.45906","Pacific Elementary School",-121.45906,38.51345,8.5344,"US",NA,NA,"UTC"
"13736638.52926-121.49058","137366","38.52926-121.49058","WHT-MLP",-121.49058,38.52926,7.0104,"US",NA,NA,"UTC"
"13739638.6514-121.47111","137396","38.6514-121.47111","Pell Drive",-121.47111,38.6514,9.4488,"US",NA,NA,"UTC"
"13748832.53191-117.01893","137488","32.53191-117.01893","N\u00B01 | Palacio Municipal | AYUNTAMIENTO DE TIJUANA",-117.01893,32.53191,22.86,"US",NA,NA,"UTC"
"13750038.55222-121.40355","137500","38.55222-121.40355","Marquette Dr",-121.40355,38.55222,13.1064,"US",NA,NA,"UTC"
"13765638.5482-121.45898","137656","38.5482-121.45898","4th Ave Park",-121.45898,38.5482,7.9248,"US",NA,NA,"UTC"
"13767834.08453-118.65389","137678","34.08453-118.65389","top o stunt",-118.65389,34.08453,666.9024,"US",NA,NA,"UTC"
"13770237.83009-122.25433","137702","37.83009-122.25433","Kirchy Out",-122.25433,37.83009,34.7472,"US",NA,NA,"UTC"
"13781238.54251-121.44978","137812","38.54251-121.44978","W Tahoe Park",-121.44978,38.54251,10.668,"US",NA,NA,"UTC"
"13781437.75075-122.39689","137814","37.75075-122.39689","1950CC",-122.39689,37.75075,12.192,"US",NA,NA,"UTC"
"13800237.21128-121.80638","138002","37.21128-121.80638","IBM Research - Almaden",-121.80638,37.21128,234.3912,"US",NA,NA,"UTC"
"13801438.55738-121.45229","138014","38.55738-121.45229","Elmhurst 45Th St.@ T St.",-121.45229,38.55738,10.668,"US",NA,NA,"UTC"
"13811238.33855-120.77108","138112","38.33855-120.77108","Ponderosa",-120.77108,38.33855,414.528,"US",NA,NA,"UTC"
"13816238.47633-121.48463","138162","38.47633-121.48463","John Still Middle School",-121.48463,38.47633,5.1816,"US",NA,NA,"UTC"
"13831638.53118-121.44916","138316","38.53118-121.44916","0949LL",-121.44916,38.53118,10.3632,"US",NA,NA,"UTC"
"13832438.59872-121.46474","138324","38.59872-121.46474","Golden Empire Council - Boy Scouts of America",-121.46474,38.59872,8.2296,"US",NA,NA,"UTC"
"13835238.52188-121.47935","138352","38.52188-121.47935","Brentwood",-121.47935,38.52188,7.3152,"US",NA,NA,"UTC"
"13836638.6436-121.46078","138366","38.6436-121.46078","Robla Neighborhood  Sacramento",-121.46078,38.6436,8.2296,"US",NA,NA,"UTC"
"13837038.46659-121.4286","138370","38.46659-121.4286","Westholme",-121.4286,38.46659,6.4008,"US",NA,NA,"UTC"
"13926438.58393-121.40657","139264","38.58393-121.40657","Amherst Condos",-121.40657,38.58393,11.5824,"US",NA,NA,"UTC"
"13938436.79923-119.87532","139384","36.79923-119.87532","Babigian and Parkway",-119.87532,36.79923,90.8304,"US",NA,NA,"UTC"
"13953838.45195-121.42778","139538","38.45195-121.42778","South Sac Calvine",-121.42778,38.45195,8.2296,"US",NA,NA,"UTC"
"13954238.52824-121.4115","139542","38.52824-121.4115","Colonial Village",-121.4115,38.52824,11.5824,"US",NA,NA,"UTC"
"13959038.6217-121.49623","139590","38.6217-121.49623","Pebblewood",-121.49623,38.6217,3.9624,"US",NA,NA,"UTC"
"13971634.17342-118.33745","139716","34.17342-118.33745","Home Outdoor",-118.33745,34.17342,179.5272,"US",NA,NA,"UTC"
"13977838.53514-121.4857","139778","38.53514-121.4857","Carlton Tract East",-121.4857,38.53514,7.9248,"US",NA,NA,"UTC"
"13978838.6366-121.34735","139788","38.6366-121.34735","Eskaton Village Carmichael Apartment Bldg",-121.34735,38.6366,32.3088,"US",NA,NA,"UTC"
"14004238.6473-121.45209","140042","38.6473-121.45209","Taylor Street School",-121.45209,38.6473,10.3632,"US",NA,NA,"UTC"
"14024839.40528-119.7579","140248","39.40528-119.7579","Washoe Little League",-119.7579,39.40528,1406.9568,"US",NA,NA,"UTC"
"14026037.71316-121.79473","140260","37.71316-121.79473","Las Positas College Bldg. 3500",-121.79473,37.71316,164.8968,"US",NA,NA,"UTC"
"14029034.4454-119.82857","140290","34.4454-119.82857","SBCAPCD_63",-119.82857,34.4454,12.4968,"US",NA,NA,"UTC"
"14041032.73719-117.0206","140410","32.73719-117.0206","Lemon Grove Patio",-117.0206,32.73719,154.2288,"US",NA,NA,"UTC"
"14041232.8038-117.15689","140412","32.8038-117.15689","EAST CLAIREMONT MESA",-117.15689,32.8038,121.6152,"US",NA,NA,"UTC"
"14042039.14303-121.03896","140420","39.14303-121.03896","Carrie Drive  Grass Valley",-121.03896,39.14303,715.9752,"US",NA,NA,"UTC"
"14043833.65423-117.65331","140438","33.65423-117.65331","THHS Field",-117.65331,33.65423,240.792,"US",NA,NA,"UTC"
"14044837.82715-122.19155","140448","37.82715-122.19155","Darnby Drive",-122.19155,37.82715,399.288,"US",NA,NA,"UTC"
"14045838.52304-121.42567","140458","38.52304-121.42567","66th Street",-121.42567,38.52304,10.9728,"US",NA,NA,"UTC"
"14053637.99849-122.33536","140536","37.99849-122.33536","Montalvin",-122.33536,37.99849,6.096,"US",NA,NA,"UTC"
"14063638.47741-122.44961","140636","38.47741-122.44961","Zinfandel Ln",-122.44961,38.47741,61.5696,"US",NA,NA,"UTC"
"14094837.6409-122.104","140948","37.6409-122.104","Chabot College",-122.104,37.6409,13.716,"US",NA,NA,"UTC"
"14114433.99776-117.4188","141144","33.99776-117.4188","New_Test_1",-117.4188,33.99776,245.0592,"US",NA,NA,"UTC"
"14133838.76633-119.80898","141338","38.76633-119.80898","Diamond Valley School",-119.80898,38.76633,1722.4248,"US",NA,NA,"UTC"
"14151438.38552-122.46352","141514","38.38552-122.46352","Top of Cavedale",-122.46352,38.38552,583.692,"US",NA,NA,"UTC"
"14183036.99372-121.59215","141830","36.99372-121.59215","Winzer Place",-121.59215,36.99372,94.1832,"US",NA,NA,"UTC"
"14234637.74789-122.43333","142346","37.74789-122.43333","4181 26th Street",-122.43333,37.74789,78.6384,"US",NA,NA,"UTC"
"14257838.556-121.79213","142578","38.556-121.79213","Biscayne",-121.79213,38.556,17.6784,"US",NA,NA,"UTC"
"14260833.98141-118.43665","142608","33.98141-118.43665","Villa Marina Townhomes",-118.43665,33.98141,5.1816,"US",NA,NA,"UTC"
"14261639.41657-119.79193","142616","39.41657-119.79193","Go Solar",-119.79193,39.41657,1507.236,"US",NA,NA,"UTC"
"14265837.77552-122.45685","142658","37.77552-122.45685","McAllister",-122.45685,37.77552,77.4192,"US",NA,NA,"UTC"
"14267239.59828-119.23962","142672","39.59828-119.23962","KM4PFH",-119.23962,39.59828,1272.54,"US",NA,NA,"UTC"
"14307433.99776-117.4188","143074","33.99776-117.4188","New_Test_3",-117.4188,33.99776,245.0592,"US",NA,NA,"UTC"
"14308833.99776-117.4188","143088","33.99776-117.4188","Old_Test_1",-117.4188,33.99776,245.0592,"US",NA,NA,"UTC"
"14309033.99776-117.4188","143090","33.99776-117.4188","Old_Test_3",-117.4188,33.99776,245.0592,"US",NA,NA,"UTC"
"14310833.99776-117.4188","143108","33.99776-117.4188","Old_Test_2",-117.4188,33.99776,245.0592,"US",NA,NA,"UTC"
"14320638.06726-120.54215","143206","38.06726-120.54215","Angels Camp",-120.54215,38.06726,457.5048,"US",NA,NA,"UTC"
"14360233.93814-118.01024","143602","33.93814-118.01024","SCMP_12",-118.01024,33.93814,58.2168,"US",NA,NA,"UTC"
"14368233.64216-117.8448","143682","33.64216-117.8448","Multipurpose Science and Technology Building (MSTB)",-117.8448,33.64216,41.7576,"US",NA,NA,"UTC"
"14449437.8838-122.18356","144494","37.8838-122.18356","Orinda Academy",-122.18356,37.8838,192.9384,"US",NA,NA,"UTC"
"14461837.8816-122.26095","144618","37.8816-122.26095","Euclid Le Roy",-122.26095,37.8816,153.924,"US",NA,NA,"UTC"
"14465437.64097-122.44539","144654","37.64097-122.44539","Valleyview &amp; Appian Way",-122.44539,37.64097,114.9096,"US",NA,NA,"UTC"
"14473837.22975-121.97713","144738","37.22975-121.97713","Chester St.",-121.97713,37.22975,109.1184,"US",NA,NA,"UTC"
"14482437.72396-122.47552","144824","37.72396-122.47552","Trailer",-122.47552,37.72396,39.0144,"US",NA,NA,"UTC"
"14486234.489-120.04","144862","34.489-120.04","LFC SBCAPCD_65",-120.04,34.489,178.308,"US",NA,NA,"UTC"
"14487234.41313-119.45","144872","34.41313-119.45","Carp Monitoring SBCAPCD_08",-119.45,34.41313,183.7944,"US",NA,NA,"UTC"
"14502639.81304-120.46906","145026","39.81304-120.46906","Ponderosa Ave  Portola Ca",-120.46906,39.81304,1498.092,"US",NA,NA,"UTC"
"14533237.35744-121.99364","145332","37.35744-121.99364","santa clara",-121.99364,37.35744,25.2984,"US",NA,NA,"UTC"
"14571039.81559-120.47553","145710","39.81559-120.47553","West St",-120.47553,39.81559,1515.7704,"US",NA,NA,"UTC"
"14578036.79963-120.43158","145780","36.79963-120.43158","UCM-228d",-120.43158,36.79963,50.5968,"US",NA,NA,"UTC"
"14592437.49703-121.90754","145924","37.49703-121.90754","RHiguera",-121.90754,37.49703,99.9744,"US",NA,NA,"UTC"
"14601433.82518-118.31842","146014","33.82518-118.31842","Plaza Del Amo and Washington",-118.31842,33.82518,22.2504,"US",NA,NA,"UTC"
"14613037.93238-121.24963","146130","37.93238-121.24963","ucm-f792",-121.24963,37.93238,7.3152,"US",NA,NA,"UTC"
"14634837.50365-122.30241","146348","37.50365-122.30241","Belmont Heights and Belmont Open Space",-122.30241,37.50365,166.4208,"US",NA,NA,"UTC"
"14637433.49048-117.72531","146374","33.49048-117.72531","Ponderosa heights",-117.72531,33.49048,109.1184,"US",NA,NA,"UTC"
"14650837.5549-122.30778","146508","37.5549-122.30778","Station Park Cir. San Mateo CA",-122.30778,37.5549,3.048,"US",NA,NA,"UTC"
"14658439.27925-121.11321","146584","39.27925-121.11321","Yuba Crest",-121.11321,39.27925,670.2552,"US",NA,NA,"UTC"
"14659237.3485-121.89503","146592","37.3485-121.89503","Jackson St Colo",-121.89503,37.3485,20.7264,"US",NA,NA,"UTC"
"14668036.19898-119.3184","146680","36.19898-119.3184","743 S. MARK ST. TULARE CA",-119.3184,36.19898,85.344,"US",NA,NA,"UTC"
"14668638.89561-119.73099","146686","38.89561-119.73099","Papa &amp; Kiki",-119.73099,38.89561,1486.8144,"US",NA,NA,"UTC"
"14669038.39772-122.74844","146690","38.39772-122.74844","4-Acre Farm",-122.74844,38.39772,31.3944,"US",NA,NA,"UTC"
"14675237.37052-122.04724","146752","37.37052-122.04724","Home",-122.04724,37.37052,42.672,"US",NA,NA,"UTC"
"14686640.31929-122.80507","146866","40.31929-122.80507","R Wild Horse Ranch",-122.80507,40.31929,542.544,"US",NA,NA,"UTC"
"14688235.26419-120.70959","146882","35.26419-120.70959","VLV Air",-120.70959,35.26419,95.7072,"US",NA,NA,"UTC"
"14691038.1373-122.2322","146910","38.1373-122.2322","Penguin Passage",-122.2322,38.1373,29.8704,"US",NA,NA,"UTC"
"14695838.14015-122.23724","146958","38.14015-122.23724","Tava's Jungleland",-122.23724,38.14015,35.9664,"US",NA,NA,"UTC"
"14713034.0447-118.20405","147130","34.0447-118.20405","Boyle Heights Arts Conservatory",-118.20405,34.0447,103.3272,"US",NA,NA,"UTC"
"14713837.52596-122.51424","147138","37.52596-122.51424","Moss Beach",-122.51424,37.52596,17.9832,"US",NA,NA,"UTC"
"14718038.22701-122.62933","147180","38.22701-122.62933","Bonick\/Shenanno",-122.62933,38.22701,16.1544,"US",NA,NA,"UTC"
"14718238.58244-121.47181","147182","38.58244-121.47181","24th St - Chinatown Alley",-121.47181,38.58244,7.9248,"US",NA,NA,"UTC"
"14718437.85002-122.2925","147184","37.85002-122.2925","PlanArchology Outside",-122.2925,37.85002,8.8392,"US",NA,NA,"UTC"
"14723433.21442-117.02521","147234","33.21442-117.02521","AQI SPY 8",-117.02521,33.21442,410.5656,"US",NA,NA,"UTC"
"14724433.26026-116.99284","147244","33.26026-116.99284","AQI Spy 1",-116.99284,33.26026,559.308,"US",NA,NA,"UTC"
"14725433.23929-117.00558","147254","33.23929-117.00558","AQI SPY 7",-117.00558,33.23929,446.2272,"US",NA,NA,"UTC"
"14728433.19878-116.96868","147284","33.19878-116.96868","AQI SPY 6",-116.96868,33.19878,554.736,"US",NA,NA,"UTC"
"14728638.6089-121.47006","147286","38.6089-121.47006","301 Harding Ave",-121.47006,38.6089,7.62,"US",NA,NA,"UTC"
"14729838.54906-121.43543","147298","38.54906-121.43543","60th &amp; Tahoe - Tahoe Terrace",-121.43543,38.54906,10.9728,"US",NA,NA,"UTC"
"14730638.53361-121.47","147306","38.53361-121.47","Oak Park 21st",-121.47,38.53361,7.62,"US",NA,NA,"UTC"
"14731238.52332-121.51864","147312","38.52332-121.51864","Park3",-121.51864,38.52332,4.8768,"US",NA,NA,"UTC"
"14731433.25954-117.02716","147314","33.25954-117.02716","AQI SPY 9",-117.02716,33.25954,489.8136,"US",NA,NA,"UTC"
"14731833.2313-117.0308","147318","33.2313-117.0308","AQI Spy 4",-117.0308,33.2313,406.6032,"US",NA,NA,"UTC"
"14733038.66357-121.4471","147330","38.66357-121.4471","Robla School",-121.4471,38.66357,12.4968,"US",NA,NA,"UTC"
"14742233.27694-117.03953","147422","33.27694-117.03953","AQI SPY 2",-117.03953,33.27694,460.5528,"US",NA,NA,"UTC"
"14742633.25066-116.98637","147426","33.25066-116.98637","AQI SPY 5",-116.98637,33.25066,505.6632,"US",NA,NA,"UTC"
"14747237.55985-118.74424","147472","37.55985-118.74424","Top of Delta",-118.74424,37.55985,2172.6144,"US",NA,NA,"UTC"
"14749633.28691-116.98685","147496","33.28691-116.98685","AQI SPY 3",-116.98685,33.28691,508.7112,"US",NA,NA,"UTC"
"14755032.76156-117.25147","147550","32.76156-117.25147","STRANDWAY \/ ASBURY",-117.25147,32.76156,3.6576,"US",NA,NA,"UTC"
"14759537.77869-122.28103","147595","37.77869-122.28103","Summer House Apartments 1",-122.28103,37.77869,4.2672,"US",NA,NA,"UTC"
"14766938.80549-121.11425","147669","38.80549-121.11425","Clos Du Lac",-121.11425,38.80549,184.404,"US",NA,NA,"UTC"
"14768137.36563-122.11741","147681","37.36563-122.11741","Deep Well &amp; O\u2019Keefe",-122.11741,37.36563,81.0768,"US",NA,NA,"UTC"
"14772738.14703-120.45499","147727","38.14703-120.45499","Wyldewood",-120.45499,38.14703,704.3928,"US",NA,NA,"UTC"
"14777937.24408-121.96749","147779","37.24408-121.96749","Vasona",-121.96749,37.24408,92.3544,"US",NA,NA,"UTC"
"14782738.56057-121.71815","147827","38.56057-121.71815","Blackburn",-121.71815,38.56057,14.3256,"US",NA,NA,"UTC"
"14790537.36117-122.00734","147905","37.36117-122.00734","Ponderosa",-122.00734,37.36117,29.2608,"US",NA,NA,"UTC"
"14792138.868-121.08737","147921","38.868-121.08737","Vintage Oaks Sunvalley",-121.08737,38.868,352.9584,"US",NA,NA,"UTC"
"14793538.41732-121.4584","147935","38.41732-121.4584","EFN Outside",-121.4584,38.41732,6.7056,"US",NA,NA,"UTC"
"14801139.0053-114.2158","148011","39.0053-114.2158","Great Basin Maintance Yard",-114.2158,39.0053,2059.2288,"US",NA,NA,"UTC"
"14801336.48475-121.15726","148013","36.48475-121.15726","Pinnacles NP- East Entrance",-121.15726,36.48475,341.9856,"US",NA,NA,"UTC"
"14806533.50302-117.68992","148065","33.50302-117.68992","Westgate Cove",-117.68992,33.50302,171.9072,"US",NA,NA,"UTC"
"14807334.04782-118.77464","148073","34.04782-118.77464","Latigo",-118.77464,34.04782,306.6288,"US",NA,NA,"UTC"
"14814139.32439-120.17587","148141","39.32439-120.17587","Winter Creek",-120.17587,39.32439,1799.5392,"US",NA,NA,"UTC"
"14815134.43235-119.63296","148151","34.43235-119.63296","Supervisor Williams and APCD Info",-119.63296,34.43235,42.672,"US",NA,NA,"UTC"
"14815734.94315-119.67641","148157","34.94315-119.67641","SBCAPCD_Info_54",-119.67641,34.94315,665.6832,"US",NA,NA,"UTC"
"14815934.40299-119.51512","148159","34.40299-119.51512","SBCAPCD_50",-119.51512,34.40299,7.0104,"US",NA,NA,"UTC"
"14816534.4429-119.78079","148165","34.4429-119.78079","SBCCAPCD_Info_55",-119.78079,34.4429,28.0416,"US",NA,NA,"UTC"
"14819537.86881-122.1733","148195","37.86881-122.1733","Overhill Orinda",-122.1733,37.86881,184.0992,"US",NA,NA,"UTC"
"14819938.89649-121.12601","148199","38.89649-121.12601","Ophir Elementary PA",-121.12601,38.89649,242.6208,"US",NA,NA,"UTC"
"14821537.86802-122.24495","148215","37.86802-122.24495","162 Panoramic Way",-122.24495,37.86802,187.1472,"US",NA,NA,"UTC"
"14821734.94422-119.69151","148217","34.94422-119.69151","SBCAPCD_Info_52",-119.69151,34.94422,652.5768,"US",NA,NA,"UTC"
"14822534.73975-120.27892","148225","34.73975-120.27892","Olga Reed SBCAPCD_60",-120.27892,34.73975,175.8696,"US",NA,NA,"UTC"
"14822734.6379-120.45749","148227","34.6379-120.45749","SBCAPCD_47",-120.45749,34.6379,32.3088,"US",NA,NA,"UTC"
"14823334.41364-119.69167","148233","34.41364-119.69167","MOXI SBCAPCD_59",-119.69167,34.41364,3.3528,"US",NA,NA,"UTC"
"14823734.70939-120.46477","148237","34.70939-120.46477","SBCAPCD_Info_51",-120.46477,34.70939,114.9096,"US",NA,NA,"UTC"
"14824339.59855-121.61856","148243","39.59855-121.61856","Table Mtn North",-121.61856,39.59855,99.3648,"US",NA,NA,"UTC"
"14825334.42156-119.59708","148253","34.42156-119.59708","SBCAPCD_61",-119.59708,34.42156,37.7952,"US",NA,NA,"UTC"
"14825738.70539-121.0761","148257","38.70539-121.0761","Fairchild Village",-121.0761,38.70539,189.5856,"US",NA,NA,"UTC"
"14829137.42047-122.32415","148291","37.42047-122.32415","Swett Rd",-122.32415,37.42047,654.4056,"US",NA,NA,"UTC"
"14848337.55336-121.97416","148483","37.55336-121.97416","Fremont - Civic Center",-121.97416,37.55336,18.5928,"US",NA,NA,"UTC"
"14850338.34935-120.77657","148503","38.34935-120.77657","Hoffman Hill Outside",-120.77657,38.34935,401.7264,"US",NA,NA,"UTC"
"14854734.10441-118.10508","148547","34.10441-118.10508","SG1",-118.10508,34.10441,139.9032,"US",NA,NA,"UTC"
"14858537.72273-122.062","148585","37.72273-122.062","Whispering Pine",-122.062,37.72273,213.0552,"US",NA,NA,"UTC"
"14861137.34794-121.92802","148611","37.34794-121.92802","Dahlia Loop",-121.92802,37.34794,20.1168,"US",NA,NA,"UTC"
"14863537.58643-122.35505","148635","37.58643-122.35505","908 Linden",-122.35505,37.58643,3.9624,"US",NA,NA,"UTC"
"14863937.86043-122.26038","148639","37.86043-122.26038","Home outside",-122.26038,37.86043,62.484,"US",NA,NA,"UTC"
"14864334.49636-118.32619","148643","34.49636-118.32619","Darling Rd (Ague Dulce)",-118.32619,34.49636,773.8872,"US",NA,NA,"UTC"
"14867137.5261-122.31038","148671","37.5261-122.31038","Kingridge 2",-122.31038,37.5261,62.484,"US",NA,NA,"UTC"
"14869938.39041-120.80846","148699","38.39041-120.80846","David Dr Sutter Creek",-120.80846,38.39041,397.4592,"US",NA,NA,"UTC"
"14884940.107-122.10779","148849","40.107-122.10779","CARB_SMOKE_TCAPCD_LASSENVIEW",-122.10779,40.107,73.4568,"US",NA,NA,"UTC"
"14887539.15633-119.81242","148875","39.15633-119.81242","BnTRanch Lawnmower Shed",-119.81242,39.15633,1610.5632,"US",NA,NA,"UTC"
"14889940.68486-122.02377","148899","40.68486-122.02377","SHASTAAQMD_ARB#1_OAK RUN ELEMENTARY",-122.02377,40.68486,495.9096,"US",NA,NA,"UTC"
"14890340.15747-122.21828","148903","40.15747-122.21828","CARB_SMOKE_TCAPCD_SHASTACOLLEGE",-122.21828,40.15747,90.2208,"US",NA,NA,"UTC"
"14891938.35181-120.93392","148919","38.35181-120.93392","Ione Fire Department",-120.93392,38.35181,90.2208,"US",NA,NA,"UTC"
"14896538.29048-122.50521","148965","38.29048-122.50521","Carriger and Solano",-122.50521,38.29048,57.912,"US",NA,NA,"UTC"
"14899340.02776-122.09598","148993","40.02776-122.09598","CARB_SMOKE_TCAPCD_LOS_MO_VFW",-122.09598,40.02776,72.5424,"US",NA,NA,"UTC"
"14899540.34736-121.6108","148995","40.34736-121.6108","CARB_SMOKE_TCAPCD_LVNP_MINERAL",-121.6108,40.34736,1488.948,"US",NA,NA,"UTC"
"14900939.92132-122.44759","149009","39.92132-122.44759","CARB_SMOKE_TCAPCD_FLOURNOYELEMENTARY",-122.44759,39.92132,181.0512,"US",NA,NA,"UTC"
"14901540.15571-122.35515","149015","40.15571-122.35515","CARB_SMOKE_TCAPCD_REEDSCREEKELEMENTARY",-122.35515,40.15571,137.7696,"US",NA,NA,"UTC"
"14901740.02533-122.0948","149017","40.02533-122.0948","CARB_SMOKE_TCAPCD_LOS_MO_HS",-122.0948,40.02533,71.0184,"US",NA,NA,"UTC"
"14902140.06949-122.18034","149021","40.06949-122.18034","CARB_SMOKE_TCAPCD_GERBER_SCHOOL",-122.18034,40.06949,80.1624,"US",NA,NA,"UTC"
"14902339.93506-122.05317","149023","39.93506-122.05317","CARB_SMOKE_TCAPCD_VINA_ELEM",-122.05317,39.93506,63.0936,"US",NA,NA,"UTC"
"14902939.85676-122.16309","149029","39.85676-122.16309","CARB_SMOKE_TCAPCD_KIRKWOODELEMENTARY",-122.16309,39.85676,68.8848,"US",NA,NA,"UTC"
"14903338.34887-120.93436","149033","38.34887-120.93436","Ione Junior High",-120.93436,38.34887,92.3544,"US",NA,NA,"UTC"
"14903540.01876-122.39309","149035","40.01876-122.39309","CARB_SMOKE_TCAPCD_RANCHOTEHAMAELEMENTARY",-122.39309,40.01876,160.02,"US",NA,NA,"UTC"
"14905040.50514-122.33192","149050","40.50514-122.33192","SHASTAAQMD_ARB#_PACHECO SCHOOL",-122.33192,40.50514,135.3312,"US",NA,NA,"UTC"
"14915640.84346-121.92067","149156","40.84346-121.92067","SHASTAAQMD_ARB#8_MONTGOMERY CREEK ELEMENTARY",-121.92067,40.84346,668.4264,"US",NA,NA,"UTC"
"14916438.35567-120.79286","149164","38.35567-120.79286","Argonaut High School",-120.79286,38.35567,467.5632,"US",NA,NA,"UTC"
"14928640.78624-124.0824","149286","40.78624-124.0824","NC#160_Freshwater_Freshwater ES",-124.0824,40.78624,8.5344,"US",NA,NA,"UTC"
"14928839.97443-122.14508","149288","39.97443-122.14508","CARB_SMOKE_TCAPCD_RICHFIELD_ELEM",-122.14508,39.97443,75.2856,"US",NA,NA,"UTC"
"14929038.39832-120.81171","149290","38.39832-120.81171","Amador High",-120.81171,38.39832,392.2776,"US",NA,NA,"UTC"
"14930040.80831-121.94031","149300","40.80831-121.94031","SHASTAAQMD_ARB#8_MONTGOMERY CREEK FIRE STATION71",-121.94031,40.80831,655.0152,"US",NA,NA,"UTC"
"14931838.36453-122.52415","149318","38.36453-122.52415","Brazen Estates",-122.52415,38.36453,78.0288,"US",NA,NA,"UTC"
"14932840.68494-122.0259","149328","40.68494-122.0259","SHASTAAQMD_ARB#11_OAKRUNSTORE",-122.0259,40.68494,483.108,"US",NA,NA,"UTC"
"14933040.6386-122.23195","149330","40.6386-122.23195","SHASTAAQMD_ARB#4_BELLA VISTA ELEMENTARY",-122.23195,40.6386,163.6776,"US",NA,NA,"UTC"
"14933640.88208-121.6675","149336","40.88208-121.6675","SHASTAAQMD_ARB#12_BURNEY FIRE STATION",-121.6675,40.88208,953.1096,"US",NA,NA,"UTC"
"14936838.48075-120.84836","149368","38.48075-120.84836","AAD_Taste",-120.84836,38.48075,327.0504,"US",NA,NA,"UTC"
"14937438.03081-120.41663","149374","38.03081-120.41663","TCAPCD",-120.41663,38.03081,635.8128,"US",NA,NA,"UTC"
"14938638.41323-120.65344","149386","38.41323-120.65344","Pine Grove Elementary",-120.65344,38.41323,773.2776,"US",NA,NA,"UTC"
"14940036.97487-122.04896","149400","36.97487-122.04896","Iowa Drive",-122.04896,36.97487,79.5528,"US",NA,NA,"UTC"
"14940237.79257-122.43877","149402","37.79257-122.43877","Pacific Exterior",-122.43877,37.79257,82.9056,"US",NA,NA,"UTC"
"14940638.39521-120.80067","149406","38.39521-120.80067","Sutter Creek Primary School",-120.80067,38.39521,374.2944,"US",NA,NA,"UTC"
"14957838.47996-120.85252","149578","38.47996-120.85252","Plymouth Elementary",-120.85252,38.47996,319.4304,"US",NA,NA,"UTC"
"14958040.72613-123.94448","149580","40.72613-123.94448","NC#161_Kneeland_Kneeland ES",-123.94448,40.72613,832.7136,"US",NA,NA,"UTC"
"14958438.79522-122.54349","149584","38.79522-122.54349","DonkeyHillRes",-122.54349,38.79522,340.1568,"US",NA,NA,"UTC"
"14959040.58035-124.26024","149590","40.58035-124.26024","#154",-124.26024,40.58035,13.716,"US",NA,NA,"UTC"
"14959440.58675-124.13747","149594","40.58675-124.13747","NC#157_Fortuna",-124.13747,40.58675,18.8976,"US",NA,NA,"UTC"
"14960038.37756-120.80901","149600","38.37756-120.80901","Independence High",-120.80901,38.37756,463.9056,"US",NA,NA,"UTC"
"14960440.73247-124.14658","149604","40.73247-124.14658","NC#150_Cutten_RidgewoodES",-124.14658,40.73247,131.3688,"US",NA,NA,"UTC"
"14960640.48173-124.10077","149606","40.48173-124.10077","NC#149_Scotia_ScotiaES",-124.10077,40.48173,65.532,"US",NA,NA,"UTC"
"14961440.95639-124.03423","149614","40.95639-124.03423","NC#159_Fieldbrook_Fieldbrook ES",-124.03423,40.95639,53.9496,"US",NA,NA,"UTC"
"14963241.95181-124.201","149632","41.95181-124.201","NC#151_Smith River_Tolowa Dee-ni' Nation_Lucky7",-124.201,41.95181,31.3944,"US",NA,NA,"UTC"
"14963438.79845-121.35601","149634","38.79845-121.35601","Chuckwagon",-121.35601,38.79845,28.956,"US",NA,NA,"UTC"
"14963840.67684-121.42763","149638","40.67684-121.42763","SHASTAAQMD_ARB#7_Old Station",-121.42763,40.67684,1332.8904,"US",NA,NA,"UTC"
"14964440.4958-124.10382","149644","40.4958-124.10382","#155",-124.10382,40.4958,41.4528,"US",NA,NA,"UTC"
"14972233.99702-118.38485","149722","33.99702-118.38485","SNAPS_64_d2_40",-118.38485,33.99702,71.3232,"US",NA,NA,"UTC"
"14972834.01458-118.36157","149728","34.01458-118.36157","SNAPS_DF_80_67",-118.36157,34.01458,60.96,"US",NA,NA,"UTC"
"14973234.00797-118.35262","149732","34.00797-118.35262","SNAPS_df_82_ca",-118.35262,34.00797,101.1936,"US",NA,NA,"UTC"
"14975434.01772-118.37116","149754","34.01772-118.37116","SNAPS_DC_C7_AD",-118.37116,34.01772,54.2544,"US",NA,NA,"UTC"
"14975634.0059-118.385","149756","34.0059-118.385","SNAPS_df_82_c8",-118.385,34.0059,40.5384,"US",NA,NA,"UTC"
"14975834.00578-118.36275","149758","34.00578-118.36275","SNAPS_f1_d5_d0",-118.36275,34.00578,151.1808,"US",NA,NA,"UTC"
"14976034.02119-118.36083","149760","34.02119-118.36083","SNAPS_dc_cc_11",-118.36083,34.02119,32.3088,"US",NA,NA,"UTC"
"14978838.7283-121.31493","149788","38.7283-121.31493","PCAPCD_MARCH_ROAD-2",-121.31493,38.7283,41.7576,"US",NA,NA,"UTC"
"14981238.72832-121.31493","149812","38.72832-121.31493","PCAPCD_MARCH_ROAD",-121.31493,38.72832,41.7576,"US",NA,NA,"UTC"
"14982239.19894-120.23976","149822","39.19894-120.23976","PCAPCD_CREEKSIDE",-120.23976,39.19894,1896.1608,"US",NA,NA,"UTC"
"14983240.8082-124.0845","149832","40.8082-124.0845","#153",-124.0845,40.8082,7.9248,"US",NA,NA,"UTC"
"14983638.71154-121.31434","149836","38.71154-121.31434","PCAPCD_RAMBLEWOOD_WAY",-121.31434,38.71154,50.9016,"US",NA,NA,"UTC"
"14996038.72255-120.79131","149960","38.72255-120.79131","CD RVN DWNTWN",-120.79131,38.72255,605.9424,"US",NA,NA,"UTC"
"14997837.94104-122.34438","149978","37.94104-122.34438","Sarah GWR",-122.34438,37.94104,18.5928,"US",NA,NA,"UTC"
"15002034.09314-118.27378","150020","34.09314-118.27378","Deck",-118.27378,34.09314,166.4208,"US",NA,NA,"UTC"
"15007237.96415-122.57185","150072","37.96415-122.57185","41 Upper Road",-122.57185,37.96415,69.1896,"US",NA,NA,"UTC"
"15066439.48506-119.85751","150664","39.48506-119.85751","Caughlin Ranch - Deerfield",-119.85751,39.48506,1577.6448,"US",NA,NA,"UTC"
"15070038.44755-122.8643","150700","38.44755-122.8643","Green Valley Rd (East)",-122.8643,38.44755,75.5904,"US",NA,NA,"UTC"
"15070638.94497-121.14869","150706","38.94497-121.14869","Auburn  Ca",-121.14869,38.94497,348.996,"US",NA,NA,"UTC"
"15072238.71284-119.65321","150722","38.71284-119.65321","Aspen seep",-119.65321,38.71284,2141.8296,"US",NA,NA,"UTC"
"15073637.97539-121.77982","150736","37.97539-121.77982","Covelite &amp; WT",-121.77982,37.97539,56.0832,"US",NA,NA,"UTC"
"15074438.76052-120.53702","150744","38.76052-120.53702","Freshpond Outdoor",-120.53702,38.76052,1150.3152,"US",NA,NA,"UTC"
"15078238.00575-120.33619","150782","38.00575-120.33619","Sonora_Apple_Valley",-120.33619,38.00575,793.6992,"US",NA,NA,"UTC"
"15078838.85846-120.03905","150788","38.85846-120.03905","Front Porch",-120.03905,38.85846,1999.488,"US",NA,NA,"UTC"
"15079240.31786-121.23467","150792","40.31786-121.23467","Martin Ranch",-121.23467,40.31786,1382.8776,"US",NA,NA,"UTC"
"15079437.56995-119.84929","150794","37.56995-119.84929","MAH",-119.84929,37.56995,1126.5408,"US",NA,NA,"UTC"
"15079638.63016-121.11674","150796","38.63016-121.11674","Folsom Ranch - Encore",-121.11674,38.63016,115.5192,"US",NA,NA,"UTC"
"15081437.8289-122.2721","150814","37.8289-122.2721","Apgar Longfellow Outdoor",-122.2721,37.8289,20.1168,"US",NA,NA,"UTC"
"15082437.03293-122.00651","150824","37.03293-122.00651","Burl Road",-122.00651,37.03293,177.3936,"US",NA,NA,"UTC"
"15083239.23827-120.04177","150832","39.23827-120.04177","Tahoe Vista",-120.04177,39.23827,1901.0376,"US",NA,NA,"UTC"
"15083637.85535-122.22114","150836","37.85535-122.22114","I only wanted to see you laughing in the purple air",-122.22114,37.85535,225.2472,"US",NA,NA,"UTC"
"15087839.48754-118.75845","150878","39.48754-118.75845","WSMART099",-118.75845,39.48754,1214.0184,"US",NA,NA,"UTC"
"15088241.98019-122.32548","150882","41.98019-122.32548","Coco Lake DV1",-122.32548,41.98019,809.5488,"US",NA,NA,"UTC"
"15088441.96527-122.26311","150884","41.96527-122.26311","Copco Community Center",-122.26311,41.96527,797.6616,"US",NA,NA,"UTC"
"15091839.47693-121.54736","150918","39.47693-121.54736","Enterprise Rancheria WSMART065",-121.54736,39.47693,93.2688,"US",NA,NA,"UTC"
"15095639.46563-121.51261","150956","39.46563-121.51261","Forestry building South East",-121.51261,39.46563,102.4128,"US",NA,NA,"UTC"
"15096239.46667-121.52222","150962","39.46667-121.52222","Fiscal Annex",-121.52222,39.46667,89.6112,"US",NA,NA,"UTC"
"15097238.84125-120.01974","150972","38.84125-120.01974","Colusa",-120.01974,38.84125,1943.4048,"US",NA,NA,"UTC"
"15102637.16738-118.28991","151026","37.16738-118.28991","GBUAPCD_BPFireDept",-118.28991,37.16738,1215.2376,"US",NA,NA,"UTC"
"15103038.69373-121.0272","151030","38.69373-121.0272","TheRanchEast",-121.0272,38.69373,343.2048,"US",NA,NA,"UTC"
"15104038.00594-121.78104","151040","38.00594-121.78104","Trembath",-121.78104,38.00594,12.8016,"US",NA,NA,"UTC"
"15104436.28128-118.01176","151044","36.28128-118.01176","GBUAPCD_Olancha2024",-118.01176,36.28128,1116.7872,"US",NA,NA,"UTC"
"15105438.75298-120.79507","151054","38.75298-120.79507","Wild Goose",-120.79507,38.75298,610.2096,"US",NA,NA,"UTC"
"15106638.58506-121.35153","151066","38.58506-121.35153","Jesuit High School",-121.35153,38.58506,16.4592,"US",NA,NA,"UTC"
"15107237.23918-118.59457","151072","37.23918-118.59457","GBUAPCD_Aspendell_Manzanita",-118.59457,37.23918,2569.464,"US",NA,NA,"UTC"
"15107636.60541-118.06282","151076","36.60541-118.06282","GBUAPCD_LonePineDowntown2024",-118.06282,36.60541,1139.3424,"US",NA,NA,"UTC"
"15109038.80242-121.35577","151090","38.80242-121.35577","boyle2-95747",-121.35577,38.80242,35.3568,"US",NA,NA,"UTC"
"15109437.9728-122.00394","151094","37.9728-122.00394","Chestnut\/Farm Bureau",-122.00394,37.9728,46.3296,"US",NA,NA,"UTC"
"15113038.70666-119.66226","151130","38.70666-119.66226","Leviathan break trailer",-119.66226,38.70666,2107.3872,"US",NA,NA,"UTC"
"15115637.81168-119.94076","151156","37.81168-119.94076","Yosemite Lakes",-119.94076,37.81168,1066.4952,"US",NA,NA,"UTC"
"15118436.60425-118.73213","151184","36.60425-118.73213","Lodgepole Visitor Center",-118.73213,36.60425,2042.16,"US",NA,NA,"UTC"
"15119238.57274-121.44761","151192","38.57274-121.44761","F St Alley",-121.44761,38.57274,10.0584,"US",NA,NA,"UTC"
"15122038.00866-121.95772","151220","38.00866-121.95772","Vista Del Mar  Pittsburg  CA",-121.95772,38.00866,113.3856,"US",NA,NA,"UTC"
"15126837.30335-122.0622","151268","37.30335-122.0622","Monta Vista South Lindy Ln",-122.0622,37.30335,231.648,"US",NA,NA,"UTC"
"15131238.84352-120.0596","151312","38.84352-120.0596","Echo",-120.0596,38.84352,2263.14,"US",NA,NA,"UTC"
"15138237.97934-121.84283","151382","37.97934-121.84283","Mira Vista Hills",-121.84283,37.97934,99.3648,"US",NA,NA,"UTC"
"15139834.08929-117.71362","151398","34.08929-117.71362","South Claremont",-117.71362,34.08929,338.0232,"US",NA,NA,"UTC"
"15148438.49665-121.55138","151484","38.49665-121.55138","Black River Ct",-121.55138,38.49665,1.8288,"US",NA,NA,"UTC"
"15153036.91161-121.3512","151530","36.91161-121.3512","McMahon Road Ranch",-121.3512,36.91161,88.0872,"US",NA,NA,"UTC"
"15158436.2805-118.01216","151584","36.2805-118.01216","GBUAPCD_Olancha",-118.01216,36.2805,1117.3968,"US",NA,NA,"UTC"
"15158637.41153-122.11022","151586","37.41153-122.11022","Ferne Ave by USPS Mailbox",-122.11022,37.41153,9.7536,"US",NA,NA,"UTC"
"15159037.36079-118.39397","151590","37.36079-118.39397","GBUAPCD_Bishop",-118.39397,37.36079,1261.872,"US",NA,NA,"UTC"
"15159638.91617-120.01296","151596","38.91617-120.01296","South Lake Tahoe",-120.01296,38.91617,1921.1544,"US",NA,NA,"UTC"
"15160837.56718-118.74177","151608","37.56718-118.74177","GBUAPCD_CrowleyCC2023",-118.74177,37.56718,2108.3016,"US",NA,NA,"UTC"
"15161038.46439-122.88845","151610","38.46439-122.88845","Ross Branch Rd",-122.88845,38.46439,50.292,"US",NA,NA,"UTC"
"15168239.19175-120.11023","151682","39.19175-120.11023","Fabian Oasis",-120.11023,39.19175,1970.2272,"US",NA,NA,"UTC"
"15175033.94497-118.12566","151750","33.94497-118.12566","Brookshire Ave",-118.12566,33.94497,39.3192,"US",NA,NA,"UTC"
"15175838.53841-121.57657","151758","38.53841-121.57657","Long Island Southport",-121.57657,38.53841,5.1816,"US",NA,NA,"UTC"
"15177237.74532-122.41916","151772","37.74532-122.41916","Fair Enough",-122.41916,37.74532,30.1752,"US",NA,NA,"UTC"
"15180433.22898-116.97089","151804","33.22898-116.97089","AQI Spy 10",-116.97089,33.22898,472.1352,"US",NA,NA,"UTC"
"15189638.33992-122.44373","151896","38.33992-122.44373","KV",-122.44373,38.33992,310.896,"US",NA,NA,"UTC"
"15191034.0263-118.51582","151910","34.0263-118.51582","Beach Club",-118.51582,34.0263,5.7912,"US",NA,NA,"UTC"
"15192838.45379-122.34448","151928","38.45379-122.34448","ORV",-122.34448,38.45379,280.1112,"US",NA,NA,"UTC"
"15193239.13873-120.95978","151932","39.13873-120.95978","Orchard Springs",-120.95978,39.13873,705.612,"US",NA,NA,"UTC"
"15195839.34269-120.25074","151958","39.34269-120.25074","Northwoods",-120.25074,39.34269,2021.7384,"US",NA,NA,"UTC"
"15196638.43516-122.5622","151966","38.43516-122.5622","Graywood Ranch",-122.5622,38.43516,159.1056,"US",NA,NA,"UTC"
"15203837.85703-122.23002","152038","37.85703-122.23002","Grand View",-122.23002,37.85703,271.8816,"US",NA,NA,"UTC"
"15204438.99775-119.15838","152044","38.99775-119.15838","WBC - Mason Valley",-119.15838,38.99775,1335.9384,"US",NA,NA,"UTC"
"15204838.89929-120.05471","152048","38.89929-120.05471","Bon Temps",-120.05471,38.89929,1956.5112,"US",NA,NA,"UTC"
"15205439.2223-120.20418","152054","39.2223-120.20418","Silver Creek",-120.20418,39.2223,1868.1192,"US",NA,NA,"UTC"
"15205638.01288-122.56182","152056","38.01288-122.56182","Winterfell",-122.56182,38.01288,20.7264,"US",NA,NA,"UTC"
"15206239.05761-120.13738","152062","39.05761-120.13738","Tahoma- Chinkapin",-120.13738,39.05761,1981.8096,"US",NA,NA,"UTC"
"15206639.25591-119.96194","152066","39.25591-119.96194","The Village Church",-119.96194,39.25591,2022.348,"US",NA,NA,"UTC"
"15206837.90673-122.30844","152068","37.90673-122.30844","Panama Outdoors",-122.30844,37.90673,11.5824,"US",NA,NA,"UTC"
"15209239.52714-119.79054","152092","39.52714-119.79054","Urban Roots Teaching Farm",-119.79054,39.52714,1357.5792,"US",NA,NA,"UTC"
"15209638.83753-121.24953","152096","38.83753-121.24953","yoyo_home",-121.24953,38.83753,95.4024,"US",NA,NA,"UTC"
"15210639.18431-119.78568","152106","39.18431-119.78568","AQI 39.18-119.78",-119.78568,39.18431,1468.2216,"US",NA,NA,"UTC"
"15210838.38489-122.86499","152108","38.38489-122.86499","Littorai",-122.86499,38.38489,145.0848,"US",NA,NA,"UTC"
"15211837.88338-119.85664","152118","37.88338-119.85664","Mather Family Camp",-119.85664,37.88338,1378.6104,"US",NA,NA,"UTC"
"15221637.9286-122.38649","152216","37.9286-122.38649","GWR Office",-122.38649,37.9286,4.8768,"US",NA,NA,"UTC"
"15222033.0695-116.79252","152220","33.0695-116.79252","Oakana",-116.79252,33.0695,742.4928,"US",NA,NA,"UTC"
"15225437.93226-122.37145","152254","37.93226-122.37145","154 collins GWR",-122.37145,37.93226,3.3528,"US",NA,NA,"UTC"
"15226240.14082-120.94517","152262","40.14082-120.94517","GES PurpleAir Sensor",-120.94517,40.14082,1089.3552,"US",NA,NA,"UTC"
"15226638.95484-119.78028","152266","38.95484-119.78028","Carson Valley Swim Center",-119.78028,38.95484,1434.9984,"US",NA,NA,"UTC"
"15229640.14082-120.94517","152296","40.14082-120.94517","GHS PurpleAir Sensor",-120.94517,40.14082,1089.3552,"US",NA,NA,"UTC"
"15255237.84734-120.15866","152552","37.84734-120.15866","YoseCabin",-120.15866,37.84734,938.784,"US",NA,NA,"UTC"
"15266637.27031-121.99944","152666","37.27031-121.99944","Mojodojocasahouse",-121.99944,37.27031,93.2688,"US",NA,NA,"UTC"
"15293032.51249-114.91872","152930","32.51249-114.91872","AYUNTAMIENTO DE MEXICALI - DELEGACI\u00D3N HERMOSILLO",-114.91872,32.51249,23.7744,"US",NA,NA,"UTC"
"15296237.09202-121.99728","152962","37.09202-121.99728","Skyote Mountain",-121.99728,37.09202,453.2376,"US",NA,NA,"UTC"
"15297839.23637-119.93112","152978","39.23637-119.93112","Mayhew",-119.93112,39.23637,1915.9728,"US",NA,NA,"UTC"
"15347237.83335-122.28808","153472","37.83335-122.28808","Coop",-122.28808,37.83335,6.4008,"US",NA,NA,"UTC"
"15353037.31857-121.96656","153530","37.31857-121.96656","Boynton Ave  San Jose",-121.96656,37.31857,42.3672,"US",NA,NA,"UTC"
"15358839.50364-119.8297","153588","39.50364-119.8297","Pineridge at Whiteridge Cir",-119.8297,39.50364,1406.9568,"US",NA,NA,"UTC"
"15365040.13018-122.18614","153650","40.13018-122.18614","Windows",-122.18614,40.13018,83.82,"US",NA,NA,"UTC"
"15366837.89514-122.26708","153668","37.89514-122.26708","Cragmont",-122.26708,37.89514,207.8736,"US",NA,NA,"UTC"
"15374039.1024-119.78658","153740","39.1024-119.78658","GRNACJV",-119.78658,39.1024,1479.4992,"US",NA,NA,"UTC"
"15391237.97194-122.57046","153912","37.97194-122.57046","Melville",-122.57046,37.97194,51.5112,"US",NA,NA,"UTC"
"15391640.59127-122.42866","153916","40.59127-122.42866","Cal Bear",-122.42866,40.59127,220.98,"US",NA,NA,"UTC"
"15395237.77925-122.15403","153952","37.77925-122.15403","Ridgemont",-122.15403,37.77925,282.2448,"US",NA,NA,"UTC"
"15397137.49579-122.45797","153971","37.49579-122.45797","FHMiramar",-122.45797,37.49579,16.1544,"US",NA,NA,"UTC"
"15397538.335-122.43139","153975","38.335-122.43139","Moon Hollow.",-122.43139,38.335,386.7912,"US",NA,NA,"UTC"
"15399539.3534-120.1757","153995","39.3534-120.1757","Gray's Crossing Bluffs",-120.1757,39.3534,1862.9376,"US",NA,NA,"UTC"
"15400737.55535-122.31351","154007","37.55535-122.31351","15th Avenue",-122.31351,37.55535,4.8768,"US",NA,NA,"UTC"
"15417137.327-121.97604","154171","37.327-121.97604","PurpleAir",-121.97604,37.327,40.8432,"US",NA,NA,"UTC"
"15418934.2028-118.12691","154189","34.2028-118.12691","Casa de Canyon de Las Flores",-118.12691,34.2028,542.8488,"US",NA,NA,"UTC"
"15420337.96241-122.30322","154203","37.96241-122.30322","WCCS Main Building",-122.30322,37.96241,75.5904,"US",NA,NA,"UTC"
"15420940.29729-124.30437","154209","40.29729-124.30437","MSG",-124.30437,40.29729,21.9456,"US",NA,NA,"UTC"
"15422333.90453-117.8394","154223","33.90453-117.8394","Near LA Fitness",-117.8394,33.90453,119.1768,"US",NA,NA,"UTC"
"15423140.78003-119.2012","154231","40.78003-119.2012","Burners Without Borders",-119.2012,40.78003,1186.8912,"US",NA,NA,"UTC"
"15423737.70737-119.98413","154237","37.70737-119.98413","Kowana Valley",-119.98413,37.70737,801.3192,"US",NA,NA,"UTC"
"15424739.35812-119.63593","154247","39.35812-119.63593","VC Highlands",-119.63593,39.35812,2027.2248,"US",NA,NA,"UTC"
"15427537.83772-122.25011","154275","37.83772-122.25011","Broadway at College",-122.25011,37.83772,55.1688,"US",NA,NA,"UTC"
"15428939.23973-119.93269","154289","39.23973-119.93269","Mill Creek Center",-119.93269,39.23973,1938.528,"US",NA,NA,"UTC"
"15429733.90122-118.41166","154297","33.90122-118.41166","Manhattan Beach Tree Section",-118.41166,33.90122,29.8704,"US",NA,NA,"UTC"
"15430538.7156-121.41504","154305","38.7156-121.41504","VA Outside",-121.41504,38.7156,24.9936,"US",NA,NA,"UTC"
"15433139.0345-119.95021","154331","39.0345-119.95021","Lower Lakeridge",-119.95021,39.0345,1909.2672,"US",NA,NA,"UTC"
"15434540.57423-122.43199","154345","40.57423-122.43199","Near Mary Lake",-122.43199,40.57423,224.028,"US",NA,NA,"UTC"
"15435338.80746-121.21957","154353","38.80746-121.21957","The Park at Fenway Cir",-121.21957,38.80746,94.7928,"US",NA,NA,"UTC"
"15436738.92125-121.22139","154367","38.92125-121.22139","N forty road",-121.22139,38.92125,121.3104,"US",NA,NA,"UTC"
"15437733.79391-116.96797","154377","33.79391-116.96797","SJUSD-SJHS-Pool",-116.96797,33.79391,467.868,"US",NA,NA,"UTC"
"15439333.78646-117.01324","154393","33.78646-117.01324","SJUSD-Cope",-117.01324,33.78646,459.3336,"US",NA,NA,"UTC"
"15443740.46502-121.88298","154437","40.46502-121.88298","ShingletownCCB",-121.88298,40.46502,813.816,"US",NA,NA,"UTC"
"15444137.83244-122.0257","154441","37.83244-122.0257","Home",-122.0257,37.83244,113.6904,"US",NA,NA,"UTC"
"15445341.02548-122.93621","154453","41.02548-122.93621","Section 31",-122.93621,41.02548,1613.916,"US",NA,NA,"UTC"
"15445940.938-123.61946","154459","40.938-123.61946","Willow Creek  California",-123.61946,40.938,152.7048,"US",NA,NA,"UTC"
"15446540.47508-123.7013","154465","40.47508-123.7013","McClellan Stud",-123.7013,40.47508,812.5968,"US",NA,NA,"UTC"
"15447538.46798-122.65532","154475","38.46798-122.65532","Dieter",-122.65532,38.46798,89.0016,"US",NA,NA,"UTC"
"15449737.84454-122.01389","154497","37.84454-122.01389","Alamo Springs",-122.01389,37.84454,168.5544,"US",NA,NA,"UTC"
"15452340.71874-123.06027","154523","40.71874-123.06027","1.6mile",-123.06027,40.71874,624.84,"US",NA,NA,"UTC"
"15457338.15711-122.4527","154573","38.15711-122.4527","Sonoma Raceway",-122.4527,38.15711,18.8976,"US",NA,NA,"UTC"
"15459939.2572-119.95759","154599","39.2572-119.95759","Incline High",-119.95759,39.2572,2028.1392,"US",NA,NA,"UTC"
"15462537.77372-122.18639","154625","37.77372-122.18639","Rosie's House",-122.18639,37.77372,24.6888,"US",NA,NA,"UTC"
"15462941.41249-122.39078","154629","41.41249-122.39078","College of the Siskiyous",-122.39078,41.41249,1091.184,"US",NA,NA,"UTC"
"15463538.02309-120.59065","154635","38.02309-120.59065","FowlerTWR",-120.59065,38.02309,859.2312,"US",NA,NA,"UTC"
"15466338.79567-120.94298","154663","38.79567-120.94298","Arrowbee",-120.94298,38.79567,428.8536,"US",NA,NA,"UTC"
"15467338.72148-121.21549","154673","38.72148-121.21549","Private Home",-121.21549,38.72148,71.9328,"US",NA,NA,"UTC"
"15467537.94704-122.31529","154675","37.94704-122.31529","Bernhard",-122.31529,37.94704,110.3376,"US",NA,NA,"UTC"
"15468137.93577-122.07577","154681","37.93577-122.07577","POETS CORNER",-122.07577,37.93577,25.2984,"US",NA,NA,"UTC"
"15468339.68977-119.90899","154683","39.68977-119.90899","Silly J air",-119.90899,39.68977,1556.6136,"US",NA,NA,"UTC"
"15470539.56622-119.72774","154705","39.56622-119.72774","Vintage Hills",-119.72774,39.56622,1349.3496,"US",NA,NA,"UTC"
"15472138.43908-122.65557","154721","38.43908-122.65557","GHHC",-122.65557,38.43908,78.3336,"US",NA,NA,"UTC"
"15475738.61351-121.26836","154757","38.61351-121.26836","MCC",-121.26836,38.61351,34.7472,"US",NA,NA,"UTC"
"15476339.26951-119.94669","154763","39.26951-119.94669","Divot Ct",-119.94669,39.26951,2124.1512,"US",NA,NA,"UTC"
"15476536.97955-121.9193","154765","36.97955-121.9193","Spruce St  Aptos",-121.9193,36.97955,44.8056,"US",NA,NA,"UTC"
"15477339.16946-120.14328","154773","39.16946-120.14328","Purple Air Tahoe City",-120.14328,39.16946,1908.048,"US",NA,NA,"UTC"
"15478539.22444-121.21054","154785","39.22444-121.21054","WWD",-121.21054,39.22444,443.1792,"US",NA,NA,"UTC"
"15478739.12603-120.16172","154787","39.12603-120.16172","TNL",-120.16172,39.12603,1903.1712,"US",NA,NA,"UTC"
"15480739.28117-121.00848","154807","39.28117-121.00848","15112 Cedar View  Nevada City  CA 95959",-121.00848,39.28117,993.0384,"US",NA,NA,"UTC"
"15481538.40962-122.86744","154815","38.40962-122.86744","Ferguson Rd",-122.86744,38.40962,55.7784,"US",NA,NA,"UTC"
"15483737.75262-121.95844","154837","37.75262-121.95844","Inverness Park",-121.95844,37.75262,132.588,"US",NA,NA,"UTC"
"15484938.96939-121.09572","154849","38.96939-121.09572","Saddleback",-121.09572,38.96939,400.812,"US",NA,NA,"UTC"
"15485933.8194-118.333","154859","33.8194-118.333","Cerise Ave",-118.333,33.8194,25.908,"US",NA,NA,"UTC"
"15486141.41314-122.36688","154861","41.41314-122.36688","Gaia Outside",-122.36688,41.41314,1142.6952,"US",NA,NA,"UTC"
"15488339.53071-119.76263","154883","39.53071-119.76263","Purple Air Reno Sparks",-119.76263,39.53071,1346.6064,"US",NA,NA,"UTC"
"15493133.07538-116.78992","154931","33.07538-116.78992","Lot 27",-116.78992,33.07538,725.424,"US",NA,NA,"UTC"
"15493539.17657-119.71825","154935","39.17657-119.71825","Empire Ranch",-119.71825,39.17657,1407.5664,"US",NA,NA,"UTC"
"15495539.83328-121.67847","154955","39.83328-121.67847","Village Drive",-121.67847,39.83328,662.6352,"US",NA,NA,"UTC"
"15497137.85332-122.23398","154971","37.85332-122.23398","Bentley Hiller Campus",-122.23398,37.85332,176.784,"US",NA,NA,"UTC"
"15498339.36384-119.81299","154983","39.36384-119.81299","Cross Creek Exterior",-119.81299,39.36384,1642.5672,"US",NA,NA,"UTC"
"15501938.26659-122.49264","155019","38.26659-122.49264","Vineyard Circle",-122.49264,38.26659,32.3088,"US",NA,NA,"UTC"
"15502538.8994-119.83965","155025","38.8994-119.83965","JPR FCR 5",-119.83965,38.8994,1612.0872,"US",NA,NA,"UTC"
"15504139.37357-119.82937","155041","39.37357-119.82937","Larrea",-119.82937,39.37357,1733.0928,"US",NA,NA,"UTC"
"15504338.49798-120.5481","155043","38.49798-120.5481","Amador Pines North",-120.5481,38.49798,1119.8352,"US",NA,NA,"UTC"
"15504533.6063-117.63492","155045","33.6063-117.63492","Tabuenca",-117.63492,33.6063,246.5832,"US",NA,NA,"UTC"
"15505539.31833-120.1508","155055","39.31833-120.1508","Soaring Way",-120.1508,39.31833,1796.4912,"US",NA,NA,"UTC"
"15508137.34203-119.75706","155081","37.34203-119.75706","JWP Ranch",-119.75706,37.34203,616.6104,"US",NA,NA,"UTC"
"15508939.35807-120.09669","155089","39.35807-120.09669","Glenshire  Truckee",-120.09669,39.35807,1806.8544,"US",NA,NA,"UTC"
"15510738.7384-120.81963","155107","38.7384-120.81963","Baker Rd. Placerville 95667",-120.81963,38.7384,583.0824,"US",NA,NA,"UTC"
"15513539.22095-119.81409","155135","39.22095-119.81409","Dogranch",-119.81409,39.22095,1560.8808,"US",NA,NA,"UTC"
"15514338.0201-121.99326","155143","38.0201-121.99326","United Sportsmen",-121.99326,38.0201,105.156,"US",NA,NA,"UTC"
"15515739.19053-119.75721","155157","39.19053-119.75721","wilson park",-119.75721,39.19053,1432.8648,"US",NA,NA,"UTC"
"15517139.76514-120.62185","155171","39.76514-120.62185","Graeagle 29",-120.62185,39.76514,1347.5208,"US",NA,NA,"UTC"
"15517339.36581-120.13011","155173","39.36581-120.13011","Windgap West",-120.13011,39.36581,1768.7544,"US",NA,NA,"UTC"
"15519937.96322-122.05828","155199","37.96322-122.05828","Outdoor Residential Backyard - South of Sunvalley Mall",-122.05828,37.96322,12.192,"US",NA,NA,"UTC"
"15520537.22862-121.80887","155205","37.22862-121.80887","San Jose Felder Drive",-121.80887,37.22862,56.9976,"US",NA,NA,"UTC"
"15520733.81784-118.33082","155207","33.81784-118.33082","Hickory Park W 230th St",-118.33082,33.81784,25.6032,"US",NA,NA,"UTC"
"15521138.92603-119.97183","155211","38.92603-119.97183","LTCC - Library Outdoor",-119.97183,38.92603,1914.4488,"US",NA,NA,"UTC"
"15521341.79141-123.38075","155213","41.79141-123.38075","SAFE-HappyCamp-CommunityCenter1",-123.38075,41.79141,331.6224,"US",NA,NA,"UTC"
"15521938.41645-121.4689","155219","38.41645-121.4689","Laguna West",-121.4689,38.41645,5.7912,"US",NA,NA,"UTC"
"15523540.41648-120.65713","155235","40.41648-120.65713","Lassen High School",-120.65713,40.41648,1278.9408,"US",NA,NA,"UTC"
"15524937.55992-122.29552","155249","37.55992-122.29552","Parkside Area",-122.29552,37.55992,1.524,"US",NA,NA,"UTC"
"15525738.76945-120.31006","155257","38.76945-120.31006","Silverfork",-120.31006,38.76945,1224.6864,"US",NA,NA,"UTC"
"15527541.80038-123.37495","155275","41.80038-123.37495","SAFE-HappyCamp-HR",-123.37495,41.80038,383.4384,"US",NA,NA,"UTC"
"15531737.4391-122.16122","155317","37.4391-122.16122","Fergus Garber Architects",-122.16122,37.4391,17.3736,"US",NA,NA,"UTC"
"15534138.61219-122.93665","155341","38.61219-122.93665","Wallace Creek Carport",-122.93665,38.61219,139.5984,"US",NA,NA,"UTC"
"15535539.41685-119.72664","155355","39.41685-119.72664","RL Outdoor",-119.72664,39.41685,1369.7712,"US",NA,NA,"UTC"
"15535739.30549-120.16366","155357","39.30549-120.16366","Schaffer's Mill Club",-120.16366,39.30549,1842.2112,"US",NA,NA,"UTC"
"15536538.86159-120.01503","155365","38.86159-120.01503","Meyers Neighborhood",-120.01503,38.86159,1926.6408,"US",NA,NA,"UTC"
"15537139.16465-119.77537","155371","39.16465-119.77537","Musser and Winter Sensor",-119.77537,39.16465,1436.8272,"US",NA,NA,"UTC"
"15538339.0947-119.77731","155383","39.0947-119.77731","Tourmaline",-119.77731,39.0947,1470.3552,"US",NA,NA,"UTC"
"15539538.51622-122.97488","155395","38.51622-122.97488","Drake Estates",-122.97488,38.51622,19.812,"US",NA,NA,"UTC"
"15539739.44396-119.72218","155397","39.44396-119.72218","Clovis Point and Mojave Sky",-119.72218,39.44396,1354.2264,"US",NA,NA,"UTC"
"15540138.9533-121.07797","155401","38.9533-121.07797","EAA Chapter 526",-121.07797,38.9533,462.9912,"US",NA,NA,"UTC"
"15540539.54437-119.87277","155405","39.54437-119.87277","5420 TwinCreeksDr RenoNV",-119.87277,39.54437,1545.336,"US",NA,NA,"UTC"
"15540939.26079-121.01173","155409","39.26079-121.01173","Porch",-121.01173,39.26079,762.6096,"US",NA,NA,"UTC"
"15541139.30206-119.52851","155411","39.30206-119.52851","Six Mile Canyon Road",-119.52851,39.30206,1324.9656,"US",NA,NA,"UTC"
"15541339.63012-119.70409","155413","39.63012-119.70409","Stonebrook West",-119.70409,39.63012,1365.8088,"US",NA,NA,"UTC"
"15541739.29501-120.1743","155417","39.29501-120.1743","Camp Runamuck",-120.1743,39.29501,1927.2504,"US",NA,NA,"UTC"
"15542539.57449-119.70648","155425","39.57449-119.70648","Zilla-Sparks",-119.70648,39.57449,1429.512,"US",NA,NA,"UTC"
"15543137.47939-122.15958","155431","37.47939-122.15958","Sandlewood",-122.15958,37.47939,2.4384,"US",NA,NA,"UTC"
"15550337.92177-121.28166","155503","37.92177-121.28166","UCM-1ac6",-121.28166,37.92177,6.096,"US",NA,NA,"UTC"
"15552137.98531-121.36702","155521","37.98531-121.36702","MH2",-121.36702,37.98531,3.048,"US",NA,NA,"UTC"
"15554137.72108-121.05994","155541","37.72108-121.05994","Joseph A Gregori High School",-121.05994,37.72108,26.2128,"US",NA,NA,"UTC"
"15556537.36593-120.42127","155565","37.36593-120.42127","ucm-2c92",-120.42127,37.36593,77.1144,"US",NA,NA,"UTC"
"15558137.98909-121.28754","155581","37.98909-121.28754","UCM-2468",-121.28754,37.98909,6.7056,"US",NA,NA,"UTC"
"15559538.03131-121.26586","155595","38.03131-121.26586","UCM-B232",-121.26586,38.03131,10.3632,"US",NA,NA,"UTC"
"15562135.30223-118.93813","155621","35.30223-118.93813","UCM-e68f",-118.93813,35.30223,114.9096,"US",NA,NA,"UTC"
"15562537.83073-121.25341","155625","37.83073-121.25341","ucm-e6fc",-121.25341,37.83073,9.144,"US",NA,NA,"UTC"
"15563537.33494-120.46229","155635","37.33494-120.46229","ucm-4c3",-120.46229,37.33494,58.2168,"US",NA,NA,"UTC"
"15564536.54311-119.28576","155645","36.54311-119.28576","UCM-f97c",-119.28576,36.54311,114.9096,"US",NA,NA,"UTC"
"15564936.60097-119.51022","155649","36.60097-119.51022","UCM-1aea",-119.51022,36.60097,105.4608,"US",NA,NA,"UTC"
"15565537.98795-121.35798","155655","37.98795-121.35798","MH1",-121.35798,37.98795,1.8288,"US",NA,NA,"UTC"
"15565736.21291-118.81335","155657","36.21291-118.81335","UCM-1d9c",-118.81335,36.21291,539.8008,"US",NA,NA,"UTC"
"15567337.9519-121.2416","155673","37.9519-121.2416","UCM-7266",-121.2416,37.9519,8.2296,"US",NA,NA,"UTC"
"15567538.05446-121.31818","155675","38.05446-121.31818","UCM-2a72",-121.31818,38.05446,7.3152,"US",NA,NA,"UTC"
"15567937.90842-121.29156","155679","37.90842-121.29156","UCM-1a87",-121.29156,37.90842,4.8768,"US",NA,NA,"UTC"
"15568136.74192-119.24365","155681","36.74192-119.24365","ucm-1ae1",-119.24365,36.74192,495.6048,"US",NA,NA,"UTC"
"15568337.33223-120.48513","155683","37.33223-120.48513","ucm-de91",-120.48513,37.33223,53.0352,"US",NA,NA,"UTC"
"15570134.17011-118.96356","155701","34.17011-118.96356","Cypress Elementary",-118.96356,34.17011,224.9424,"US",NA,NA,"UTC"
"15570734.28357-118.88635","155707","34.28357-118.88635","Moorpark Unified School District - District Office",-118.88635,34.28357,153.0096,"US",NA,NA,"UTC"
"15570934.28226-118.89699","155709","34.28226-118.89699","Moorpark Unified School District - District Office",-118.89699,34.28226,143.8656,"US",NA,NA,"UTC"
"15571534.19789-118.88397","155715","34.19789-118.88397","Redwood Middle School",-118.88397,34.19789,243.84,"US",NA,NA,"UTC"
"15571734.20712-118.84041","155717","34.20712-118.84041","Los Cerritos Middle",-118.84041,34.20712,284.0736,"US",NA,NA,"UTC"
"15572334.16125-119.09361","155723","34.16125-119.09361","Laguna Vista School",-119.09361,34.16125,6.4008,"US",NA,NA,"UTC"
"15577337.06813-121.99821","155773","37.06813-121.99821","Vine Hill Garden",-121.99821,37.06813,219.1512,"US",NA,NA,"UTC"
"15577739.33768-120.20995","155777","39.33768-120.20995","Lausanne\/Northwoods Blvd.",-120.20995,39.33768,1894.9416,"US",NA,NA,"UTC"
"15579538.7248-120.80138","155795","38.7248-120.80138","Placerville Aquatic Center",-120.80138,38.7248,576.3768,"US",NA,NA,"UTC"
"15580138.62405-122.86272","155801","38.62405-122.86272","FMC",-122.86272,38.62405,52.4256,"US",NA,NA,"UTC"
"15582734.19414-118.86608","155827","34.19414-118.86608","Glenwood Elementary",-118.86608,34.19414,248.412,"US",NA,NA,"UTC"
"15582936.75627-119.80107","155829","36.75627-119.80107","Tower",-119.80107,36.75627,90.2208,"US",NA,NA,"UTC"
"15585134.26675-118.68537","155851","34.26675-118.68537","Katherine Elementary School",-118.68537,34.26675,304.4952,"US",NA,NA,"UTC"
"15589538.54814-123.18736","155895","38.54814-123.18736","FortRoss Station 1",-123.18736,38.54814,513.2832,"US",NA,NA,"UTC"
"15590338.79842-122.9566","155903","38.79842-122.9566","Schellenger Road  Cloverdale",-122.9566,38.79842,603.504,"US",NA,NA,"UTC"
"15593138.61317-122.86115","155931","38.61317-122.86115","HES",-122.86115,38.61317,36.8808,"US",NA,NA,"UTC"
"15597338.36964-122.80585","155973","38.36964-122.80585","Hillcrest Middle School",-122.80585,38.36964,71.9328,"US",NA,NA,"UTC"
"15597938.54953-122.81527","155979","38.54953-122.81527","NSCAPCD",-122.81527,38.54953,39.0144,"US",NA,NA,"UTC"
"15599934.22431-119.02898","155999","34.22431-119.02898","PVSD District Office",-119.02898,34.22431,52.1208,"US",NA,NA,"UTC"
"15602734.16087-119.14682","156027","34.16087-119.14682","Ocean View Junior High",-119.14682,34.16087,10.0584,"US",NA,NA,"UTC"
"15607938.41493-121.37535","156079","38.41493-121.37535","Williamson Ranch  EG",-121.37535,38.41493,13.716,"US",NA,NA,"UTC"
"15609937.23895-122.0025","156099","37.23895-122.0025","Serramonte Drive - Los Gatos",-122.0025,37.23895,158.8008,"US",NA,NA,"UTC"
"15612938.26638-122.6421","156129","38.26638-122.6421","JFam_Outdoor",-122.6421,38.26638,17.0688,"US",NA,NA,"UTC"
"15616538.67981-122.88859","156165","38.67981-122.88859","FCW-Geyserville",-122.88859,38.67981,90.2208,"US",NA,NA,"UTC"
"15627936.69582-121.80144","156279","36.69582-121.80144","Juniper Court",-121.80144,36.69582,12.4968,"US",NA,NA,"UTC"
"15629338.25328-122.03957","156293","38.25328-122.03957","Meals on Wheels",-122.03957,38.25328,6.096,"US",NA,NA,"UTC"
"15630938.22951-122.66368","156309","38.22951-122.66368","CL-Air",-122.66368,38.22951,48.768,"US",NA,NA,"UTC"
"15637938.01647-122.1363","156379","38.01647-122.1363","Campbell Theater",-122.1363,38.01647,5.4864,"US",NA,NA,"UTC"
"15643137.05825-122.01936","156431","37.05825-122.01936","Mill Site Rd",-122.01936,37.05825,227.3808,"US",NA,NA,"UTC"
"15670738.44635-122.65381","156707","38.44635-122.65381","TopOfHoen",-122.65381,38.44635,87.1728,"US",NA,NA,"UTC"
"15674737.265-121.89521","156747","37.265-121.89521","willowgate",-121.89521,37.265,53.34,"US",NA,NA,"UTC"
"15679134.49856-117.25192","156791","34.49856-117.25192","MDAQMD_AVUSD_RIO",-117.25192,34.49856,861.06,"US",NA,NA,"UTC"
"15683737.81872-122.23998","156837","37.81872-122.23998","Blvd Way\/Crofton",-122.23998,37.81872,40.8432,"US",NA,NA,"UTC"
"15687137.90688-121.59171","156871","37.90688-121.59171","Disco Bay Drakes",-121.59171,37.90688,3.9624,"US",NA,NA,"UTC"
"15687938.45175-122.72047","156879","38.45175-122.72047","SRHS",-122.72047,38.45175,48.768,"US",NA,NA,"UTC"
"15688733.60814-117.69421","156887","33.60814-117.69421","Twig",-117.69421,33.60814,111.252,"US",NA,NA,"UTC"
"15694737.52528-122.51606","156947","37.52528-122.51606","MB1",-122.51606,37.52528,16.1544,"US",NA,NA,"UTC"
"15697538.86047-120.0146","156975","38.86047-120.0146","Meyers  CA",-120.0146,38.86047,1927.5552,"US",NA,NA,"UTC"
"15698537.95821-122.11001","156985","37.95821-122.11001","PurpleBee",-122.11001,37.95821,69.7992,"US",NA,NA,"UTC"
"15699539.47765-119.71618","156995","39.47765-119.71618","Hidden Valley Indus Drive",-119.71618,39.47765,1388.364,"US",NA,NA,"UTC"
"15700934.50961-117.16504","157009","34.50961-117.16504","MDAQMD_AVUSD_GHHS",-117.16504,34.50961,891.54,"US",NA,NA,"UTC"
"15705540.19198-122.23911","157055","40.19198-122.23911","DWR NRO",-122.23911,40.19198,96.6216,"US",NA,NA,"UTC"
"15707939.20186-119.76065","157079","39.20186-119.76065","north carson City",-119.76065,39.20186,1459.3824,"US",NA,NA,"UTC"
"15710134.51193-117.18093","157101","34.51193-117.18093","MDAQMD_AVUSD_RV",-117.18093,34.51193,894.2832,"US",NA,NA,"UTC"
"15710537.68179-121.77169","157105","37.68179-121.77169","Legacy at Livermore (South L)",-121.77169,37.68179,148.1328,"US",NA,NA,"UTC"
"15711137.86196-122.26988","157111","37.86196-122.26988","Milvia Parker",-122.26988,37.86196,46.0248,"US",NA,NA,"UTC"
"15713538.56946-122.68979","157135","38.56946-122.68979","Pepperwood Preserve",-122.68979,38.56946,361.188,"US",NA,NA,"UTC"
"15713740.57532-124.26306","157137","40.57532-124.26306","Ferndale  CA",-124.26306,40.57532,16.764,"US",NA,NA,"UTC"
"15713937.00597-122.07281","157139","37.00597-122.07281","SCWS",-122.07281,37.00597,286.2072,"US",NA,NA,"UTC"
"15714534.14953-119.19593","157145","34.14953-119.19593","Hueneme Elementary School District",-119.19593,34.14953,3.9624,"US",NA,NA,"UTC"
"15716338.34016-122.83579","157163","38.34016-122.83579","EL RANCHO",-122.83579,38.34016,124.968,"US",NA,NA,"UTC"
"15720134.55285-117.15267","157201","34.55285-117.15267","MDAQMD_AVUSD_SYC",-117.15267,34.55285,927.5064,"US",NA,NA,"UTC"
"15720934.44432-117.18613","157209","34.44432-117.18613","MDAQMD_AVUSD_MAR",-117.18613,34.44432,929.9448,"US",NA,NA,"UTC"
"15721139.37089-120.24987","157211","39.37089-120.24987","Pinnacle",-120.24987,39.37089,2062.5816,"US",NA,NA,"UTC"
"15725134.53263-117.21375","157251","34.53263-117.21375","MDAQMD_AVUSD_PHX",-117.21375,34.53263,891.54,"US",NA,NA,"UTC"
"15741933.7971-118.17629","157419","33.7971-118.17629","Snsn",-118.17629,33.7971,10.0584,"US",NA,NA,"UTC"
"15746337.44244-119.63135","157463","37.44244-119.63135","Sugar Pine Creekside Cabin",-119.63135,37.44244,1308.8112,"US",NA,NA,"UTC"
"15747338.92533-119.9698","157473","38.92533-119.9698","LTCC - Soccer Field",-119.9698,38.92533,1911.7056,"US",NA,NA,"UTC"
"15767133.8062-118.18506","157671","33.8062-118.18506","I i",-118.18506,33.8062,15.8496,"US",NA,NA,"UTC"
"15767333.7953-118.15982","157673","33.7953-118.15982","Sna",-118.15982,33.7953,60.0456,"US",NA,NA,"UTC"
"15768333.768-118.17316","157683","33.768-118.17316","Lb1827",-118.17316,33.768,13.716,"US",NA,NA,"UTC"
"15768733.78853-118.11276","157687","33.78853-118.11276","Jdn",-118.11276,33.78853,3.3528,"US",NA,NA,"UTC"
"15769934.10667-118.17832","157699","34.10667-118.17832","Milford Airway",-118.17832,34.10667,230.124,"US",NA,NA,"UTC"
"15797133.04647-117.28951","157971","33.04647-117.28951","D Street",-117.28951,33.04647,42.0624,"US",NA,NA,"UTC"
"15803338.08538-122.15961","158033","38.08538-122.15961","Matthew Turner Elementary",-122.15961,38.08538,78.6384,"US",NA,NA,"UTC"
"15812938.0688-122.1723","158129","38.0688-122.1723","Benicia Middle School",-122.1723,38.0688,56.0832,"US",NA,NA,"UTC"
"15815334.46713-117.18846","158153","34.46713-117.18846","MDAQMD_AVUSD_AVHS",-117.18846,34.46713,912.876,"US",NA,NA,"UTC"
"15817134.4848-117.23547","158171","34.4848-117.23547","MDAQMD_AVUSD_SBA",-117.23547,34.4848,868.9848,"US",NA,NA,"UTC"
"15817338.72349-120.75758","158173","38.72349-120.75758","EDCGOV Placerville Airport",-120.75758,38.72349,787.2984,"US",NA,NA,"UTC"
"15818338.73476-120.71029","158183","38.73476-120.71029","EDC AQMD CHATEU CAMERON PARK",-120.71029,38.73476,895.5024,"US",NA,NA,"UTC"
"15819737.39163-122.07227","158197","37.39163-122.07227","Pine Way",-122.07227,37.39163,25.6032,"US",NA,NA,"UTC"
"15820134.46332-117.19825","158201","34.46332-117.19825","MDAQMD_AVUSD_SAN",-117.19825,34.46332,915.6192,"US",NA,NA,"UTC"
"15823937.65247-122.44741","158239","37.65247-122.44741","Rise-8",-122.44741,37.65247,39.9288,"US",NA,NA,"UTC"
"15825937.64281-122.43742","158259","37.64281-122.43742","Rise-10",-122.43742,37.64281,37.1856,"US",NA,NA,"UTC"
"15837138.92271-119.97091","158371","38.92271-119.97091","EDCAQMD Meadowcrest",-119.97091,38.92271,1911.096,"US",NA,NA,"UTC"
"15858738.97682-120.72353","158587","38.97682-120.72353","EDCAQMD Otter Creek Elementary",-120.72353,38.97682,1081.7352,"US",NA,NA,"UTC"
"15878538.55164-122.81743","158785","38.55164-122.81743","Ms Commons",-122.81743,38.55164,38.7096,"US",NA,NA,"UTC"
"15881737.66858-122.14183","158817","37.66858-122.14183","Ganley St  San Lorenzo",-122.14183,37.66858,3.9624,"US",NA,NA,"UTC"
"15918538.50901-122.93136","159185","38.50901-122.93136","The Shire",-122.93136,38.50901,62.484,"US",NA,NA,"UTC"
"15935937.72524-122.44248","159359","37.72524-122.44248","PA-II-SD-2",-122.44248,37.72524,53.6448,"US",NA,NA,"UTC"
"15960337.00026-121.84941","159603","37.00026-121.84941","Day Valley",-121.84941,37.00026,148.4376,"US",NA,NA,"UTC"
"15965136.17421-115.1039","159651","36.17421-115.1039","East Services Center",-115.1039,36.17421,551.688,"US",NA,NA,"UTC"
"15966736.16604-115.11447","159667","36.16604-115.11447","East Las Vegas Community Center",-115.11447,36.16604,562.356,"US",NA,NA,"UTC"
"15974937.98763-122.57703","159749","37.98763-122.57703","Morningside Drive",-122.57703,37.98763,34.1376,"US",NA,NA,"UTC"
"16006339.18737-120.19947","160063","39.18737-120.19947","ALPINE WATERCRAFT INSPECTION STATION",-120.19947,39.18737,1904.0856,"US",NA,NA,"UTC"
"16009939.32177-120.22864","160099","39.32177-120.22864","WinterCampWay",-120.22864,39.32177,1806.8544,"US",NA,NA,"UTC"
"16016333.88323-118.02518","160163","33.88323-118.02518","La Mirada PA Classic",-118.02518,33.88323,19.812,"US",NA,NA,"UTC"
"16019737.60474-120.96084","160197","37.60474-120.96084","Ceres2",-120.96084,37.60474,28.956,"US",NA,NA,"UTC"
"16020138.2573-121.29836","160201","38.2573-121.29836","Galt High",-121.29836,38.2573,15.8496,"US",NA,NA,"UTC"
"16021337.61969-121.02805","160213","37.61969-121.02805","West Modesto2",-121.02805,37.61969,25.2984,"US",NA,NA,"UTC"
"16029937.06831-121.52219","160299","37.06831-121.52219","Harvey Bear",-121.52219,37.06831,284.3784,"US",NA,NA,"UTC"
"16031339.25421-120.94464","160313","39.25421-120.94464","Black Dog Hollow",-120.94464,39.25421,1107.0336,"US",NA,NA,"UTC"
"16033135.71957-120.87688","160331","35.71957-120.87688","Heritage Ranch",-120.87688,35.71957,286.2072,"US",NA,NA,"UTC"
"16036132.80767-117.07423","160361","32.80767-117.07423","Allied Gardens",-117.07423,32.80767,56.6928,"US",NA,NA,"UTC"
"16061336.29625-119.32742","160613","36.29625-119.32742","Visalia Naz Sports",-119.32742,36.29625,94.7928,"US",NA,NA,"UTC"
"16061537.01604-122.02974","160615","37.01604-122.02974","Monkey Tree 2",-122.02974,37.01604,163.3728,"US",NA,NA,"UTC"
"16061937.32166-121.94251","160619","37.32166-121.94251","Genevieve",-121.94251,37.32166,40.8432,"US",NA,NA,"UTC"
"16086338.79734-121.24146","160863","38.79734-121.24146","Willowglen",-121.24146,38.79734,72.8472,"US",NA,NA,"UTC"
"16098337.66045-122.40603","160983","37.66045-122.40603","SSF Cypress",-122.40603,37.66045,10.3632,"US",NA,NA,"UTC"
"16102933.9354-117.3446","161029","33.9354-117.3446","Castleview",-117.3446,33.9354,402.9456,"US",NA,NA,"UTC"
"16104338.62981-121.42152","161043","38.62981-121.42152","1940 Los Robles blvd",-121.42152,38.62981,14.3256,"US",NA,NA,"UTC"
"16104538.5256-121.48975","161045","38.5256-121.48975","MurietaWay",-121.48975,38.5256,7.0104,"US",NA,NA,"UTC"
"16105538.47739-121.49709","161055","38.47739-121.49709","The Gardens PurpleAir Sensor March 11 2023",-121.49709,38.47739,4.2672,"US",NA,NA,"UTC"
"16105938.6345-121.42764","161059","38.6345-121.42764","East Del Paso Heights",-121.42764,38.6345,14.6304,"US",NA,NA,"UTC"
"16106338.51333-121.44544","161063","38.51333-121.44544","C B Wire Elementary SCUSD",-121.44544,38.51333,8.5344,"US",NA,NA,"UTC"
"16107938.54585-121.43456","161079","38.54585-121.43456","Tahoe Park",-121.43456,38.54585,10.3632,"US",NA,NA,"UTC"
"16108138.55011-121.44312","161081","38.55011-121.44312","Apprentice Ct",-121.44312,38.55011,10.668,"US",NA,NA,"UTC"
"16108338.55197-121.47296","161083","38.55197-121.47296","House of Inscrutable Beef",-121.47296,38.55197,8.8392,"US",NA,NA,"UTC"
"16108738.5505-121.46325","161087","38.5505-121.46325","39th &amp; 3rd",-121.46325,38.5505,8.8392,"US",NA,NA,"UTC"
"16108938.60843-121.44627","161089","38.60843-121.44627","Boxwood",-121.44627,38.60843,12.192,"US",NA,NA,"UTC"
"16109138.55079-121.46476","161091","38.55079-121.46476","3739 3rd Ave",-121.46476,38.55079,9.144,"US",NA,NA,"UTC"
"16109538.54431-121.47148","161095","38.54431-121.47148","Oak Park  Sacramento",-121.47148,38.54431,7.0104,"US",NA,NA,"UTC"
"16110138.63347-121.43821","161101","38.63347-121.43821","GEO Garden",-121.43821,38.63347,12.8016,"US",NA,NA,"UTC"
"16118138.58089-121.45953","161181","38.58089-121.45953","B St",-121.45953,38.58089,7.9248,"US",NA,NA,"UTC"
"16119538.22434-122.6668","161195","38.22434-122.6668","Petaluma Western Ave gopher farm",-122.6668,38.22434,50.5968,"US",NA,NA,"UTC"
"16121532.62367-117.13348","161215","32.62367-117.13348","EMK2",-117.13348,32.62367,1.524,"US",NA,NA,"UTC"
"16121932.67767-117.17617","161219","32.67767-117.17617","La Sierra",-117.17617,32.67767,5.1816,"US",NA,NA,"UTC"
"16122933.79301-117.84959","161229","33.79301-117.84959","Chapman university Keck Center",-117.84959,33.79301,61.5696,"US",NA,NA,"UTC"
"16124332.69964-117.18253","161243","32.69964-117.18253","Emerald Keepers 5",-117.18253,32.69964,5.4864,"US",NA,NA,"UTC"
"16144338.72558-120.8039","161443","38.72558-120.8039","Chamberlain Street",-120.8039,38.72558,577.9008,"US",NA,NA,"UTC"
"16146538.96091-121.20458","161465","38.96091-121.20458","Miller Lane",-121.20458,38.96091,240.4872,"US",NA,NA,"UTC"
"16151339.29852-120.38062","161513","39.29852-120.38062","2229 Lake",-120.38062,39.29852,2098.8528,"US",NA,NA,"UTC"
"16160939.10307-121.01311","161609","39.10307-121.01311","Alta Sierra Ranches",-121.01311,39.10307,630.3264,"US",NA,NA,"UTC"
"16161136.15251-115.32987","161611","36.15251-115.32987","1650 s pavilion",-115.32987,36.15251,920.8008,"US",NA,NA,"UTC"
"16161934.44308-119.73983","161619","34.44308-119.73983","San Roque",-119.73983,34.44308,70.4088,"US",NA,NA,"UTC"
"16164938.88447-121.16293","161649","38.88447-121.16293","Ridge Rd   midway point",-121.16293,38.88447,218.5416,"US",NA,NA,"UTC"
"16165933.46289-117.06637","161659","33.46289-117.06637","Terracina Neighborhood - South Temecula",-117.06637,33.46289,408.1272,"US",NA,NA,"UTC"
"16179938.46873-122.65054","161799","38.46873-122.65054","St. Francis Acres",-122.65054,38.46873,94.488,"US",NA,NA,"UTC"
"16214338.66311-120.10891","162143","38.66311-120.10891","East Silver Lake",-120.10891,38.66311,2220.7728,"US",NA,NA,"UTC"
"16215337.39523-122.0629","162153","37.39523-122.0629","Gladys Ave",-122.0629,37.39523,23.1648,"US",NA,NA,"UTC"
"16215539.49728-118.78375","162155","39.49728-118.78375","North Weather Station",-118.78375,39.49728,1210.056,"US",NA,NA,"UTC"
"16215738.25901-120.35149","162157","38.25901-120.35149","BWR Outside",-120.35149,38.25901,1250.5944,"US",NA,NA,"UTC"
"16217338.03304-121.95185","162173","38.03304-121.95185","Bay Point Riverview",-121.95185,38.03304,10.9728,"US",NA,NA,"UTC"
"16218333.54604-117.71117","162183","33.54604-117.71117","Kite Hill",-117.71117,33.54604,108.204,"US",NA,NA,"UTC"
"16222134.10685-118.01891","162221","34.10685-118.01891","GHP South of Live Oak",-118.01891,34.10685,102.7176,"US",NA,NA,"UTC"
"16224338.32308-122.48838","162243","38.32308-122.48838","Maltese place",-122.48838,38.32308,46.0248,"US",NA,NA,"UTC"
"16226337.49277-122.27171","162263","37.49277-122.27171","Gateley",-122.27171,37.49277,104.5464,"US",NA,NA,"UTC"
"16232134.17353-118.13754","162321","34.17353-118.13754","Nphl-2",-118.13754,34.17353,318.2112,"US",NA,NA,"UTC"
"16235739.54213-119.83316","162357","39.54213-119.83316","Wessex",-119.83316,39.54213,1435.3032,"US",NA,NA,"UTC"
"16239139.29268-120.11464","162391","39.29268-120.11464","355 Skidder Outdoor",-120.11464,39.29268,1812.9504,"US",NA,NA,"UTC"
"16247735.54153-119.05184","162477","35.54153-119.05184","A Team",-119.05184,35.54153,221.8944,"US",NA,NA,"UTC"
"16251532.77721-117.07048","162515","32.77721-117.07048","Li_lab_SDSU",-117.07048,32.77721,130.4544,"US",NA,NA,"UTC"
"16253533.7681-118.16084","162535","33.7681-118.16084","SL2",-118.16084,33.7681,16.1544,"US",NA,NA,"UTC"
"16253932.77799-117.06995","162539","32.77799-117.06995","SDSU_location_1",-117.06995,32.77799,122.2248,"US",NA,NA,"UTC"
"16256737.34761-121.89278","162567","37.34761-121.89278","Japantown",-121.89278,37.34761,21.336,"US",NA,NA,"UTC"
"16257537.73036-119.55975","162575","37.73036-119.55975","YOSE @ Happy Isles",-119.55975,37.73036,1236.2688,"US",NA,NA,"UTC"
"16259537.71324-119.70618","162595","37.71324-119.70618","YOSE Turtle Back Dome",-119.70618,37.71324,1605.3816,"US",NA,NA,"UTC"
"16260138.74636-120.66394","162601","38.74636-120.66394","Cable Rd",-120.66394,38.74636,982.6752,"US",NA,NA,"UTC"
"16262337.79482-121.87547","162623","37.79482-121.87547","Bengali Street",-121.87547,37.79482,252.3744,"US",NA,NA,"UTC"
"16262738.43686-122.71616","162627","38.43686-122.71616","Engine 10",-122.71616,38.43686,49.0728,"US",NA,NA,"UTC"
"16263537.87683-119.34576","162635","37.87683-119.34576","YOSE @ Tuolumne Meadows",-119.34576,37.87683,2642.3112,"US",NA,NA,"UTC"
"16280139.53138-119.87873","162801","39.53138-119.87873","SP",-119.87873,39.53138,1506.0168,"US",NA,NA,"UTC"
"16280733.76904-118.18958","162807","33.76904-118.18958","Aster",-118.18958,33.76904,10.3632,"US",NA,NA,"UTC"
"16286138.47311-122.67149","162861","38.47311-122.67149","637 Bambi Ln",-122.67149,38.47311,79.5528,"US",NA,NA,"UTC"
"16299937.93539-121.26304","162999","37.93539-121.26304","ucm-78ec",-121.26304,37.93539,9.144,"US",NA,NA,"UTC"
"16300136.69623-121.63307","163001","36.69623-121.63307","ucm-a49a",-121.63307,36.69623,21.336,"US",NA,NA,"UTC"
"16300336.43023-119.85924","163003","36.43023-119.85924","ucm-8ca4",-119.85924,36.43023,66.1416,"US",NA,NA,"UTC"
"16300537.97086-121.32512","163005","37.97086-121.32512","ucm-c36f",-121.32512,37.97086,8.2296,"US",NA,NA,"UTC"
"16300737.93083-121.24912","163007","37.93083-121.24912","ucm-ffbd",-121.24912,37.93083,7.3152,"US",NA,NA,"UTC"
"16301137.65294-120.97756","163011","37.65294-120.97756","John Muir Elementary Modesto CA",-120.97756,37.65294,29.2608,"US",NA,NA,"UTC"
"16301737.98222-121.32017","163017","37.98222-121.32017","ucm-f77d",-121.32017,37.98222,3.6576,"US",NA,NA,"UTC"
"16302737.99647-121.33567","163027","37.99647-121.33567","ucm-c5b8",-121.33567,37.99647,12.192,"US",NA,NA,"UTC"
"16302936.69568-119.54639","163029","36.69568-119.54639","ucm-45a4",-119.54639,36.69568,112.1664,"US",NA,NA,"UTC"
"16303538.01051-121.31243","163035","38.01051-121.31243","ucm-cd6d",-121.31243,38.01051,13.1064,"US",NA,NA,"UTC"
"16303736.21948-121.13123","163037","36.21948-121.13123","ucm-7e1f",-121.13123,36.21948,100.584,"US",NA,NA,"UTC"
"16303936.60482-121.9192","163039","36.60482-121.9192","ucm-431d",-121.9192,36.60482,137.16,"US",NA,NA,"UTC"
"16304136.67722-121.62704","163041","36.67722-121.62704","ucm-f94b",-121.62704,36.67722,22.5552,"US",NA,NA,"UTC"
"16304536.4728-120.39352","163045","36.4728-120.39352","ucm-54f",-120.39352,36.4728,135.0264,"US",NA,NA,"UTC"
"16304736.77209-119.7606","163047","36.77209-119.7606","ucm-3775",-119.7606,36.77209,96.9264,"US",NA,NA,"UTC"
"16304936.57778-121.7175","163049","36.57778-121.7175","ucm-65cc",-121.7175,36.57778,85.9536,"US",NA,NA,"UTC"
"16305536.32154-121.24295","163055","36.32154-121.24295","ucm-2092",-121.24295,36.32154,86.868,"US",NA,NA,"UTC"
"16305936.53281-120.09879","163059","36.53281-120.09879","ucm-1bee",-120.09879,36.53281,55.7784,"US",NA,NA,"UTC"
"16306337.92432-122.04218","163063","37.92432-122.04218","ucm-c380",-122.04218,37.92432,31.3944,"US",NA,NA,"UTC"
"16306936.71268-121.61996","163069","36.71268-121.61996","ucm-8b62",-121.61996,36.71268,31.6992,"US",NA,NA,"UTC"
"16307136.42808-121.33121","163071","36.42808-121.33121","ucm-9742",-121.33121,36.42808,57.3024,"US",NA,NA,"UTC"
"16307336.84964-120.44875","163073","36.84964-120.44875","ucm-49a1",-120.44875,36.84964,43.2816,"US",NA,NA,"UTC"
"16307936.50837-121.44398","163079","36.50837-121.44398","ucm-2a64",-121.44398,36.50837,41.4528,"US",NA,NA,"UTC"
"16308136.97225-119.369","163081","36.97225-119.369","ucm-c110",-119.369,36.97225,592.2264,"US",NA,NA,"UTC"
"16308536.72671-121.65586","163085","36.72671-121.65586","ucm-653B",-121.65586,36.72671,27.432,"US",NA,NA,"UTC"
"16309736.81932-119.8551","163097","36.81932-119.8551","ucm-1ed",-119.8551,36.81932,96.3168,"US",NA,NA,"UTC"
"16310536.79283-119.75115","163105","36.79283-119.75115","ucm-846e",-119.75115,36.79283,103.3272,"US",NA,NA,"UTC"
"16311136.96538-120.04578","163111","36.96538-120.04578","ucm-a07d",-120.04578,36.96538,85.6488,"US",NA,NA,"UTC"
"16313937.9407-121.29572","163139","37.9407-121.29572","ucm-a96",-121.29572,37.9407,5.4864,"US",NA,NA,"UTC"
"16314936.67938-121.62715","163149","36.67938-121.62715","ucm-C045",-121.62715,36.67938,18.288,"US",NA,NA,"UTC"
"16315736.43317-119.70205","163157","36.43317-119.70205","ucm-738d",-119.70205,36.43317,77.1144,"US",NA,NA,"UTC"
"16316336.75316-119.78055","163163","36.75316-119.78055","ucm-8c88",-119.78055,36.75316,92.964,"US",NA,NA,"UTC"
"16317137.9671-121.34136","163171","37.9671-121.34136","ucm-7058",-121.34136,37.9671,1.2192,"US",NA,NA,"UTC"
"16317337.36586-120.42135","163173","37.36586-120.42135","ucm-4aef",-120.42135,37.36586,77.4192,"US",NA,NA,"UTC"
"16318337.6902-120.9379","163183","37.6902-120.9379","Enochs High School",-120.9379,37.6902,35.6616,"US",NA,NA,"UTC"
"16318536.43694-119.68012","163185","36.43694-119.68012","ucm-8b6f",-119.68012,36.43694,78.6384,"US",NA,NA,"UTC"
"16318737.64076-120.97755","163187","37.64076-120.97755","Wilson Elementary Modesto CA",-120.97755,37.64076,29.2608,"US",NA,NA,"UTC"
"16318937.67662-121.01854","163189","37.67662-121.01854","Everett Elementary School",-121.01854,37.67662,26.8224,"US",NA,NA,"UTC"
"16319537.93816-121.2895","163195","37.93816-121.2895","ucm-849b",-121.2895,37.93816,4.2672,"US",NA,NA,"UTC"
"16319737.96716-121.3009","163197","37.96716-121.3009","ucm-4f90",-121.3009,37.96716,3.6576,"US",NA,NA,"UTC"
"16320136.65085-121.79771","163201","36.65085-121.79771","ucm-8ba3",-121.79771,36.65085,74.9808,"US",NA,NA,"UTC"
"16320337.96743-121.34256","163203","37.96743-121.34256","ucm-5d25",-121.34256,37.96743,3.9624,"US",NA,NA,"UTC"
"16320537.66353-121.01162","163205","37.66353-121.01162","John C Fremont Elementary",-121.01162,37.66353,27.432,"US",NA,NA,"UTC"
"16320738.00943-121.31464","163207","38.00943-121.31464","ucm-8df5",-121.31464,38.00943,5.7912,"US",NA,NA,"UTC"
"16321137.60333-121.00523","163211","37.60333-121.00523","Bret Harte Elementary School",-121.00523,37.60333,25.908,"US",NA,NA,"UTC"
"16321538.02943-121.31741","163215","38.02943-121.31741","ucm-b27",-121.31741,38.02943,7.62,"US",NA,NA,"UTC"
"16321737.97201-121.27404","163217","37.97201-121.27404","ucm-83cc",-121.27404,37.97201,7.62,"US",NA,NA,"UTC"
"16321938.00841-121.2746","163219","38.00841-121.2746","ucm-c612",-121.2746,38.00841,9.4488,"US",NA,NA,"UTC"
"16322537.98257-121.3013","163225","37.98257-121.3013","ucm-1a45",-121.3013,37.98257,7.0104,"US",NA,NA,"UTC"
"16323336.22354-118.82928","163233","36.22354-118.82928","ucm-1c8a",-118.82928,36.22354,602.8944,"US",NA,NA,"UTC"
"16323737.64772-120.91955","163237","37.64772-120.91955","Peter Johansen High School",-120.91955,37.64772,35.9664,"US",NA,NA,"UTC"
"16323937.96796-121.23726","163239","37.96796-121.23726","ucm-877b",-121.23726,37.96796,9.4488,"US",NA,NA,"UTC"
"16338535.05246-120.53928","163385","35.05246-120.53928","Tourney Hill",-120.53928,35.05246,108.8136,"US",NA,NA,"UTC"
"16338737.93205-121.28754","163387","37.93205-121.28754","SG #1 (North Breeze way)",-121.28754,37.93205,4.2672,"US",NA,NA,"UTC"
"16339137.93187-121.28758","163391","37.93187-121.28758","SG #3 (Central Breeze way)",-121.28758,37.93187,5.7912,"US",NA,NA,"UTC"
"16356734.14549-117.23595","163567","34.14549-117.23595","Orange Knoll Ave",-117.23595,34.14549,407.2128,"US",NA,NA,"UTC"
"16381737.75315-122.50114","163817","37.75315-122.50114","42&amp;N",-122.50114,37.75315,23.1648,"US",NA,NA,"UTC"
"16382539.44222-119.72618","163825","39.44222-119.72618","Jericho Canyon",-119.72618,39.44222,1354.5312,"US",NA,NA,"UTC"
"16384333.83917-118.29206","163843","33.83917-118.29206","DAAC 210th and New Hampshire",-118.29206,33.83917,7.3152,"US",NA,NA,"UTC"
"16418739.20994-120.0976","164187","39.20994-120.0976","TheDuke",-120.0976,39.20994,1974.1896,"US",NA,NA,"UTC"
"16420338.6128-122.86308","164203","38.6128-122.86308","Toyota61",-122.86308,38.6128,37.7952,"US",NA,NA,"UTC"
"16421338.43573-122.71003","164213","38.43573-122.71003","Charles St",-122.71003,38.43573,50.292,"US",NA,NA,"UTC"
"16421939.297-121.44499","164219","39.297-121.44499","Loma Rica",-121.44499,39.297,108.8136,"US",NA,NA,"UTC"
"16422140.55195-122.39408","164221","40.55195-122.39408","Frances Drive",-122.39408,40.55195,201.7776,"US",NA,NA,"UTC"
"16422940.78487-124.11078","164229","40.78487-124.11078","Frog Palace",-124.11078,40.78487,35.9664,"US",NA,NA,"UTC"
"16423538.05586-121.357","164235","38.05586-121.357","Pleasant Valley",-121.357,38.05586,4.2672,"US",NA,NA,"UTC"
"16425939.34029-120.1458","164259","39.34029-120.1458","Old Greenwood",-120.1458,39.34029,1793.748,"US",NA,NA,"UTC"
"16429737.88908-122.26321","164297","37.88908-122.26321","High Court",-122.26321,37.88908,180.1368,"US",NA,NA,"UTC"
"16430737.47656-122.19084","164307","37.47656-122.19084","81* 15th Ave",-122.19084,37.47656,7.0104,"US",NA,NA,"UTC"
"16431537.365-121.98958","164315","37.365-121.98958","Notre Dame",-121.98958,37.365,19.5072,"US",NA,NA,"UTC"
"16437138.47451-122.63836","164371","38.47451-122.63836","1845 San Ramon Way  Santa Rosa  CA",-122.63836,38.47451,177.6984,"US",NA,NA,"UTC"
"16437933.67004-117.71652","164379","33.67004-117.71652","Front yard",-117.71652,33.67004,117.0432,"US",NA,NA,"UTC"
"16438937.84999-122.24541","164389","37.84999-122.24541","Chabot",-122.24541,37.84999,76.8096,"US",NA,NA,"UTC"
"16439336.34827-119.68608","164393","36.34827-119.68608","Hanford",-119.68608,36.34827,71.9328,"US",NA,NA,"UTC"
"16440338.91011-119.95734","164403","38.91011-119.95734","Sierra\u2019s Castle",-119.95734,38.91011,1970.2272,"US",NA,NA,"UTC"
"16440537.9128-120.59887","164405","37.9128-120.59887","Connor Estates Lake Tulloch",-120.59887,37.9128,164.592,"US",NA,NA,"UTC"
"16443337.8577-120.19862","164433","37.8577-120.19862","PML North Shore",-120.19862,37.8577,860.1456,"US",NA,NA,"UTC"
"16447139.4178-119.72865","164471","39.4178-119.72865","Kentfield Park",-119.72865,39.4178,1371.6,"US",NA,NA,"UTC"
"16447537.82878-122.11275","164475","37.82878-122.11275","Outside",-122.11275,37.82878,223.4184,"US",NA,NA,"UTC"
"16447739.33939-120.15687","164477","39.33939-120.15687","Old Greenwood",-120.15687,39.33939,1799.844,"US",NA,NA,"UTC"
"16452338.64189-121.74032","164523","38.64189-121.74032","Jeanious",-121.74032,38.64189,13.1064,"US",NA,NA,"UTC"
"16458337.50713-122.47109","164583","37.50713-122.47109","Avenue Del Oro",-122.47109,37.50713,35.6616,"US",NA,NA,"UTC"
"16459137.92343-121.62196","164591","37.92343-121.62196","The Lakes Discovery Bay",-121.62196,37.92343,5.1816,"US",NA,NA,"UTC"
"16459539.54232-119.82616","164595","39.54232-119.82616","Washington Roundabout",-119.82616,39.54232,1417.6248,"US",NA,NA,"UTC"
"16462939.34578-120.10886","164629","39.34578-120.10886","Royal Crest Drive",-120.10886,39.34578,1882.4448,"US",NA,NA,"UTC"
"16465137.89471-122.29645","164651","37.89471-122.29645","Greenhouse",-122.29645,37.89471,17.0688,"US",NA,NA,"UTC"
"16465340.693-120.73064","164653","40.693-120.73064","The Castle",-120.73064,40.693,1559.3568,"US",NA,NA,"UTC"
"16465739.23967-121.0535","164657","39.23967-121.0535","Nevada Union High School",-121.0535,39.23967,824.1792,"US",NA,NA,"UTC"
"16466739.25087-121.02893","164667","39.25087-121.02893","Deer Creek School",-121.02893,39.25087,811.9872,"US",NA,NA,"UTC"
"16467339.11838-121.04149","164673","39.11838-121.04149","Alta Sierra Elementary",-121.04149,39.11838,506.2728,"US",NA,NA,"UTC"
"16467739.42371-119.76497","164677","39.42371-119.76497","BMCHS Outdoor",-119.76497,39.42371,1389.2784,"US",NA,NA,"UTC"
"16468338.65369-121.1085","164683","38.65369-121.1085","Caversham",-121.1085,38.65369,208.1784,"US",NA,NA,"UTC"
"16469339.21151-121.06348","164693","39.21151-121.06348","Silver Springs High School",-121.06348,39.21151,753.7704,"US",NA,NA,"UTC"
"16469538.68468-121.05739","164695","38.68468-121.05739","4295 Greenview Dr",-121.05739,38.68468,327.0504,"US",NA,NA,"UTC"
"16469939.47345-119.82807","164699","39.47345-119.82807","CBO",-119.82807,39.47345,1484.6808,"US",NA,NA,"UTC"
"16470739.0742-121.11281","164707","39.0742-121.11281","Arete Charter Academy",-121.11281,39.0742,483.4128,"US",NA,NA,"UTC"
"16471539.04718-121.07571","164715","39.04718-121.07571","Bear River High School",-121.07571,39.04718,465.1248,"US",NA,NA,"UTC"
"16472139.13563-121.14738","164721","39.13563-121.14738","Nevada Joint Union High School District Ranch",-121.14738,39.13563,494.0808,"US",NA,NA,"UTC"
"16484939.50421-119.85416","164849","39.50421-119.85416","Roth House",-119.85416,39.50421,1409.3952,"US",NA,NA,"UTC"
"16486338.92736-119.83958","164863","38.92736-119.83958","Sierra",-119.83958,38.92736,1463.3448,"US",NA,NA,"UTC"
"16486737.44791-122.15604","164867","37.44791-122.15604","642 Webster Outdoor",-122.15604,37.44791,13.716,"US",NA,NA,"UTC"
"16488137.98818-120.37378","164881","37.98818-120.37378","Sonora  CA",-120.37378,37.98818,635.508,"US",NA,NA,"UTC"
"16490339.27625-121.10066","164903","39.27625-121.10066","Nishinam Gulch",-121.10066,39.27625,591.6168,"US",NA,NA,"UTC"
"16501536.48945-121.73466","165015","36.48945-121.73466","Upper Laurel Outside",-121.73466,36.48945,224.3328,"US",NA,NA,"UTC"
"16507138.65801-121.5482","165071","38.65801-121.5482","Westlake",-121.5482,38.65801,6.096,"US",NA,NA,"UTC"
"16511334.53214-117.23998","165113","34.53214-117.23998","Shasta Road  Apple Valley",-117.23998,34.53214,890.3208,"US",NA,NA,"UTC"
"16511538.62759-121.52824","165115","38.62759-121.52824","San Juan Rd",-121.52824,38.62759,3.9624,"US",NA,NA,"UTC"
"16520538.5072-122.74789","165205","38.5072-122.74789","Greenview Drive",-122.74789,38.5072,77.1144,"US",NA,NA,"UTC"
"16520737.31868-122.03431","165207","37.31868-122.03431","Shelly Drive",-122.03431,37.31868,75.5904,"US",NA,NA,"UTC"
"16521538.81581-123.57945","165215","38.81581-123.57945","Sunset",-123.57945,38.81581,212.1408,"US",NA,NA,"UTC"
"16536535.76098-119.25516","165365","35.76098-119.25516","Nueva_Vista_Language_Academy",-119.25516,35.76098,92.0496,"US",NA,NA,"UTC"
"16538537.56524-121.18222","165385","37.56524-121.18222","Grayson2",-121.18222,37.56524,17.6784,"US",NA,NA,"UTC"
"16540137.52154-122.00243","165401","37.52154-122.00243","Newark Memorial High School - outside",-122.00243,37.52154,8.2296,"US",NA,NA,"UTC"
"16545937.47327-121.12001","165459","37.47327-121.12001","Patterson2",-121.12001,37.47327,27.1272,"US",NA,NA,"UTC"
"16546136.53643-119.84525","165461","36.53643-119.84525","Caruthers_Marks_Ave",-119.84525,36.53643,73.4568,"US",NA,NA,"UTC"
"16547135.77499-119.23867","165471","35.77499-119.23867","Cecil_Collocated",-119.23867,35.77499,99.6696,"US",NA,NA,"UTC"
"16547537.59958-120.87004","165475","37.59958-120.87004","Hughson2",-120.87004,37.59958,37.7952,"US",NA,NA,"UTC"
"16549534.09611-117.74887","165495","34.09611-117.74887","N Garey and Bonita",-117.74887,34.09611,330.708,"US",NA,NA,"UTC"
"16551137.06933-120.81642","165511","37.06933-120.81642","Pacheco High School",-120.81642,37.06933,32.3088,"US",NA,NA,"UTC"
"16551935.77249-119.25498","165519","35.77249-119.25498","Fremont_Elementary_School",-119.25498,35.77249,93.5736,"US",NA,NA,"UTC"
"16552537.72241-122.41012","165525","37.72241-122.41012","weatherwong_airQ",-122.41012,37.72241,49.3776,"US",NA,NA,"UTC"
"16554137.10028-120.93135","165541","37.10028-120.93135","Volta Elementary",-120.93135,37.10028,30.7848,"US",NA,NA,"UTC"
"16554935.77411-119.22726","165549","35.77411-119.22726","Harvest_and_La_Vina",-119.22726,35.77411,105.156,"US",NA,NA,"UTC"
"16555137.72504-120.93201","165551","37.72504-120.93201","Riverbank2",-120.93201,37.72504,42.672,"US",NA,NA,"UTC"
"16555937.62917-120.90094","165559","37.62917-120.90094","Empire2",-120.90094,37.62917,36.8808,"US",NA,NA,"UTC"
"16556737.05275-120.84012","165567","37.05275-120.84012","Co-located LBUSD",-120.84012,37.05275,35.9664,"US",NA,NA,"UTC"
"16557137.71025-121.09599","165571","37.71025-121.09599","Salida2",-121.09599,37.71025,19.2024,"US",NA,NA,"UTC"
"16561737.36322-121.80979","165617","37.36322-121.80979","Geekhaus",-121.80979,37.36322,83.5152,"US",NA,NA,"UTC"
"16562534.4541-119.78402","165625","34.4541-119.78402","BHY Outdoor Chapel",-119.78402,34.4541,78.9432,"US",NA,NA,"UTC"
"16577136.17001-115.11795","165771","36.17001-115.11795","Juana P.",-115.11795,36.17001,565.0992,"US",NA,NA,"UTC"
"16595133.80075-118.172","165951","33.80075-118.172","Purple 1",-118.172,33.80075,35.052,"US",NA,NA,"UTC"
"16596132.63551-115.44992","165961","32.63551-115.44992","Redspira",-115.44992,32.63551,4.572,"US",NA,NA,"UTC"
"16596332.5815-115.45191","165963","32.5815-115.45191","Avenida Benito Perez Galdos #73 Ampliacion Solidaridad Social",-115.45191,32.5815,3.9624,"US",NA,NA,"UTC"
"16597138.76428-121.33131","165971","38.76428-121.33131","Roseville Aquatics Complex",-121.33131,38.76428,40.5384,"US",NA,NA,"UTC"
"16599938.45628-122.69611","165999","38.45628-122.69611","Bryden Outdoor",-122.69611,38.45628,58.5216,"US",NA,NA,"UTC"
"16613738.62429-121.5024","166137","38.62429-121.5024","S. Natomas",-121.5024,38.62429,3.9624,"US",NA,NA,"UTC"
"16614538.52397-121.96165","166145","38.52397-121.96165","Creekside",-121.96165,38.52397,39.3192,"US",NA,NA,"UTC"
"16625537.59554-121.02252","166255","37.59554-121.02252","Fairview Elementary School",-121.02252,37.59554,26.2128,"US",NA,NA,"UTC"
"16632540.54927-122.40147","166325","40.54927-122.40147","Summerbreeze Place",-122.40147,40.54927,208.4832,"US",NA,NA,"UTC"
"16633537.64421-120.96677","166335","37.64421-120.96677","La Loma Jr High",-120.96677,37.64421,32.3088,"US",NA,NA,"UTC"
"16634937.65667-120.97155","166349","37.65667-120.97155","Thomas Downey High School",-120.97155,37.65667,29.8704,"US",NA,NA,"UTC"
"16636137.63713-121.02078","166361","37.63713-121.02078","Franklin Elementary School",-121.02078,37.63713,25.908,"US",NA,NA,"UTC"
"16638337.81182-120.3016","166383","37.81182-120.3016","Moccasin Schoolhouse 2",-120.3016,37.81182,290.4744,"US",NA,NA,"UTC"
"16644537.94469-119.78256","166445","37.94469-119.78256","O'Shaughnessy2",-119.78256,37.94469,1183.5384,"US",NA,NA,"UTC"
"16644737.87791-119.95338","166447","37.87791-119.95338","Kirkwood Powerhouse 2",-119.95338,37.87791,727.2528,"US",NA,NA,"UTC"
"16646538.54294-122.82024","166465","38.54294-122.82024","Windsor High School - EJC",-122.82024,38.54294,35.052,"US",NA,NA,"UTC"
"16678735.77352-119.26208","166787","35.77352-119.26208","Almond_Tree_Middle_School",-119.26208,35.77352,91.1352,"US",NA,NA,"UTC"
"16679337.67875-121.04009","166793","37.67875-121.04009","NW Modesto2",-121.04009,37.67875,24.6888,"US",NA,NA,"UTC"
"16679737.49094-120.8595","166797","37.49094-120.8595","SW Turlock2",-120.8595,37.49094,30.1752,"US",NA,NA,"UTC"
"16682735.76614-119.2682","166827","35.76614-119.2682","Pioneer_School",-119.2682,35.76614,89.3064,"US",NA,NA,"UTC"
"16682937.63465-120.76797","166829","37.63465-120.76797","Waterford2",-120.76797,37.63465,52.7304,"US",NA,NA,"UTC"
"16691937.65596-121.04542","166919","37.65596-121.04542","Martone Elementary Modesto CA",-121.04542,37.65596,22.2504,"US",NA,NA,"UTC"
"16693137.62273-121.01219","166931","37.62273-121.01219","James Marshall Elementary",-121.01219,37.62273,28.3464,"US",NA,NA,"UTC"
"16693537.65385-121.00002","166935","37.65385-121.00002","Enslen Elementary",-121.00002,37.65385,28.0416,"US",NA,NA,"UTC"
"16698537.68159-121.01046","166985","37.68159-121.01046","Davis High School",-121.01046,37.68159,27.7368,"US",NA,NA,"UTC"
"16707136.75335-119.79232","167071","36.75335-119.79232","ucm-88d4",-119.79232,36.75335,90.8304,"US",NA,NA,"UTC"
"16707337.61871-121.02589","167073","37.61871-121.02589","Burbank Elementary School",-121.02589,37.61871,26.2128,"US",NA,NA,"UTC"
"16707537.66524-120.98435","167075","37.66524-120.98435","Elliot Alt. Education",-120.98435,37.66524,30.48,"US",NA,NA,"UTC"
"16707737.66269-121.00648","167077","37.66269-121.00648","Roosevelt Junior High",-121.00648,37.66269,27.432,"US",NA,NA,"UTC"
"16708137.65253-121.03012","167081","37.65253-121.03012","Modesto City Schools Transportation Department",-121.03012,37.65253,24.384,"US",NA,NA,"UTC"
"16708737.61403-121.01889","167087","37.61403-121.01889","Robertson Road Elementary School",-121.01889,37.61403,22.5552,"US",NA,NA,"UTC"
"16709337.63063-121.00626","167093","37.63063-121.00626","Modesto High School",-121.00626,37.63063,28.0416,"US",NA,NA,"UTC"
"16711137.69074-120.96715","167111","37.69074-120.96715","Beyer High School",-120.96715,37.69074,31.3944,"US",NA,NA,"UTC"
"16712737.67505-121.00443","167127","37.67505-121.00443","Beard Elementary School",-121.00443,37.67505,25.908,"US",NA,NA,"UTC"
"16713537.65822-120.96608","167135","37.65822-120.96608","Rose Ave Elementary Modesto CA",-120.96608,37.65822,31.3944,"US",NA,NA,"UTC"
"16714537.66524-121.0249","167145","37.66524-121.0249","Garrison Elementary School",-121.0249,37.66524,26.2128,"US",NA,NA,"UTC"
"16715937.63271-121.02124","167159","37.63271-121.02124","Mark Twain Junior High",-121.02124,37.63271,26.5176,"US",NA,NA,"UTC"
"16721337.64428-120.95669","167213","37.64428-120.95669","El Vista Elementary School",-120.95669,37.64428,32.004,"US",NA,NA,"UTC"
"16723938.03066-122.57525","167239","38.03066-122.57525","Mt Shasta Dr.",-122.57525,38.03066,51.816,"US",NA,NA,"UTC"
"16726938.89652-121.29812","167269","38.89652-121.29812","Lincoln High School",-121.29812,38.89652,47.8536,"US",NA,NA,"UTC"
"16736737.62684-120.96893","167367","37.62684-120.96893","Orville Wright Elementary",-120.96893,37.62684,28.956,"US",NA,NA,"UTC"
"16738139.33958-120.1285","167381","39.33958-120.1285","T-TSA near Legacy Trail",-120.1285,39.33958,1747.1136,"US",NA,NA,"UTC"
"16738738.5369-121.55606","167387","38.5369-121.55606","F.I.R.E. 2024",-121.55606,38.5369,4.8768,"US",NA,NA,"UTC"
"16739532.69828-117.17545","167395","32.69828-117.17545","2nd &amp; E",-117.17545,32.69828,5.7912,"US",NA,NA,"UTC"
"16743937.42778-119.82611","167439","37.42778-119.82611","Usona outside",-119.82611,37.42778,830.8848,"US",NA,NA,"UTC"
"16746737.60409-121.00451","167467","37.60409-121.00451","Evelyn Hanshaw Middle School",-121.00451,37.60409,26.5176,"US",NA,NA,"UTC"
"16747136.67353-119.73364","167471","36.67353-119.73364","ucm-19ec",-119.73364,36.67353,90.5256,"US",NA,NA,"UTC"
"16777337.8055-121.78986","167773","37.8055-121.78986","Morgan Territory Elevation 2050'",-121.78986,37.8055,626.6688,"US",NA,NA,"UTC"
"16787138.61556-122.86383","167871","38.61556-122.86383","Forno 436",-122.86383,38.61556,43.5864,"US",NA,NA,"UTC"
"16810539.14861-119.70875","168105","39.14861-119.70875","Pinyon Hills",-119.70875,39.14861,1402.6896,"US",NA,NA,"UTC"
"16823937.29763-121.87977","168239","37.29763-121.87977","Almaden Walk Loop",-121.87977,37.29763,40.8432,"US",NA,NA,"UTC"
"16836937.84135-122.27367","168369","37.84135-122.27367","Der Bau",-122.27367,37.84135,22.2504,"US",NA,NA,"UTC"
"16844534.19158-118.18054","168445","34.19158-118.18054","La Canada High School",-118.18054,34.19158,334.6704,"US",NA,NA,"UTC"
"16844934.19262-118.17915","168449","34.19262-118.17915","La Canada High School",-118.17915,34.19262,335.28,"US",NA,NA,"UTC"
"16845134.19144-118.17879","168451","34.19144-118.17879","La Canada High School",-118.17879,34.19144,333.4512,"US",NA,NA,"UTC"
"16845534.19107-118.17921","168455","34.19107-118.17921","La Canada High School",-118.17921,34.19107,332.8416,"US",NA,NA,"UTC"
"16845934.19414-118.18056","168459","34.19414-118.18056","LCHS 4",-118.18056,34.19414,338.9376,"US",NA,NA,"UTC"
"16855737.89988-122.26386","168557","37.89988-122.26386","lacaberke467",-122.26386,37.89988,304.8,"US",NA,NA,"UTC"
"16953333.98075-117.46268","169533","33.98075-117.46268","zv patio",-117.46268,33.98075,263.3472,"US",NA,NA,"UTC"
"16969734.18683-118.38929","169697","34.18683-118.38929","Holos Communities (HQ)",-118.38929,34.18683,211.5312,"US",NA,NA,"UTC"
"16973938.58082-121.4689","169739","38.58082-121.4689","26th and D",-121.4689,38.58082,7.9248,"US",NA,NA,"UTC"
"16990132.72029-116.36035","169901","32.72029-116.36035","outside LP office",-116.36035,32.72029,1328.3184,"US",NA,NA,"UTC"
"16995738.55907-121.75331","169957","38.55907-121.75331","Central Davis--Redwood Lane",-121.75331,38.55907,15.5448,"US",NA,NA,"UTC"
"16996737.61375-122.40727","169967","37.61375-122.40727","emalita",-122.40727,37.61375,16.4592,"US",NA,NA,"UTC"
"16997737.84164-122.20214","169977","37.84164-122.20214","Thornhaus",-122.20214,37.84164,276.1488,"US",NA,NA,"UTC"
"16998737.72523-122.44249","169987","37.72523-122.44249","PA-II-FLEX-3",-122.44249,37.72523,53.6448,"US",NA,NA,"UTC"
"16998937.72523-122.44248","169989","37.72523-122.44248","PA-II-FLEX-4",-122.44248,37.72523,53.6448,"US",NA,NA,"UTC"
"17046535.89113-119.04108","170465","35.89113-119.04108","Ducor Union Elementary School",-119.04108,35.89113,167.9448,"US",NA,NA,"UTC"
"17046735.89127-119.04126","170467","35.89127-119.04126","Ducor Union Elementary School",-119.04126,35.89127,167.9448,"US",NA,NA,"UTC"
"17135337.55385-122.32691","171353","37.55385-122.32691","Harvard Road San Mateo",-122.32691,37.55385,26.5176,"US",NA,NA,"UTC"
"17151737.78945-122.39155","171517","37.78945-122.39155","Infinity High",-122.39155,37.78945,3.9624,"US",NA,NA,"UTC"
"17153137.22585-121.95488","171531","37.22585-121.95488","Surrey Farms",-121.95488,37.22585,125.2728,"US",NA,NA,"UTC"
"17154130.65068-115.965","171541","30.65068-115.965","IIO-EMASQUI",-115.965,30.65068,20.1168,"US",NA,NA,"UTC"
"17179138.83498-121.15405","171791","38.83498-121.15405","Rustic Woods",-121.15405,38.83498,161.2392,"US",NA,NA,"UTC"
"17180537.70511-122.10522","171805","37.70511-122.10522","Castro Valley 2",-122.10522,37.70511,130.1496,"US",NA,NA,"UTC"
"17197536.58805-121.90511","171975","36.58805-121.90511","VVDDC",-121.90511,36.58805,71.628,"US",NA,NA,"UTC"
"17205333.27483-115.97566","172053","33.27483-115.97566","Salton City UFJ #1",-115.97566,33.27483,-8.2296,"US",NA,NA,"UTC"
"17205932.69829-117.17069","172059","32.69829-117.17069","Bayside 1st and C Coronado",-117.17069,32.69829,5.1816,"US",NA,NA,"UTC"
"17206937.75235-122.40044","172069","37.75235-122.40044","de Haro Blvd",-122.40044,37.75235,57.3024,"US",NA,NA,"UTC"
"17209539.25065-120.04106","172095","39.25065-120.04106","Kingswood Drive",-120.04106,39.25065,1966.2648,"US",NA,NA,"UTC"
"17217334.09048-118.21342","172173","34.09048-118.21342","Naturhus W Avenue 37",-118.21342,34.09048,121.0056,"US",NA,NA,"UTC"
"17218933.50339-117.74223","172189","33.50339-117.74223","Santa Rosa",-117.74223,33.50339,64.6176,"US",NA,NA,"UTC"
"17219137.81453-122.23297","172191","37.81453-122.23297","Walavista Avenue",-122.23297,37.81453,42.672,"US",NA,NA,"UTC"
"17219540.61508-122.52014","172195","40.61508-122.52014","Whiskeytown Visitor Center",-122.52014,40.61508,419.7096,"US",NA,NA,"UTC"
"17229737.71248-122.50035","172297","37.71248-122.50035","Fort Funston",-122.50035,37.71248,57.3024,"US",NA,NA,"UTC"
"17242337.83252-122.53695","172423","37.83252-122.53695","Fort Cronkhite",-122.53695,37.83252,12.4968,"US",NA,NA,"UTC"
"17243137.6423-121.87341","172431","37.6423-121.87341","860 sycamore rd Pleasanton ca 94566",-121.87341,37.6423,122.2248,"US",NA,NA,"UTC"
"17261338.42662-122.92807","172613","38.42662-122.92807","HGPbbm",-122.92807,38.42662,226.1616,"US",NA,NA,"UTC"
"17261938.07648-122.53551","172619","38.07648-122.53551","DriveSavers  Inc.",-122.53551,38.07648,3.6576,"US",NA,NA,"UTC"
"17262538.3129-123.0141","172625","38.3129-123.0141","Pinnacle Gulch Trail",-123.0141,38.3129,76.5048,"US",NA,NA,"UTC"
"17263537.85153-122.24456","172635","37.85153-122.24456","Chabolyn Outside",-122.24456,37.85153,80.1624,"US",NA,NA,"UTC"
"17263737.78868-122.45615","172637","37.78868-122.45615","Presidio Hill School",-122.45615,37.78868,89.3064,"US",NA,NA,"UTC"
"17268939.35658-123.81709","172689","39.35658-123.81709","Burn less breath more 2",-123.81709,39.35658,38.1,"US",NA,NA,"UTC"
"17281333.8945-118.15","172813","33.8945-118.15","Somerset",-118.15,33.8945,21.9456,"US",NA,NA,"UTC"
"17281538.65156-121.55351","172815","38.65156-121.55351","Sniffy1",-121.55351,38.65156,6.4008,"US",NA,NA,"UTC"
"17286333.5622-117.23365","172863","33.5622-117.23365","Thompson Middle School",-117.23365,33.5622,347.7768,"US",NA,NA,"UTC"
"17290338.26455-122.06125","172903","38.26455-122.06125","Arguello Court",-122.06125,38.26455,17.6784,"US",NA,NA,"UTC"
"17303333.5513-117.14928","173033","33.5513-117.14928","Warm Springs Middle School",-117.14928,33.5513,358.7496,"US",NA,NA,"UTC"
"17304133.52998-117.18581","173041","33.52998-117.18581","DSC PurpleAir",-117.18581,33.52998,320.04,"US",NA,NA,"UTC"
"17304533.59386-117.20177","173045","33.59386-117.20177","Tovishal Elementary School",-117.20177,33.59386,445.9224,"US",NA,NA,"UTC"
"17306733.59698-117.16535","173067","33.59698-117.16535","Vista Murrieta High School",-117.16535,33.59698,459.6384,"US",NA,NA,"UTC"
"17312939.54641-119.87378","173129","39.54641-119.87378","Porter House",-119.87378,39.54641,1558.4424,"US",NA,NA,"UTC"
"17317538.54464-121.50047","173175","38.54464-121.50047","Doc Oliver Field",-121.50047,38.54464,4.2672,"US",NA,NA,"UTC"
"17351737.83221-122.29009","173517","37.83221-122.29009","cody32",-122.29009,37.83221,4.8768,"US",NA,NA,"UTC"
"17355537.23103-121.92223","173555","37.23103-121.92223","Surmont Hill",-121.92223,37.23103,144.1704,"US",NA,NA,"UTC"
"17357734.51531-118.1553","173577","34.51531-118.1553","Wild Hare Ranch",-118.1553,34.51531,1156.716,"US",NA,NA,"UTC"
"17361737.26482-119.70533","173617","37.26482-119.70533","Oak Creek-Blackwood",-119.70533,37.26482,686.7144,"US",NA,NA,"UTC"
"17366537.39373-122.08364","173665","37.39373-122.08364","Dana\/Oak",-122.08364,37.39373,23.7744,"US",NA,NA,"UTC"
"17367538.09164-122.57397","173675","38.09164-122.57397","Presidents",-122.57397,38.09164,29.8704,"US",NA,NA,"UTC"
"17369938.5533-121.74811","173699","38.5533-121.74811","Miller Drive outdoor",-121.74811,38.5533,15.24,"US",NA,NA,"UTC"
"17373537.69947-121.13679","173735","37.69947-121.13679","US-RGF",-121.13679,37.69947,17.0688,"US",NA,NA,"UTC"
"17377138.63347-121.11708","173771","38.63347-121.11708","Regency2",-121.11708,38.63347,115.5192,"US",NA,NA,"UTC"
"17378539.74519-121.63543","173785","39.74519-121.63543","Circlewood Area",-121.63543,39.74519,463.9056,"US",NA,NA,"UTC"
"17379338.4723-122.7468","173793","38.4723-122.7468","CoffeyPark",-122.7468,38.4723,41.148,"US",NA,NA,"UTC"
"17379737.988-122.29063","173797","37.988-122.29063","Maan Doabe Da",-122.29063,37.988,106.3752,"US",NA,NA,"UTC"
"17380937.41262-121.88951","173809","37.41262-121.88951","Meridian Sky",-121.88951,37.41262,16.4592,"US",NA,NA,"UTC"
"17384936.57122-121.96691","173849","36.57122-121.96691","Ballantrae",-121.96691,36.57122,54.5592,"US",NA,NA,"UTC"
"17385538.54665-121.47785","173855","38.54665-121.47785","Montgomery",-121.47785,38.54665,6.4008,"US",NA,NA,"UTC"
"17386738.55113-121.44563","173867","38.55113-121.44563","Elmwood 5-",-121.44563,38.55113,10.0584,"US",NA,NA,"UTC"
"17386938.58613-121.48656","173869","38.58613-121.48656","Whisker Flat",-121.48656,38.58613,7.62,"US",NA,NA,"UTC"
"17388738.64646-121.43793","173887","38.64646-121.43793","Robla",-121.43793,38.64646,13.4112,"US",NA,NA,"UTC"
"17389338.55054-121.45949","173893","38.55054-121.45949","2nd Ave - North Oak Park",-121.45949,38.55054,7.9248,"US",NA,NA,"UTC"
"17389538.55381-121.44144","173895","38.55381-121.44144","Elmhurst",-121.44144,38.55381,10.0584,"US",NA,NA,"UTC"
"17389738.63057-121.42024","173897","38.63057-121.42024","Hagginwood",-121.42024,38.63057,14.6304,"US",NA,NA,"UTC"
"17389938.58147-121.47602","173899","38.58147-121.47602","Mamma Mia Mansion",-121.47602,38.58147,7.3152,"US",NA,NA,"UTC"
"17390538.56065-121.46944","173905","38.56065-121.46944","U Street",-121.46944,38.56065,7.9248,"US",NA,NA,"UTC"
"17390938.55734-121.45854","173909","38.55734-121.45854","3932 U Street",-121.45854,38.55734,8.2296,"US",NA,NA,"UTC"
"17391138.61196-121.4604","173911","38.61196-121.4604","Santiago",-121.4604,38.61196,9.7536,"US",NA,NA,"UTC"
"17391338.53948-121.48985","173913","38.53948-121.48985","Sacramento City College",-121.48985,38.53948,7.0104,"US",NA,NA,"UTC"
"17391738.54302-121.46717","173917","38.54302-121.46717","Oak Park 9th Ave",-121.46717,38.54302,7.0104,"US",NA,NA,"UTC"
"17392338.55769-121.47102","173923","38.55769-121.47102","Alhambra and W St",-121.47102,38.55769,7.9248,"US",NA,NA,"UTC"
"17401738.60138-121.46379","174017","38.60138-121.46379","Dean Road",-121.46379,38.60138,7.9248,"US",NA,NA,"UTC"
"17401938.5298-121.41459","174019","38.5298-121.41459","5020Bradford",-121.41459,38.5298,12.4968,"US",NA,NA,"UTC"
"17402138.54827-121.43821","174021","38.54827-121.43821","AQ9th",-121.43821,38.54827,10.9728,"US",NA,NA,"UTC"
"17403138.58416-121.45373","174031","38.58416-121.45373","MKV",-121.45373,38.58416,7.62,"US",NA,NA,"UTC"
"17403338.55061-121.4648","174033","38.55061-121.4648","North Oak Park",-121.4648,38.55061,8.8392,"US",NA,NA,"UTC"
"17403938.58476-121.45342","174039","38.58476-121.45342","Forney Way",-121.45342,38.58476,7.9248,"US",NA,NA,"UTC"
"17404738.64088-121.43381","174047","38.64088-121.43381","DPH-80",-121.43381,38.64088,12.8016,"US",NA,NA,"UTC"
"17405138.47617-121.49461","174051","38.47617-121.49461","1921 Bonavista Way",-121.49461,38.47617,5.1816,"US",NA,NA,"UTC"
"17405538.53865-121.46456","174055","38.53865-121.46456","3900 block of MLK",-121.46456,38.53865,9.144,"US",NA,NA,"UTC"
"17406138.5018-121.48695","174061","38.5018-121.48695","Lford@airquality.org",-121.48695,38.5018,5.4864,"US",NA,NA,"UTC"
"17406538.61311-121.44373","174065","38.61311-121.44373","Frienza Ave &amp; Evergreen St",-121.44373,38.61311,11.8872,"US",NA,NA,"UTC"
"17408138.54195-121.43082","174081","38.54195-121.43082","Marjorie Way",-121.43082,38.54195,11.5824,"US",NA,NA,"UTC"
"17408538.63742-121.45058","174085","38.63742-121.45058","Knightlinger",-121.45058,38.63742,12.4968,"US",NA,NA,"UTC"
"17408738.63213-121.44263","174087","38.63213-121.44263","May street",-121.44263,38.63213,11.2776,"US",NA,NA,"UTC"
"17409138.36591-122.85122","174091","38.36591-122.85122","Exterior of building",-122.85122,38.36591,121.0056,"US",NA,NA,"UTC"
"17421138.47121-121.4425","174211","38.47121-121.4425","S-SACA041",-121.4425,38.47121,6.7056,"US",NA,NA,"UTC"
"17424138.64583-121.43645","174241","38.64583-121.43645","Fell St",-121.43645,38.64583,13.1064,"US",NA,NA,"UTC"
"17432938.53563-121.43549","174329","38.53563-121.43549","Tallac Village \/ S. Tahoe Park - Mr.KittyKitty",-121.43549,38.53563,11.2776,"US",NA,NA,"UTC"
"17433538.57741-121.46756","174335","38.57741-121.46756","28th &amp; G",-121.46756,38.57741,7.0104,"US",NA,NA,"UTC"
"17446534.28426-118.742","174465","34.28426-118.742","Ralph's House",-118.742,34.28426,299.3136,"US",NA,NA,"UTC"
"17449134.19891-118.16341","174491","34.19891-118.16341","Altadena",-118.16341,34.19891,373.38,"US",NA,NA,"UTC"
"17451337.96858-120.29063","174513","37.96858-120.29063","Curtis Creek Ranch",-120.29063,37.96858,786.6888,"US",NA,NA,"UTC"
"17451541.31242-122.28677","174515","41.31242-122.28677","Shasta Acres",-122.28677,41.31242,1212.1896,"US",NA,NA,"UTC"
"17456338.23396-120.35899","174563","38.23396-120.35899","DANMAR",-120.35899,38.23396,1176.8328,"US",NA,NA,"UTC"
"17460137.87376-122.25417","174601","37.87376-122.25417","UC Berkeley Greek Theater",-122.25417,37.87376,122.8344,"US",NA,NA,"UTC"
"17472533.88323-118.02518","174725","33.88323-118.02518","La Mirada PA Zen",-118.02518,33.88323,19.812,"US",NA,NA,"UTC"
"17479133.98415-118.42757","174791","33.98415-118.42757","Ocean Charter School",-118.42757,33.98415,4.572,"US",NA,NA,"UTC"
"17482739.34944-120.11224","174827","39.34944-120.11224","TRKRoyal",-120.11224,39.34944,1855.0128,"US",NA,NA,"UTC"
"17484537.93401-122.07297","174845","37.93401-122.07297","PH",-122.07297,37.93401,24.0792,"US",NA,NA,"UTC"
"17484933.67287-117.67979","174849","33.67287-117.67979","AlextheArchitect - Baker Ranch",-117.67979,33.67287,226.4664,"US",NA,NA,"UTC"
"17489133.88323-118.02518","174891","33.88323-118.02518","La Mirada PA Flex",-118.02518,33.88323,19.812,"US",NA,NA,"UTC"
"17492933.78885-117.88835","174929","33.78885-117.88835","DH - Roof",-117.88835,33.78885,41.4528,"US",NA,NA,"UTC"
"17499734.20196-118.176","174997","34.20196-118.176","PurpleAir Sensor 24",-118.176,34.20196,391.0584,"US",NA,NA,"UTC"
"17500534.19859-118.17147","175005","34.19859-118.17147","PurpleAir Sensor 23",-118.17147,34.19859,336.4992,"US",NA,NA,"UTC"
"17502937.92273-122.28821","175029","37.92273-122.28821","Don Carol Dr",-122.28821,37.92273,246.5832,"US",NA,NA,"UTC"
"17504737.29003-121.95627","175047","37.29003-121.95627","Carlyn Ave",-121.95627,37.29003,57.912,"US",NA,NA,"UTC"
"17507138.3993-121.3432","175071","38.3993-121.3432","Quintero Ave",-121.3432,38.3993,16.1544,"US",NA,NA,"UTC"
"17509136.67347-121.62362","175091","36.67347-121.62362","Salinas Community Science Workshop",-121.62362,36.67347,24.384,"US",NA,NA,"UTC"
"17511339.62952-121.77666","175113","39.62952-121.77666","Stanford Ln",-121.77666,39.62952,45.72,"US",NA,NA,"UTC"
"17514138.5338-121.48451","175141","38.5338-121.48451","Attawa",-121.48451,38.5338,7.62,"US",NA,NA,"UTC"
"17514338.54541-121.46056","175143","38.54541-121.46056","OPAir",-121.46056,38.54541,7.9248,"US",NA,NA,"UTC"
"17515338.54544-121.42914","175153","38.54544-121.42914","65th and Broadway",-121.42914,38.54544,11.5824,"US",NA,NA,"UTC"
"17515738.46455-121.46021","175157","38.46455-121.46021","15MosesCt",-121.46021,38.46455,4.572,"US",NA,NA,"UTC"
"17516138.56924-121.4839","175161","38.56924-121.4839","Q-Sniff",-121.4839,38.56924,6.096,"US",NA,NA,"UTC"
"17516338.55098-121.43893","175163","38.55098-121.43893","Chez Mochi",-121.43893,38.55098,10.3632,"US",NA,NA,"UTC"
"17516538.62087-121.50752","175165","38.62087-121.50752","JFS",-121.50752,38.62087,4.2672,"US",NA,NA,"UTC"
"17516938.53616-121.44099","175169","38.53616-121.44099","Colonial Heights - 56th St",-121.44099,38.53616,10.3632,"US",NA,NA,"UTC"
"17517138.55304-121.4429","175171","38.55304-121.4429","48th &amp; T Sts",-121.4429,38.55304,10.9728,"US",NA,NA,"UTC"
"17517338.62528-121.42654","175173","38.62528-121.42654","The Bower",-121.42654,38.62528,14.0208,"US",NA,NA,"UTC"
"17517538.53078-121.43577","175175","38.53078-121.43577","CW4910",-121.43577,38.53078,10.9728,"US",NA,NA,"UTC"
"17517938.56496-121.49419","175179","38.56496-121.49419","14th Street",-121.49419,38.56496,4.8768,"US",NA,NA,"UTC"
"17518338.47095-121.46026","175183","38.47095-121.46026","The Deers",-121.46026,38.47095,4.2672,"US",NA,NA,"UTC"
"17518738.53468-121.44534","175187","38.53468-121.44534","Colonial Heights 52nd Street",-121.44534,38.53468,10.3632,"US",NA,NA,"UTC"
"17518938.53656-121.42893","175189","38.53656-121.42893","Tahoe Park Asthma Grrl",-121.42893,38.53656,12.4968,"US",NA,NA,"UTC"
"17519738.48042-121.479","175197","38.48042-121.479","Pannell Community Center",-121.479,38.48042,6.4008,"US",NA,NA,"UTC"
"17520138.62638-121.42826","175201","38.62638-121.42826","Arcade and Diggs Park",-121.42826,38.62638,13.4112,"US",NA,NA,"UTC"
"17520338.62807-121.43282","175203","38.62807-121.43282","Hagginwood Community Center",-121.43282,38.62807,12.4968,"US",NA,NA,"UTC"
"17521138.54386-121.47156","175211","38.54386-121.47156","33rd &amp; 9th Ave",-121.47156,38.54386,6.4008,"US",NA,NA,"UTC"
"17535334.11879-118.39649","175353","34.11879-118.39649","Hazen-Mullholland",-118.39649,34.11879,401.4216,"US",NA,NA,"UTC"
"17541534.32636-118.42477","175415","34.32636-118.42477","Aldergrove",-118.42477,34.32636,487.3752,"US",NA,NA,"UTC"
"17549737.75169-122.39838","175497","37.75169-122.39838","PT-UW",-122.39838,37.75169,45.72,"US",NA,NA,"UTC"
"17552732.82382-117.26082","175527","32.82382-117.26082","Muirlands",-117.26082,32.82382,163.6776,"US",NA,NA,"UTC"
"17569137.33091-121.90745","175691","37.33091-121.90745","Garage outside",-121.90745,37.33091,28.3464,"US",NA,NA,"UTC"
"17581737.32641-121.98215","175817","37.32641-121.98215","Kingdom of Arthur",-121.98215,37.32641,42.3672,"US",NA,NA,"UTC"
"17585733.79463-118.09243","175857","33.79463-118.09243","Pattiz Avenue",-118.09243,33.79463,5.7912,"US",NA,NA,"UTC"
"17587334.19942-118.17309","175873","34.19942-118.17309","AQMD_NASA_291_v2",-118.17309,34.19942,345.0336,"US",NA,NA,"UTC"
"17594534.19906-118.17342","175945","34.19906-118.17342","PurpleAir Sensor 22",-118.17342,34.19906,339.852,"US",NA,NA,"UTC"
"17599336.33921-119.65718","175993","36.33921-119.65718","Ruthies Porch",-119.65718,36.33921,72.5424,"US",NA,NA,"UTC"
"17602537.82561-122.25071","176025","37.82561-122.25071","41st St &amp; Glen Ave Oakland",-122.25071,37.82561,28.6512,"US",NA,NA,"UTC"
"17605537.43155-122.11096","176055","37.43155-122.11096","PaloAltoWeather.com (alternate)",-122.11096,37.43155,1.8288,"US",NA,NA,"UTC"
"17612334.10565-117.71199","176123","34.10565-117.71199","HMC Jacobs 2",-117.71199,34.10565,388.62,"US",NA,NA,"UTC"
"17621134.10566-117.71184","176211","34.10566-117.71184","HMC Jacobs 3",-117.71184,34.10566,388.9248,"US",NA,NA,"UTC"
"17621934.10565-117.71207","176219","34.10565-117.71207","HMC Jacobs 6",-117.71207,34.10565,388.3152,"US",NA,NA,"UTC"
"17627134.0298-118.75429","176271","34.0298-118.75429","Tivoli Cove",-118.75429,34.0298,27.432,"US",NA,NA,"UTC"
"17632339.54102-119.81415","176323","39.54102-119.81415","UNR ATMS\/PHYS Outside",-119.81415,39.54102,1386.84,"US",NA,NA,"UTC"
"17634737.41206-121.94044","176347","37.41206-121.94044","Venue Apts nw side upper floor",-121.94044,37.41206,3.6576,"US",NA,NA,"UTC"
"17635934.10565-117.71177","176359","34.10565-117.71177","HMC Jacobs 5",-117.71177,34.10565,388.9248,"US",NA,NA,"UTC"
"17636734.11063-117.70744","176367","34.11063-117.70744","Lelia Hawkins",-117.70744,34.11063,411.1752,"US",NA,NA,"UTC"
"17637934.10562-117.71207","176379","34.10562-117.71207","HMC Jacobs 4",-117.71207,34.10562,388.3152,"US",NA,NA,"UTC"
"17643337.88698-122.21018","176433","37.88698-122.21018","Greenhovse Outdoor",-122.21018,37.88698,307.2384,"US",NA,NA,"UTC"
"17646937.7965-122.4329","176469","37.7965-122.4329","Green Street Exterior 3rd floor",-122.4329,37.7965,36.576,"US",NA,NA,"UTC"
"17657337.8933-122.27212","176573","37.8933-122.27212","Outside Mortar Rock",-122.27212,37.8933,133.8072,"US",NA,NA,"UTC"
"17657537.77125-122.13517","176575","37.77125-122.13517","East Oakland Hills",-122.13517,37.77125,206.0448,"US",NA,NA,"UTC"
"17667937.5055-120.83678","176679","37.5055-120.83678","DMS-Ext",-120.83678,37.5055,34.7472,"US",NA,NA,"UTC"
"17668540.84552-124.1687","176685","40.84552-124.1687","RCM Outside",-124.1687,40.84552,8.2296,"US",NA,NA,"UTC"
"17669937.71724-122.17996","176699","37.71724-122.17996","Gate 510",-122.17996,37.71724,7.0104,"US",NA,NA,"UTC"
"17672137.70667-122.16347","176721","37.70667-122.16347","San Leandro Kaiser",-122.16347,37.70667,7.62,"US",NA,NA,"UTC"
"17672340.77666-124.17897","176723","40.77666-124.17897","Eagle outside",-124.17897,40.77666,33.528,"US",NA,NA,"UTC"
"17672537.70467-122.15413","176725","37.70467-122.15413","Davis Street Community Center",-122.15413,37.70467,10.0584,"US",NA,NA,"UTC"
"17678337.73296-122.38903","176783","37.73296-122.38903","Bayview Palou",-122.38903,37.73296,35.3568,"US",NA,NA,"UTC"
"17684332.7192-117.1318","176843","32.7192-117.1318","29th &amp; A St",-117.1318,32.7192,63.0936,"US",NA,NA,"UTC"
"17687739.35918-123.81806","176877","39.35918-123.81806","Caspar Beach",-123.81806,39.35918,23.4696,"US",NA,NA,"UTC"
"17691738.2502-122.05448","176917","38.2502-122.05448","Purple Air",-122.05448,38.2502,8.8392,"US",NA,NA,"UTC"
"17692937.8788-122.25005","176929","37.8788-122.25005","LBNL-71T",-122.25005,37.8788,259.3848,"US",NA,NA,"UTC"
"17693536.30996-119.78492","176935","36.30996-119.78492","Lemoore",-119.78492,36.30996,66.1416,"US",NA,NA,"UTC"
"17697738.39972-122.61648","176977","38.39972-122.61648","Bennett Valley - Woodside",-122.61648,38.39972,188.0616,"US",NA,NA,"UTC"
"17701333.75593-116.26452","177013","33.75593-116.26452","Sun City Shadow Hills",-116.26452,33.75593,15.8496,"US",NA,NA,"UTC"
"17701738.62457-121.34609","177017","38.62457-121.34609","North &amp; Walnut",-121.34609,38.62457,30.7848,"US",NA,NA,"UTC"
"17730138.79183-121.21278","177301","38.79183-121.21278","Sierra College Rocklin",-121.21278,38.79183,99.3648,"US",NA,NA,"UTC"
"17735937.52828-120.86939","177359","37.52828-120.86939","TJHS-Ext",-120.86939,37.52828,33.2232,"US",NA,NA,"UTC"
"17737938.74496-120.82637","177379","38.74496-120.82637","Diana St",-120.82637,38.74496,604.1136,"US",NA,NA,"UTC"
"17748540.59313-122.49012","177485","40.59313-122.49012","Crocker Alley",-122.49012,40.59313,303.276,"US",NA,NA,"UTC"
"17752137.61908-122.45091","177521","37.61908-122.45091","Lake X Lassen Dr",-122.45091,37.61908,245.364,"US",NA,NA,"UTC"
"17753339.75441-121.78516","177533","39.75441-121.78516","Yosemite\/Palisades",-121.78516,39.75441,98.4504,"US",NA,NA,"UTC"
"17753938.18973-120.0035","177539","38.18973-120.0035","Pinecrest",-120.0035,38.18973,1705.0512,"US",NA,NA,"UTC"
"17754533.56908-116.17881","177545","33.56908-116.17881","SCAQA_14",-116.17881,33.56908,-28.3464,"US",NA,NA,"UTC"
"17756137.1186-122.11378","177561","37.1186-122.11378","Kohinoor",-122.11378,37.1186,221.2848,"US",NA,NA,"UTC"
"17770337.06716-122.07719","177703","37.06716-122.07719","SLV Charter School",-122.07719,37.06716,80.4672,"US",NA,NA,"UTC"
"17774338.78877-121.27835","177743","38.78877-121.27835","Mike Shellito Indoor pool",-121.27835,38.78877,61.5696,"US",NA,NA,"UTC"
"17789338.74868-121.166","177893","38.74868-121.166","Cedar Oaks",-121.166,38.74868,126.1872,"US",NA,NA,"UTC"
"17791733.38002-116.66756","177917","33.38002-116.66756","Chihuahua Valley",-116.66756,33.38002,1320.0888,"US",NA,NA,"UTC"
"17792937.91999-122.35496","177929","37.91999-122.35496","Marina Tower",-122.35496,37.91999,3.048,"US",NA,NA,"UTC"
"17803337.20306-121.84883","178033","37.20306-121.84883","95120",-121.84883,37.20306,102.7176,"US",NA,NA,"UTC"
"17806734.15182-118.11513","178067","34.15182-118.11513","Corson\/Jefferson Park",-118.11513,34.15182,246.2784,"US",NA,NA,"UTC"
"17821137.51344-122.50967","178211","37.51344-122.50967","30 Bernal Ave",-122.50967,37.51344,35.052,"US",NA,NA,"UTC"
"17823938.19629-120.0115","178239","38.19629-120.0115","River Road",-120.0115,38.19629,1596.5424,"US",NA,NA,"UTC"
"17834738.65163-121.17272","178347","38.65163-121.17272","Faithorne Lane",-121.17272,38.65163,65.2272,"US",NA,NA,"UTC"
"17871138.01266-121.28571","178711","38.01266-121.28571","UCM-fc13",-121.28571,38.01266,7.3152,"US",NA,NA,"UTC"
"17871737.55208-122.31569","178717","37.55208-122.31569","Borel Ave",-122.31569,37.55208,8.5344,"US",NA,NA,"UTC"
"17951934.0339-118.79921","179519","34.0339-118.79921","Casa del Sol",-118.79921,34.0339,142.9512,"US",NA,NA,"UTC"
"17952736.2835-119.15233","179527","36.2835-119.15233","Park Place",-119.15233,36.2835,114.3,"US",NA,NA,"UTC"
"17956735.12797-118.48716","179567","35.12797-118.48716","miker",-118.48716,35.12797,1225.296,"US",NA,NA,"UTC"
"17965537.54316-122.50415","179655","37.54316-122.50415","Old Barn  Montara",-122.50415,37.54316,64.008,"US",NA,NA,"UTC"
"17974138.89907-121.00405","179741","38.89907-121.00405","ShadowWoods",-121.00405,38.89907,522.732,"US",NA,NA,"UTC"
"17977337.76282-122.47683","179773","37.76282-122.47683","Jefferson Elementary",-122.47683,37.76282,71.9328,"US",NA,NA,"UTC"
"17986535.23366-120.75446","179865","35.23366-120.75446","Black Walnut",-120.75446,35.23366,124.3584,"US",NA,NA,"UTC"
"17997737.39207-122.09055","179977","37.39207-122.09055","PetSanctuary",-122.09055,37.39207,27.7368,"US",NA,NA,"UTC"
"18008133.99958-117.41601","180081","33.99958-117.41601","Rubidoux ASCENT",-117.41601,33.99958,249.6312,"US",NA,NA,"UTC"
"18010734.06957-116.38893","180107","34.06957-116.38893","Joshua Tree ASCENT",-116.38893,34.06957,1237.1832,"US",NA,NA,"UTC"
"18015534.01028-118.06861","180155","34.01028-118.06861","LA-Pico Rivera ASCENT",-118.06861,34.01028,56.6928,"US",NA,NA,"UTC"
"18064737.78395-121.98809","180647","37.78395-121.98809","The Preserve",-121.98809,37.78395,229.5144,"US",NA,NA,"UTC"
"18081534.1486-118.25397","180815","34.1486-118.25397","215 n Maryland Ave Glendale  CA 91206",-118.25397,34.1486,168.8592,"US",NA,NA,"UTC"
"18115137.33993-122.03442","181151","37.33993-122.03442","Purps123",-122.03442,37.33993,62.1792,"US",NA,NA,"UTC"
"18138137.38217-122.11966","181381","37.38217-122.11966","Oak Street",-122.11966,37.38217,53.34,"US",NA,NA,"UTC"
"18139538.99636-121.13798","181395","38.99636-121.13798","Ron\/Barb",-121.13798,38.99636,396.8496,"US",NA,NA,"UTC"
"18146734.13-114.27457","181467","34.13-114.27457","La Paz CRIT Extension",-114.27457,34.13,131.3688,"US",NA,NA,"UTC"
"18169339.14431-121.04784","181693","39.14431-121.04784","Weather Fana AQI (O)",-121.04784,39.14431,718.7184,"US",NA,NA,"UTC"
"18174937.97024-122.53794","181749","37.97024-122.53794","Woods St - San Rafael",-122.53794,37.97024,36.576,"US",NA,NA,"UTC"
"18176938.35149-122.83138","181769","38.35149-122.83138","Blucher Valley House",-122.83138,38.35149,63.7032,"US",NA,NA,"UTC"
"18184733.84109-118.29203","181847","33.84109-118.29203","DAAC Torrance and New Hampshire",-118.29203,33.84109,8.5344,"US",NA,NA,"UTC"
"18186738.05682-120.19723","181867","38.05682-120.19723","Pine Cone",-120.19723,38.05682,1338.3768,"US",NA,NA,"UTC"
"18214935.39631-120.86298","182149","35.39631-120.86298","EasterBeach",-120.86298,35.39631,10.668,"US",NA,NA,"UTC"
"18240537.80142-122.40607","182405","37.80142-122.40607","Telegraph hill",-122.40607,37.80142,59.436,"US",NA,NA,"UTC"
"18241737.52511-122.35107","182417","37.52511-122.35107","Bunker Hill Mystery House",-122.35107,37.52511,171.6024,"US",NA,NA,"UTC"
"18258134.16269-119.04078","182581","34.16269-119.04078","CSUCI2",-119.04078,34.16269,24.6888,"US",NA,NA,"UTC"
"18258334.15882-119.04255","182583","34.15882-119.04255","CSUCI3",-119.04255,34.15882,14.3256,"US",NA,NA,"UTC"
"18280537.58495-122.47589","182805","37.58495-122.47589","AspenAir1",-122.47589,37.58495,46.0248,"US",NA,NA,"UTC"
"18307538.54309-121.27343","183075","38.54309-121.27343","Essey Circle",-121.27343,38.54309,35.9664,"US",NA,NA,"UTC"
"18315137.91882-122.4955","183151","37.91882-122.4955","East Corte Madera Hillside",-122.4955,37.91882,37.1856,"US",NA,NA,"UTC"
"18316137.97635-122.49269","183161","37.97635-122.49269","Villa Real",-122.49269,37.97635,38.4048,"US",NA,NA,"UTC"
"18317338.53935-121.70225","183173","38.53935-121.70225","Lola's House on Nandina",-121.70225,38.53935,14.6304,"US",NA,NA,"UTC"
"18322137.88826-122.12824","183221","37.88826-122.12824","Wood Creek",-122.12824,37.88826,98.1456,"US",NA,NA,"UTC"
"18325334.03669-118.7095","183253","34.03669-118.7095","Malibu Country Estates",-118.7095,34.03669,81.0768,"US",NA,NA,"UTC"
"18327739.35061-121.02099","183277","39.35061-121.02099","JAF1",-121.02099,39.35061,863.4984,"US",NA,NA,"UTC"
"18351937.87039-122.18091","183519","37.87039-122.18091","PI house",-122.18091,37.87039,214.884,"US",NA,NA,"UTC"
"18361138.57348-121.27207","183611","38.57348-121.27207","Debina Court",-121.27207,38.57348,33.8328,"US",NA,NA,"UTC"
"18380138.5545-122.81237","183801","38.5545-122.81237","Windsor",-122.81237,38.5545,42.672,"US",NA,NA,"UTC"
"18410137.43785-122.18192","184101","37.43785-122.18192","Stanford West",-122.18192,37.43785,28.0416,"US",NA,NA,"UTC"
"18433139.22425-121.0675","184331","39.22425-121.0675","Alta Vista Park",-121.0675,39.22425,794.9184,"US",NA,NA,"UTC"
"18439138.83008-122.73038","184391","38.83008-122.73038","Pine Grove",-122.73038,38.83008,762.3048,"US",NA,NA,"UTC"
"18441540.88556-123.99171","184415","40.88556-123.99171","Blue Lake Elementary Outside",-123.99171,40.88556,30.7848,"US",NA,NA,"UTC"
"18445339.39674-123.34902","184453","39.39674-123.34902","Willits Charter School",-123.34902,39.39674,424.5864,"US",NA,NA,"UTC"
"18445938.95846-119.78124","184459","38.95846-119.78124","NDEP_Douglas High School",-119.78124,38.95846,1433.4744,"US",NA,NA,"UTC"
"18448338.88694-119.72337","184483","38.88694-119.72337","NDEP_SES",-119.72337,38.88694,1493.52,"US",NA,NA,"UTC"
"18448539.0116-119.94497","184485","39.0116-119.94497","NDEP_ZCES",-119.94497,39.0116,1911.096,"US",NA,NA,"UTC"
"18449141.15728-124.1315","184491","41.15728-124.1315","Big Lagoon Outside",-124.1315,41.15728,33.8328,"US",NA,NA,"UTC"
"18461138.94441-119.75105","184611","38.94441-119.75105","NDEP_CVMS",-119.75105,38.94441,1447.4952,"US",NA,NA,"UTC"
"18461740.78767-124.15953","184617","40.78767-124.15953","Eureka HS outside",-124.15953,40.78767,41.4528,"US",NA,NA,"UTC"
"18471337.12664-121.95656","184713","37.12664-121.95656","Skyview",-121.95656,37.12664,459.3336,"US",NA,NA,"UTC"
"18472734.41793-119.80534","184727","34.41793-119.80534","Brakle SB",-119.80534,34.41793,21.6408,"US",NA,NA,"UTC"
"18473338.94089-119.74298","184733","38.94089-119.74298","NDEP_GES",-119.74298,38.94089,1449.324,"US",NA,NA,"UTC"
"18479139.01421-119.94205","184791","39.01421-119.94205","NDEP_WHS",-119.94205,39.01421,1937.6136,"US",NA,NA,"UTC"
"18486337.22567-121.96124","184863","37.22567-121.96124","Ken330-2",-121.96124,37.22567,124.0536,"US",NA,NA,"UTC"
"18490938.90264-119.72762","184909","38.90264-119.72762","NDEP_CCMES",-119.72762,38.90264,1484.376,"US",NA,NA,"UTC"
"18491139.09333-119.79791","184911","39.09333-119.79791","NDEP_JVES",-119.79791,39.09333,1509.3696,"US",NA,NA,"UTC"
"18493538.88817-119.72336","184935","38.88817-119.72336","NDEP_PWL",-119.72336,38.88817,1492.9104,"US",NA,NA,"UTC"
"18494939.04114-119.72629","184949","39.04114-119.72629","NDEP_Pinion Hills",-119.72629,39.04114,1454.2008,"US",NA,NA,"UTC"
"18496338.96236-119.75643","184963","38.96236-119.75643","NDEP_MES",-119.75643,38.96236,1439.8752,"US",NA,NA,"UTC"
"18498932.67887-115.48299","184989","32.67887-115.48299","CARB_48:3f:da:2b:59:23",-115.48299,32.67887,2.7432,"US",NA,NA,"UTC"
"18499532.67885-115.48294","184995","32.67885-115.48294","CARB_e0:98:6:26:2:35",-115.48294,32.67885,2.7432,"US",NA,NA,"UTC"
"18520337.48273-122.26105","185203","37.48273-122.26105","RaymondCt",-122.26105,37.48273,35.6616,"US",NA,NA,"UTC"
"18524737.4519-122.2657","185247","37.4519-122.2657","Fox Hollow",-122.2657,37.4519,185.0136,"US",NA,NA,"UTC"
"18538338.18664-119.99596","185383","38.18664-119.99596","Rustic Rd  Pinecrest",-119.99596,38.18664,1716.6336,"US",NA,NA,"UTC"
"18554139.40146-122.01114","185541","39.40146-122.01114","Princeton High School",-122.01114,39.40146,24.6888,"US",NA,NA,"UTC"
"18556141.71318-123.35415","185561","41.71318-123.35415","Elk Creek",-123.35415,41.71318,487.3752,"US",NA,NA,"UTC"
"18562737.98848-122.09312","185627","37.98848-122.09312","Frollwood",-122.09312,37.98848,47.5488,"US",NA,NA,"UTC"
"18578937.4365-122.20261","185789","37.4365-122.20261","OrangeZen Outdoor",-122.20261,37.4365,32.9184,"US",NA,NA,"UTC"
"18582937.36241-122.10136","185829","37.36241-122.10136","Valley View Tito",-122.10136,37.36241,72.2376,"US",NA,NA,"UTC"
"18591334.17865-118.86369","185913","34.17865-118.86369","Jensen Court",-118.86369,34.17865,237.4392,"US",NA,NA,"UTC"
"18601935.37848-119.01817","186019","35.37848-119.01817","Weill Institute (2)",-119.01817,35.37848,123.7488,"US",NA,NA,"UTC"
"18629937.94513-122.35678","186299","37.94513-122.35678","GWR Esmond ave",-122.35678,37.94513,11.5824,"US",NA,NA,"UTC"
"18630137.90793-122.30945","186301","37.90793-122.30945","5906 kingdom",-122.30945,37.90793,15.5448,"US",NA,NA,"UTC"
"18632937.92679-122.39126","186329","37.92679-122.39126","GWR Tremont Ave",-122.39126,37.92679,21.6408,"US",NA,NA,"UTC"
"18642737.92444-122.3865","186427","37.92444-122.3865","GWR Vine Ave",-122.3865,37.92444,36.2712,"US",NA,NA,"UTC"
"18644341.39378-122.42262","186443","41.39378-122.42262","Hammond Ranch",-122.42262,41.39378,1105.5096,"US",NA,NA,"UTC"
"18649539.45408-119.80572","186495","39.45408-119.80572","Petey\u2019s Plaza",-119.80572,39.45408,1404.2136,"US",NA,NA,"UTC"
"18660537.9074-122.30886","186605","37.9074-122.30886","GWR SACRAMENTO",-122.30886,37.9074,13.4112,"US",NA,NA,"UTC"
"18669133.15742-117.2413","186691","33.15742-117.2413","2000 block S.Melrose Drive",-117.2413,33.15742,111.8616,"US",NA,NA,"UTC"
"18678134.14491-117.995","186781","34.14491-117.995","East Olive Ave",-117.995,34.14491,170.9928,"US",NA,NA,"UTC"
"18695538.59518-121.3072","186955","38.59518-121.3072","Newton Way and Holmes Way",-121.3072,38.59518,25.908,"US",NA,NA,"UTC"
"18706739.96497-123.35812","187067","39.96497-123.35812","Mina",-123.35812,39.96497,574.2432,"US",NA,NA,"UTC"
"18708937.91542-122.27888","187089","37.91542-122.27888","HilltopOverlook",-122.27888,37.91542,242.9256,"US",NA,NA,"UTC"
"18711938.32104-122.70866","187119","38.32104-122.70866","alfapa17",-122.70866,38.32104,49.6824,"US",NA,NA,"UTC"
"18713738.41903-122.72492","187137","38.41903-122.72492","alfapa13",-122.72492,38.41903,41.148,"US",NA,NA,"UTC"
"18714338.32097-122.6966","187143","38.32097-122.6966","alfapa4",-122.6966,38.32097,38.1,"US",NA,NA,"UTC"
"18715538.32561-122.69482","187155","38.32561-122.69482","alfapa10",-122.69482,38.32561,36.576,"US",NA,NA,"UTC"
"18716838.32138-122.70863","187168","38.32138-122.70863","alfapa17",-122.70863,38.32138,47.5488,"US",NA,NA,"UTC"
"18717938.41903-122.72492","187179","38.41903-122.72492","alfazen17",-122.72492,38.41903,41.148,"US",NA,NA,"UTC"
"18722138.42748-122.93071","187221","38.42748-122.93071","13500hgp",-122.93071,38.42748,227.9904,"US",NA,NA,"UTC"
"18760139.31169-123.30728","187601","39.31169-123.30728","Golden Rule",-123.30728,39.31169,375.5136,"US",NA,NA,"UTC"
"18760337.81361-122.22269","187603","37.81361-122.22269","Sunnyhills Ext",-122.22269,37.81361,89.916,"US",NA,NA,"UTC"
"18761338.45757-122.30545","187613","38.45757-122.30545","Ranch Air Sensor",-122.30545,38.45757,442.8744,"US",NA,NA,"UTC"
"18791933.93899-117.02823","187919","33.93899-117.02823","Olivewood",-117.02823,33.93899,715.0608,"US",NA,NA,"UTC"
"18794137.06982-122.07171","187941","37.06982-122.07171","Bunyipb Outside",-122.07171,37.06982,187.1472,"US",NA,NA,"UTC"
"18794734.51188-117.28902","187947","34.51188-117.28902","Green Tree",-117.28902,34.51188,874.1664,"US",NA,NA,"UTC"
"18797133.16818-117.23892","187971","33.16818-117.23892","Brioso Court",-117.23892,33.16818,131.3688,"US",NA,NA,"UTC"
"18810937.83559-122.47562","188109","37.83559-122.47562","Bay Area Discovery Museum",-122.47562,37.83559,6.7056,"US",NA,NA,"UTC"
"18832534.08778-118.12626","188325","34.08778-118.12626","SCAP_118",-118.12626,34.08778,136.5504,"US",NA,NA,"UTC"
"18834534.06355-118.15299","188345","34.06355-118.15299","SCAP 124",-118.15299,34.06355,141.732,"US",NA,NA,"UTC"
"18839538.6828-121.11954","188395","38.6828-121.11954","Parkway Cats",-121.11954,38.6828,117.0432,"US",NA,NA,"UTC"
"18844737.29802-122.09856","188447","37.29802-122.09856","Swiss Creek (Flex)",-122.09856,37.29802,405.6888,"US",NA,NA,"UTC"
"18849534.13109-118.23637","188495","34.13109-118.23637","Adams Hill",-118.23637,34.13109,216.408,"US",NA,NA,"UTC"
"18851937.12524-121.66774","188519","37.12524-121.66774","John Telfer",-121.66774,37.12524,145.0848,"US",NA,NA,"UTC"
"18853737.75187-122.42492","188537","37.75187-122.42492","Birdhouse Lounge",-122.42492,37.75187,53.0352,"US",NA,NA,"UTC"
"18863941.29836-123.56011","188639","41.29836-123.56011","MKWC-SAFE-Camp Creek",-123.56011,41.29836,149.352,"US",NA,NA,"UTC"
"18870741.3005-123.5462","188707","41.3005-123.5462","Karuk Orleans Council Chambers_KRAM SAFE MKWC",-123.5462,41.3005,124.3584,"US",NA,NA,"UTC"
"18883134.17778-119.23273","188831","34.17778-119.23273","Condo",-119.23273,34.17778,8.2296,"US",NA,NA,"UTC"
"18907537.90906-122.57545","189075","37.90906-122.57545","Mountain Home Inn",-122.57545,37.90906,270.9672,"US",NA,NA,"UTC"
"18908933.83109-117.54867","189089","33.83109-117.54867","Pattova",-117.54867,33.83109,362.4072,"US",NA,NA,"UTC"
"18918737.49904-122.22289","189187","37.49904-122.22289","Bair Island",-122.22289,37.49904,4.2672,"US",NA,NA,"UTC"
"18928140.66739-123.84553","189281","40.66739-123.84553","Jack Shaw Road",-123.84553,40.66739,272.4912,"US",NA,NA,"UTC"
"18930337.96052-122.52001","189303","37.96052-122.52001","327 IRWIN STREET",-122.52001,37.96052,3.048,"US",NA,NA,"UTC"
"18938337.79064-122.43978","189383","37.79064-122.43978","Pac Heights (SF)",-122.43978,37.79064,76.5048,"US",NA,NA,"UTC"
"18945238.35521-122.71637","189452","38.35521-122.71637","City of Rohnert Park Sewer Lift Station",-122.71637,38.35521,31.6992,"US",NA,NA,"UTC"
"18948337.67678-122.38025","189483","37.67678-122.38025","s\/v Time Flies",-122.38025,37.67678,0.3048,"US",NA,NA,"UTC"
"18956134.45145-119.25665","189561","34.45145-119.25665","Ojai Arbolada",-119.25665,34.45145,265.7856,"US",NA,NA,"UTC"
"18960138.75209-121.32815","189601","38.75209-121.32815","Baseline",-121.32815,38.75209,43.8912,"US",NA,NA,"UTC"
"18981937.94541-122.32822","189819","37.94541-122.32822","McLaughlin",-122.32822,37.94541,35.3568,"US",NA,NA,"UTC"
"18985937.72969-121.869","189859","37.72969-121.869","Branding Iron",-121.869,37.72969,156.972,"US",NA,NA,"UTC"
"18986336.87185-119.76775","189863","36.87185-119.76775","H2os",-119.76775,36.87185,113.0808,"US",NA,NA,"UTC"
"18987738.36521-122.42335","189877","38.36521-122.42335","Mayacamas",-122.42335,38.36521,554.4312,"US",NA,NA,"UTC"
"18993537.88942-122.26587","189935","37.88942-122.26587","1024 Keith",-122.26587,37.88942,168.2496,"US",NA,NA,"UTC"
"18994137.88358-122.54379","189941","37.88358-122.54379","Brookline ave",-122.54379,37.88358,35.052,"US",NA,NA,"UTC"
"19031934.19449-118.18002","190319","34.19449-118.18002","CEC",-118.18002,34.19449,339.5472,"US",NA,NA,"UTC"
"19041737.93009-122.39195","190417","37.93009-122.39195","GWR Marine st",-122.39195,37.93009,18.8976,"US",NA,NA,"UTC"
"19042737.92619-122.38644","190427","37.92619-122.38644","GWR Washington ave",-122.38644,37.92619,10.3632,"US",NA,NA,"UTC"
"19046137.90945-122.37349","190461","37.90945-122.37349","GWR seacliff pl",-122.37349,37.90945,6.4008,"US",NA,NA,"UTC"
"19046737.08184-121.55609","190467","37.08184-121.55609","DePaul",-121.55609,37.08184,122.2248,"US",NA,NA,"UTC"
"19052740.62976-122.31737","190527","40.62976-122.31737","Shasta College Football Field",-122.31737,40.62976,189.2808,"US",NA,NA,"UTC"
"19058137.3883-122.07317","190581","37.3883-122.07317","Mountain View Cohousing Community",-122.07317,37.3883,29.8704,"US",NA,NA,"UTC"
"19059734.19871-118.17343","190597","34.19871-118.17343","PurpleAir Sensor 19",-118.17343,34.19871,338.0232,"US",NA,NA,"UTC"
"19060137.7248-122.46867","190601","37.7248-122.46867","SF Parrott Heaven",-122.46867,37.7248,60.3504,"US",NA,NA,"UTC"
"19060734.19702-118.17308","190607","34.19702-118.17308","PurpleAir Sensor 20",-118.17308,34.19702,331.9272,"US",NA,NA,"UTC"
"19079534.41401-119.70053","190795","34.41401-119.70053","guyinsb",-119.70053,34.41401,10.668,"US",NA,NA,"UTC"
"19096532.6546-115.52593","190965","32.6546-115.52593","AYUNTAMIENTO DE MEXICALI - ESTACION MAYOS",-115.52593,32.6546,1.2192,"US",NA,NA,"UTC"
"19097532.66327-115.38022","190975","32.66327-115.38022","AYUNTAMIENTO DE MEXICALI - ESTACI\u00D3N DE BOMBEROS NO. 24",-115.38022,32.66327,11.2776,"US",NA,NA,"UTC"
"19097732.58109-115.43115","190977","32.58109-115.43115","AYUNTAMIENTO DE MEXICALI - RIVERA CAMPESTRE",-115.43115,32.58109,8.2296,"US",NA,NA,"UTC"
"19098332.64601-115.44247","190983","32.64601-115.44247","AYUNTAMIENTO DE MEXICALI - ESTACION 1RO DICIEMBRE",-115.44247,32.64601,3.9624,"US",NA,NA,"UTC"
"19109937.84402-122.03606","191099","37.84402-122.03606","Marion Court  Alamo  CA",-122.03606,37.84402,97.2312,"US",NA,NA,"UTC"
"19122938.46658-121.32082","191229","38.46658-121.32082","Prairie Hawk",-121.32082,38.46658,20.1168,"US",NA,NA,"UTC"
"19134937.74379-122.46208","191349","37.74379-122.46208","Patio",-122.46208,37.74379,148.1328,"US",NA,NA,"UTC"
"19164137.90897-122.37409","191641","37.90897-122.37409","GWR sunset Ln",-122.37409,37.90897,5.7912,"US",NA,NA,"UTC"
"19164337.87421-122.27821","191643","37.87421-122.27821","McGee",-122.27821,37.87421,42.672,"US",NA,NA,"UTC"
"19165637.92528-122.39028","191656","37.92528-122.39028","GWR Western ave",-122.39028,37.92528,22.86,"US",NA,NA,"UTC"
"19166737.98718-122.33785","191667","37.98718-122.33785","GWR southridge",-122.33785,37.98718,48.4632,"US",NA,NA,"UTC"
"19183937.52466-118.36086","191839","37.52466-118.36086","GBUAPCD_ChalfantBigTrees",-118.36086,37.52466,1297.5336,"US",NA,NA,"UTC"
"19191537.8742-122.2965","191915","37.8742-122.2965","Erbot Outdoors",-122.2965,37.8742,8.2296,"US",NA,NA,"UTC"
"19193339.43617-119.73651","191933","39.43617-119.73651","Willo Bee",-119.73651,39.43617,1359.1032,"US",NA,NA,"UTC"
"19202933.9004-118.0079","192029","33.9004-118.0079","la mirada",-118.0079,33.9004,43.2816,"US",NA,NA,"UTC"
"19204933.77448-116.94672","192049","33.77448-116.94672","PLC SJ",-116.94672,33.77448,485.5464,"US",NA,NA,"UTC"
"19206134.07612-117.25207","192061","34.07612-117.25207","Cornerstone Assembly of God",-117.25207,34.07612,328.2696,"US",NA,NA,"UTC"
"19206536.56598-118.77801","192065","36.56598-118.77801","Lower Kaweah",-118.77801,36.56598,1910.1816,"US",NA,NA,"UTC"
"19228337.90571-122.52831","192283","37.90571-122.52831","Kite Hill",-122.52831,37.90571,47.244,"US",NA,NA,"UTC"
"19248534.4481-118.6526","192485","34.4481-118.6526","VVAMPSilver",-118.6526,34.4481,384.3528,"US",NA,NA,"UTC"
"19248634.44843-118.66483","192486","34.44843-118.66483","VVAMPTrellis",-118.66483,34.44843,388.9248,"US",NA,NA,"UTC"
"19248934.43882-118.65794","192489","34.43882-118.65794","VVAMPLincoln3",-118.65794,34.43882,342.2904,"US",NA,NA,"UTC"
"19250934.44792-118.6709","192509","34.44792-118.6709","VVAMPArlingtonW",-118.6709,34.44792,395.0208,"US",NA,NA,"UTC"
"19251134.43968-118.65688","192511","34.43968-118.65688","VVAMPJackson",-118.65688,34.43968,341.6808,"US",NA,NA,"UTC"
"19251337.47112-122.2698","192513","37.47112-122.2698","Lakeview Way",-122.2698,37.47112,144.78,"US",NA,NA,"UTC"
"19251934.43838-118.65717","192519","34.43838-118.65717","VVAMPLincoln2",-118.65717,34.43838,338.0232,"US",NA,NA,"UTC"
"19252134.44503-118.6533","192521","34.44503-118.6533","VVAMPDriver",-118.6533,34.44503,381,"US",NA,NA,"UTC"
"19252334.43897-118.65625","192523","34.43897-118.65625","VVAMPLincoln1",-118.65625,34.43897,343.8144,"US",NA,NA,"UTC"
"19253034.44967-118.66056","192530","34.44967-118.66056","VVAMP Cottage",-118.66056,34.44967,385.8768,"US",NA,NA,"UTC"
"19254138.36758-122.765","192541","38.36758-122.765","Laguna Treatment Plant",-122.765,38.36758,26.8224,"US",NA,NA,"UTC"
"19259937.13955-121.59257","192599","37.13955-121.59257","Foxview",-121.59257,37.13955,281.94,"US",NA,NA,"UTC"
"19261137.73434-122.44405","192611","37.73434-122.44405","Miraloma",-122.44405,37.73434,145.3896,"US",NA,NA,"UTC"
"19263937.7819-122.46712","192639","37.7819-122.46712","CEEP at Star",-122.46712,37.7819,55.1688,"US",NA,NA,"UTC"
"19264537.57784-122.35367","192645","37.57784-122.35367","\u6881\u306E\u5BB6(\u5916)",-122.35367,37.57784,13.1064,"US",NA,NA,"UTC"
"19264738.59921-122.85471","192647","38.59921-122.85471","HLC",-122.85471,38.59921,30.7848,"US",NA,NA,"UTC"
"19266739.14047-120.97509","192667","39.14047-120.97509","Chicago Park",-120.97509,39.14047,704.3928,"US",NA,NA,"UTC"
"19275934.14825-118.60028","192759","34.14825-118.60028","Girard Tract",-118.60028,34.14825,331.3176,"US",NA,NA,"UTC"
"19276934.24053-117.26012","192769","34.24053-117.26012","Shed on the hill",-117.26012,34.24053,1473.708,"US",NA,NA,"UTC"
"19277937.89868-122.1739","192779","37.89868-122.1739","St Stephens Hilltop",-122.1739,37.89868,259.6896,"US",NA,NA,"UTC"
"19278141.74134-122.63761","192781","41.74134-122.63761","Yreka High School",-122.63761,41.74134,800.4048,"US",NA,NA,"UTC"
"19287941.60151-122.9759","192879","41.60151-122.9759","Quartz Valley Indian Reservation",-122.9759,41.60151,864.4128,"US",NA,NA,"UTC"
"19288141.83895-122.84875","192881","41.83895-122.84875","Oak Knoll Work Center",-122.84875,41.83895,601.98,"US",NA,NA,"UTC"
"19290738.52614-122.55276","192907","38.52614-122.55276","Vineyard 7&amp;8",-122.55276,38.52614,618.744,"US",NA,NA,"UTC"
"19308637.4554-122.21248","193086","37.4554-122.21248","150 Almendral Ave",-122.21248,37.4554,21.0312,"US",NA,NA,"UTC"
"19308938.55695-123.26472","193089","38.55695-123.26472","Fort Ross School",-123.26472,38.55695,316.992,"US",NA,NA,"UTC"
"19314537.87905-122.28342","193145","37.87905-122.28342","Crowden",-122.28342,37.87905,39.624,"US",NA,NA,"UTC"
"19318336.0847-114.96085","193183","36.0847-114.96085","Josh Stevens Elementary",-114.96085,36.0847,477.9264,"US",NA,NA,"UTC"
"19320934.19858-118.17142","193209","34.19858-118.17142","PurpleAir Sensor 29",-118.17142,34.19858,336.1944,"US",NA,NA,"UTC"
"19323737.71193-122.06904","193237","37.71193-122.06904","Castro Valley W8MEJ",-122.06904,37.71193,130.1496,"US",NA,NA,"UTC"
"19326938.54281-121.47479","193269","38.54281-121.47479","Casa de Pierce",-121.47479,38.54281,6.096,"US",NA,NA,"UTC"
"19329337.55226-122.35625","193293","37.55226-122.35625","Kenilworth",-122.35625,37.55226,135.9408,"US",NA,NA,"UTC"
"19329737.37622-122.11892","193297","37.37622-122.11892","Shoup Park",-122.11892,37.37622,60.0456,"US",NA,NA,"UTC"
"19333537.7828-122.4542","193335","37.7828-122.4542","150 Parker Ave.",-122.4542,37.7828,67.056,"US",NA,NA,"UTC"
"19333737.53376-122.0048","193337","37.53376-122.0048","Glen Moore-York Dr.",-122.0048,37.53376,10.668,"US",NA,NA,"UTC"
"19336137.896-122.30355","193361","37.896-122.30355","Upper Jackson",-122.30355,37.896,53.34,"US",NA,NA,"UTC"
"19339537.84463-122.1131","193395","37.84463-122.1131","Fernwood &amp; Donald",-122.1131,37.84463,189.2808,"US",NA,NA,"UTC"
"19339938.08885-122.11537","193399","38.08885-122.11537","Northgate",-122.11537,38.08885,49.3776,"US",NA,NA,"UTC"
"19348137.43378-122.43198","193481","37.43378-122.43198","The Tree House",-122.43198,37.43378,29.2608,"US",NA,NA,"UTC"
"19349337.01831-121.9514","193493","37.01831-121.9514","Soquel OSJ",-121.9514,37.01831,52.4256,"US",NA,NA,"UTC"
"19349537.71051-121.89445","193495","37.71051-121.89445","Boulevard - Downing",-121.89445,37.71051,107.5944,"US",NA,NA,"UTC"
"19349937.50797-122.27464","193499","37.50797-122.27464","San Carlos Cordes South",-122.27464,37.50797,127.4064,"US",NA,NA,"UTC"
"19350937.37557-122.11251","193509","37.37557-122.11251","Lyell st Los Altos",-122.11251,37.37557,63.0936,"US",NA,NA,"UTC"
"19351337.95655-121.79616","193513","37.95655-121.79616","Hacienda Mundhenk",-121.79616,37.95655,99.6696,"US",NA,NA,"UTC"
"19351937.44479-122.17674","193519","37.44479-122.17674","University Outdoor Flex",-122.17674,37.44479,22.5552,"US",NA,NA,"UTC"
"19352736.9534-122.04876","193527","36.9534-122.04876","Gateway School (new)",-122.04876,36.9534,15.8496,"US",NA,NA,"UTC"
"19353735.30479-120.68224","193537","35.30479-120.68224","SLO",-120.68224,35.30479,117.6528,"US",NA,NA,"UTC"
"19354940.73818-124.16723","193549","40.73818-124.16723","Westgate",-124.16723,40.73818,102.108,"US",NA,NA,"UTC"
"19355137.36439-122.10468","193551","37.36439-122.10468","Ventana Lower",-122.10468,37.36439,64.008,"US",NA,NA,"UTC"
"19363338.08729-122.1651","193633","38.08729-122.1651","587 Periwinkle Place  Benicia  CA",-122.1651,38.08729,119.1768,"US",NA,NA,"UTC"
"19363937.36373-122.10445","193639","37.36373-122.10445","Ventana Upper",-122.10445,37.36373,70.7136,"US",NA,NA,"UTC"
"19376137.78758-121.9272","193761","37.78758-121.9272","Pearlgrass Ct.",-121.9272,37.78758,194.1576,"US",NA,NA,"UTC"
"19379541.86805-122.81633","193795","41.86805-122.81633","Klamath River Club #2",-122.81633,41.86805,536.1432,"US",NA,NA,"UTC"
"19383337.88358-122.54764","193833","37.88358-122.54764","GGNRA \/ Eastwood Way",-122.54764,37.88358,53.0352,"US",NA,NA,"UTC"
"19386538.0413-122.64461","193865","38.0413-122.64461","M.E.M.P.H.I.S.",-122.64461,38.0413,185.3184,"US",NA,NA,"UTC"
"19387737.75629-122.23743","193877","37.75629-122.23743","Alameda - East End",-122.23743,37.75629,4.2672,"US",NA,NA,"UTC"
"19387937.35439-122.07858","193879","37.35439-122.07858","Colonial Oaks - o",-122.07858,37.35439,64.9224,"US",NA,NA,"UTC"
"19388337.97526-122.48036","193883","37.97526-122.48036","Beach Rd.",-122.48036,37.97526,3.048,"US",NA,NA,"UTC"
"19388938.00151-122.55828","193889","38.00151-122.55828","TAMAL AGUASTO",-122.55828,38.00151,32.6136,"US",NA,NA,"UTC"
"19391537.81522-122.27","193915","37.81522-122.27","Paws and Claws",-122.27,37.81522,9.7536,"US",NA,NA,"UTC"
"19392337.89954-122.50868","193923","37.89954-122.50868","Strawberry",-122.50868,37.89954,12.4968,"US",NA,NA,"UTC"
"19392933.54086-117.69191","193929","33.54086-117.69191","Aloma Outside",-117.69191,33.54086,101.1936,"US",NA,NA,"UTC"
"19394337.3676-121.88982","193943","37.3676-121.88982","carmen",-121.88982,37.3676,21.6408,"US",NA,NA,"UTC"
"19395937.19383-122.01859","193959","37.19383-122.01859","Lakeside",-122.01859,37.19383,430.9872,"US",NA,NA,"UTC"
"19398736.58187-121.91297","193987","36.58187-121.91297","Shepherds Knoll Road Bldg 2",-121.91297,36.58187,172.8216,"US",NA,NA,"UTC"
"19398937.10677-121.88154","193989","37.10677-121.88154","Rancho Prieta",-121.88154,37.10677,802.8432,"US",NA,NA,"UTC"
"19405737.67245-121.91022","194057","37.67245-121.91022","Yard",-121.91022,37.67245,98.1456,"US",NA,NA,"UTC"
"19405937.24899-121.81091","194059","37.24899-121.81091","Purple Venado",-121.81091,37.24899,54.5592,"US",NA,NA,"UTC"
"19406338.56153-122.82669","194063","38.56153-122.82669","Windsor Christian Academy",-122.82669,38.56153,42.0624,"US",NA,NA,"UTC"
"19407337.71305-121.4002","194073","37.71305-121.4002","Amatchi",-121.4002,37.71305,28.956,"US",NA,NA,"UTC"
"19407537.9263-122.08794","194075","37.9263-122.08794","Outside Garden",-122.08794,37.9263,56.0832,"US",NA,NA,"UTC"
"19407937.3719-122.20498","194079","37.3719-122.20498","Church Square",-122.20498,37.3719,186.5376,"US",NA,NA,"UTC"
"19408341.3071-122.79668","194083","41.3071-122.79668","Callahan USFS",-122.79668,41.3071,958.596,"US",NA,NA,"UTC"
"19408540.78439-124.14893","194085","40.78439-124.14893","Carson &amp; S",-124.14893,40.78439,43.2816,"US",NA,NA,"UTC"
"19409739.15656-123.21654","194097","39.15656-123.21654","Pomolita Middle School",-123.21654,39.15656,192.6336,"US",NA,NA,"UTC"
"19410339.14821-123.19366","194103","39.14821-123.19366","Oak Manor Elementary",-123.19366,39.14821,181.6608,"US",NA,NA,"UTC"
"19410741.1899-123.69687","194107","41.1899-123.69687","Weitchpec Yurok Tribe",-123.69687,41.1899,177.0888,"US",NA,NA,"UTC"
"19411139.18083-123.20828","194111","39.18083-123.20828","Dunnewood Vineyards",-123.20828,39.18083,191.1096,"US",NA,NA,"UTC"
"19416541.30197-123.12985","194165","41.30197-123.12985","Sawyers Bar (Siskiyou Telephone)",-123.12985,41.30197,781.812,"US",NA,NA,"UTC"
"19417339.12377-123.20594","194173","39.12377-123.20594","Grace Hudson Elementary",-123.20594,39.12377,195.072,"US",NA,NA,"UTC"
"19419937.43057-122.2511","194199","37.43057-122.2511","Our Hill Lane",-122.2511,37.43057,143.256,"US",NA,NA,"UTC"
"19422937.73967-122.44569","194229","37.73967-122.44569","Miraloma Park O'Shaughnessy",-122.44569,37.73967,181.0512,"US",NA,NA,"UTC"
"19423337.79174-122.1653","194233","37.79174-122.1653","Merritt Courts",-122.1653,37.79174,270.3576,"US",NA,NA,"UTC"
"19428137.31567-122.01162","194281","37.31567-122.01162","Phil Pl",-122.01162,37.31567,64.3128,"US",NA,NA,"UTC"
"19428741.72794-122.6404","194287","41.72794-122.6404","Jackson Street Elementary School",-122.6404,41.72794,804.672,"US",NA,NA,"UTC"
"19439938.38936-122.85219","194399","38.38936-122.85219","Twin Hills School District - Apple Blossom School",-122.85219,38.38936,76.2,"US",NA,NA,"UTC"
"19445138.8958-121.3198","194451","38.8958-121.3198","Fullerton Ranch",-121.3198,38.8958,40.8432,"US",NA,NA,"UTC"
"19464137.82391-122.28567","194641","37.82391-122.28567","Helen st",-122.28567,37.82391,3.9624,"US",NA,NA,"UTC"
"19466737.80897-122.29287","194667","37.80897-122.29287","Home Backyard",-122.29287,37.80897,6.4008,"US",NA,NA,"UTC"
"19468137.82183-122.28797","194681","37.82183-122.28797","West End Commons1",-122.28797,37.82183,3.6576,"US",NA,NA,"UTC"
"19469137.82106-122.28409","194691","37.82106-122.28409","2822a Union St",-122.28409,37.82106,4.572,"US",NA,NA,"UTC"
"19469337.813-122.27727","194693","37.813-122.27727","Curtis St",-122.27727,37.813,6.096,"US",NA,NA,"UTC"
"19470737.81233-122.29806","194707","37.81233-122.29806","1737 13th. Street",-122.29806,37.81233,4.2672,"US",NA,NA,"UTC"
"19471737.93698-122.52509","194717","37.93698-122.52509","Redwood High School",-122.52509,37.93698,3.3528,"US",NA,NA,"UTC"
"19473739.75096-122.20336","194737","39.75096-122.20336","Village Buttes",-122.20336,39.75096,80.772,"US",NA,NA,"UTC"
"19476536.69162-119.45459","194765","36.69162-119.45459","The Wine Group",-119.45459,36.69162,112.776,"US",NA,NA,"UTC"
"19490334.40442-119.74167","194903","34.40442-119.74167","Hendry's Beach 2",-119.74167,34.40442,5.1816,"US",NA,NA,"UTC"
"19493537.78025-122.44469","194935","37.78025-122.44469","the_balbs",-122.44469,37.78025,106.3752,"US",NA,NA,"UTC"
"19514738.44342-122.67265","195147","38.44342-122.67265","PrincetonAir",-122.67265,38.44342,64.6176,"US",NA,NA,"UTC"
"19529138.99569-122.74889","195291","38.99569-122.74889","Hillside Ct - Clement",-122.74889,38.99569,409.6512,"US",NA,NA,"UTC"
"19539537.82217-122.22748","195395","37.82217-122.22748","Upper Caperton",-122.22748,37.82217,108.8136,"US",NA,NA,"UTC"
"19540738.54402-122.80274","195407","38.54402-122.80274","Town of Windsor Bluebird Center",-122.80274,38.54402,37.7952,"US",NA,NA,"UTC"
"19543537.16948-121.75088","195435","37.16948-121.75088","CHGC",-121.75088,37.16948,178.9176,"US",NA,NA,"UTC"
"19543840.11387-123.96704","195438","40.11387-123.96704","Ettersburg Rd",-123.96704,40.11387,366.3696,"US",NA,NA,"UTC"
"19544940.60279-122.32547","195449","40.60279-122.32547","Mountain View Middle School",-122.32547,40.60279,197.8152,"US",NA,NA,"UTC"
"19545137.96757-122.1388","195451","37.96757-122.1388","Alhambra Valley",-122.1388,37.96757,105.7656,"US",NA,NA,"UTC"
"19545738.06895-122.23068","195457","38.06895-122.23068","Quad",-122.23068,38.06895,6.4008,"US",NA,NA,"UTC"
"19545937.88759-122.29971","195459","37.88759-122.29971","Albany Civic Center",-122.29971,37.88759,11.2776,"US",NA,NA,"UTC"
"19548134.41659-119.70872","195481","34.41659-119.70872","RR Lofts",-119.70872,34.41659,18.8976,"US",NA,NA,"UTC"
"19548337.13862-121.65334","195483","37.13862-121.65334","Calle Hermosa",-121.65334,37.13862,110.3376,"US",NA,NA,"UTC"
"19552937.88224-122.53593","195529","37.88224-122.53593","Wellesley sve",-122.53593,37.88224,60.96,"US",NA,NA,"UTC"
"19554536.80264-121.49687","195545","36.80264-121.49687","San Juan Canyon",-121.49687,36.80264,228.9048,"US",NA,NA,"UTC"
"19555137.65723-121.79746","195551","37.65723-121.79746","Smoke Bellew",-121.79746,37.65723,133.5024,"US",NA,NA,"UTC"
"19558738.34034-122.72511","195587","38.34034-122.72511","Marin Sonoma Mosquito &amp; Vector Control District",-122.72511,38.34034,31.0896,"US",NA,NA,"UTC"
"19559740.83928-124.04851","195597","40.83928-124.04851","Baywood Estates",-124.04851,40.83928,60.96,"US",NA,NA,"UTC"
"19560737.06168-122.145","195607","37.06168-122.145","Westdale NW",-122.145,37.06168,525.1704,"US",NA,NA,"UTC"
"19561537.8839-122.09421","195615","37.8839-122.09421","The Woods",-122.09421,37.8839,90.8304,"US",NA,NA,"UTC"
"19563937.97296-122.02365","195639","37.97296-122.02365","Carleton",-122.02365,37.97296,27.7368,"US",NA,NA,"UTC"
"19564337.81184-122.24495","195643","37.81184-122.24495","Hearts Leap Lakeview",-122.24495,37.81184,20.1168,"US",NA,NA,"UTC"
"19564539.35605-120.26114","195645","39.35605-120.26114","Skislope-Alder",-120.26114,39.35605,2079.6504,"US",NA,NA,"UTC"
"19566138.33057-122.31968","195661","38.33057-122.31968","Justin-Siena High School - Dodd Stadium",-122.31968,38.33057,23.7744,"US",NA,NA,"UTC"
"19566337.83503-122.25396","195663","37.83503-122.25396","Desmond St",-122.25396,37.83503,41.148,"US",NA,NA,"UTC"
"19566937.675-122.13589","195669","37.675-122.13589","slz",-122.13589,37.675,6.7056,"US",NA,NA,"UTC"
"19569537.41365-122.19682","195695","37.41365-122.19682","Millennium farm",-122.19682,37.41365,60.3504,"US",NA,NA,"UTC"
"19570338.30174-122.42489","195703","38.30174-122.42489","Bartholomew Estate Winery",-122.42489,38.30174,80.1624,"US",NA,NA,"UTC"
"19579938.31099-123.05267","195799","38.31099-123.05267","Doran",-123.05267,38.31099,5.4864,"US",NA,NA,"UTC"
"19580738.6032-122.86495","195807","38.6032-122.86495","The Healdsburg School",-122.86495,38.6032,31.3944,"US",NA,NA,"UTC"
"19583934.42784-119.68665","195839","34.42784-119.68665","Alphonse",-119.68665,34.42784,4.2672,"US",NA,NA,"UTC"
"19584738.7363-121.25309","195847","38.7363-121.25309","Maidu Community Center",-121.25309,38.7363,53.0352,"US",NA,NA,"UTC"
"19585636.82367-121.37095","195856","36.82367-121.37095","Valley View Park",-121.37095,36.82367,133.1976,"US",NA,NA,"UTC"
"19586136.96675-122.03442","195861","36.96675-122.03442","Santa Cruz California St",-122.03442,36.96675,18.5928,"US",NA,NA,"UTC"
"19588539.11505-121.39541","195885","39.11505-121.39541","Beale AFB (Main Base)",-121.39541,39.11505,39.3192,"US",NA,NA,"UTC"
"19589137.40966-121.90059","195891","37.40966-121.90059","Canal Street",-121.90059,37.40966,10.9728,"US",NA,NA,"UTC"
"19590137.68652-122.08736","195901","37.68652-122.08736","Driveway",-122.08736,37.68652,55.1688,"US",NA,NA,"UTC"
"19590937.45401-122.19282","195909","37.45401-122.19282","Menlo School CADC",-122.19282,37.45401,22.2504,"US",NA,NA,"UTC"
"19591739.14482-121.43053","195917","39.14482-121.43053","Beale AFB (Flightline)",-121.43053,39.14482,36.8808,"US",NA,NA,"UTC"
"19602134.26182-119.20603","196021","34.26182-119.20603","VTA",-119.20603,34.26182,63.0936,"US",NA,NA,"UTC"
"19603938.40541-120.47207","196039","38.40541-120.47207","Ridgecrest Way",-120.47207,38.40541,1149.7056,"US",NA,NA,"UTC"
"19605437.21321-121.84959","196054","37.21321-121.84959","ShadowBrook Swim Club",-121.84959,37.21321,85.0392,"US",NA,NA,"UTC"
"19607937.81668-122.25881","196079","37.81668-122.25881","Harrison Street",-122.25881,37.81668,17.9832,"US",NA,NA,"UTC"
"19618337.77602-122.22492","196183","37.77602-122.22492","Fruitvale Village",-122.22492,37.77602,11.8872,"US",NA,NA,"UTC"
"19623137.87481-122.29672","196231","37.87481-122.29672","City of Berkeley Fire Station 6",-122.29672,37.87481,8.2296,"US",NA,NA,"UTC"
"19624138.08402-122.80682","196241","38.08402-122.80682","Mc Donald Lane",-122.80682,38.08402,51.2064,"US",NA,NA,"UTC"
"19625937.47863-122.19256","196259","37.47863-122.19256","Haven Ave Outside",-122.19256,37.47863,5.7912,"US",NA,NA,"UTC"
"19627936.63665-121.80296","196279","36.63665-121.80296","Chartwell School",-121.80296,36.63665,118.5672,"US",NA,NA,"UTC"
"19634737.58477-122.34675","196347","37.58477-122.34675","475Chatham",-122.34675,37.58477,5.4864,"US",NA,NA,"UTC"
"19636337.43685-122.13557","196363","37.43685-122.13557","Byron 01",-122.13557,37.43685,6.4008,"US",NA,NA,"UTC"
"19637939.30084-120.38925","196379","39.30084-120.38925","HillaryOutdoors",-120.38925,39.30084,2106.168,"US",NA,NA,"UTC"
"19640137.80808-122.20516","196401","37.80808-122.20516","The Head-Royce School",-122.20516,37.80808,117.9576,"US",NA,NA,"UTC"
"19641137.54563-122.29221","196411","37.54563-122.29221","Meowchi Heaven - Park Place - San Mateo",-122.29221,37.54563,3.3528,"US",NA,NA,"UTC"
"19642537.79092-122.44979","196425","37.79092-122.44979","Jackson &amp; Walnut",-122.44979,37.79092,75.5904,"US",NA,NA,"UTC"
"19642736.97362-122.03567","196427","36.97362-122.03567","Outside the pain cave",-122.03567,36.97362,25.2984,"US",NA,NA,"UTC"
"19643336.54196-121.87415","196433","36.54196-121.87415","Del Mesa Carmel",-121.87415,36.54196,108.8136,"US",NA,NA,"UTC"
"19644536.67211-121.79088","196445","36.67211-121.79088","ConcordCourtMarina",-121.79088,36.67211,35.9664,"US",NA,NA,"UTC"
"19645137.45961-122.16017","196451","37.45961-122.16017","McKendry",-122.16017,37.45961,13.1064,"US",NA,NA,"UTC"
"19646137.7419-122.47437","196461","37.7419-122.47437","18thAve\/TaravalUlloa",-122.47437,37.7419,99.6696,"US",NA,NA,"UTC"
"19646537.75114-122.42802","196465","37.75114-122.42802","Jersey and Vicksberg II",-122.42802,37.75114,55.1688,"US",NA,NA,"UTC"
"19657537.37592-122.21173","196575","37.37592-122.21173","PAC-Outdoors",-122.21173,37.37592,175.26,"US",NA,NA,"UTC"
"19659338.36039-122.84219","196593","38.36039-122.84219","2900 Thorn Road",-122.84219,38.36039,164.2872,"US",NA,NA,"UTC"
"19659537.48395-122.28439","196595","37.48395-122.28439","Kakariko Village",-122.28439,37.48395,184.7088,"US",NA,NA,"UTC"
"19660937.87951-122.16858","196609","37.87951-122.16858","Tara Rd &amp; Nonie Dr  Orinda",-122.16858,37.87951,209.0928,"US",NA,NA,"UTC"
"19663336.67075-121.79009","196633","36.67075-121.79009","44x Russell (2)",-121.79009,36.67075,35.9664,"US",NA,NA,"UTC"
"19665537.74314-122.50004","196655","37.74314-122.50004","2340 42nd Ave",-122.50004,37.74314,34.4424,"US",NA,NA,"UTC"
"19668937.74874-122.42125","196689","37.74874-122.42125","St Helena Cooperative Nursery School",-122.42125,37.74874,27.432,"US",NA,NA,"UTC"
"19669934.26583-119.17821","196699","34.26583-119.17821","Montgomery Ave",-119.17821,34.26583,53.6448,"US",NA,NA,"UTC"
"19670937.15626-121.60516","196709","37.15626-121.60516","MANZANITA DR",-121.60516,37.15626,213.6648,"US",NA,NA,"UTC"
"19680336.46592-121.79565","196803","36.46592-121.79565","Ohlone",-121.79565,36.46592,474.5736,"US",NA,NA,"UTC"
"19681940.61504-122.52012","196819","40.61504-122.52012","Whiskeytown NRA - Visitor Center",-122.52012,40.61504,419.7096,"US",NA,NA,"UTC"
"19682334.06948-116.38886","196823","34.06948-116.38886","JOTR-Black Rock",-116.38886,34.06948,1237.488,"US",NA,NA,"UTC"
"19690537.36117-122.03929","196905","37.36117-122.03929","Thompson",-122.03929,37.36117,45.4152,"US",NA,NA,"UTC"
"19704734.45135-118.62212","197047","34.45135-118.62212","VVAMPBeacon",-118.62212,34.45135,316.6872,"US",NA,NA,"UTC"
"19707334.44518-118.65807","197073","34.44518-118.65807","VVAMP San Martinez",-118.65807,34.44518,361.188,"US",NA,NA,"UTC"
"19708134.46499-118.62338","197081","34.46499-118.62338","VVAMPCambridgetop",-118.62338,34.46499,408.432,"US",NA,NA,"UTC"
"19708634.46129-118.6348","197086","34.46129-118.6348","VVAMP Williams Ranch",-118.6348,34.46129,433.1208,"US",NA,NA,"UTC"
"19709034.45071-118.68256","197090","34.45071-118.68256","VVAMP Delwood",-118.68256,34.45071,435.5592,"US",NA,NA,"UTC"
"19709334.47042-118.64401","197093","34.47042-118.64401","VVAMP SanRemo",-118.64401,34.47042,460.248,"US",NA,NA,"UTC"
"19711537.438-122.19863","197115","37.438-122.19863","Home",-122.19863,37.438,32.6136,"US",NA,NA,"UTC"
"19725338.05012-120.3027","197253","38.05012-120.3027","Sierra Outdoor School",-120.3027,38.05012,1234.7448,"US",NA,NA,"UTC"
"19726932.69347-117.18516","197269","32.69347-117.18516","Coronado",-117.18516,32.69347,4.2672,"US",NA,NA,"UTC"
"19759137.17084-122.05572","197591","37.17084-122.05572","Bear Creek Road",-122.05572,37.17084,550.7736,"US",NA,NA,"UTC"
"19760736.76299-119.7985","197607","36.76299-119.7985","SJVAir-7DAD",-119.7985,36.76299,90.2208,"US",NA,NA,"UTC"
"19761936.76303-119.79868","197619","36.76303-119.79868","SJVAir-7DB0",-119.79868,36.76303,89.916,"US",NA,NA,"UTC"
"19764136.76302-119.79868","197641","36.76302-119.79868","SJVAir-7BF0",-119.79868,36.76302,89.916,"US",NA,NA,"UTC"
"19765335.61603-119.70255","197653","35.61603-119.70255","Co-located LHUSD",-119.70255,35.61603,97.2312,"US",NA,NA,"UTC"
"19766336.00964-120.12999","197663","36.00964-120.12999","Co-located Avenal",-120.12999,36.00964,259.08,"US",NA,NA,"UTC"
"19773338.23877-122.64414","197733","38.23877-122.64414","Kentucky_Oak",-122.64414,38.23877,10.0584,"US",NA,NA,"UTC"
"19781937.38788-122.24021","197819","37.38788-122.24021","Hayfields @ The Larry Lane Trail",-122.24021,37.38788,163.6776,"US",NA,NA,"UTC"
"19784737.43045-122.13763","197847","37.43045-122.13763","Bryant x Oregon",-122.13763,37.43045,8.2296,"US",NA,NA,"UTC"
"19784937.80082-122.45581","197849","37.80082-122.45581","35 Keyes Ave",-122.45581,37.80082,16.1544,"US",NA,NA,"UTC"
"19792938.75695-121.15432","197929","38.75695-121.15432","Alvina Court  Granite Bay",-121.15432,38.75695,139.2936,"US",NA,NA,"UTC"
"19798136.76302-119.79863","197981","36.76302-119.79863","SJVAir-7DFA",-119.79863,36.76302,89.916,"US",NA,NA,"UTC"
"19816136.76305-119.79858","198161","36.76305-119.79858","SJVAir-7D92",-119.79858,36.76305,89.916,"US",NA,NA,"UTC"
"19821537.21873-121.85139","198215","37.21873-121.85139","Almaden Country Day School Garden",-121.85139,37.21873,78.3336,"US",NA,NA,"UTC"
"19822336.9733-122.03977","198223","36.9733-122.03977","Walnut + King",-122.03977,36.9733,27.432,"US",NA,NA,"UTC"
"19848934.12047-118.24426","198489","34.12047-118.24426","Fletcher Square",-118.24426,34.12047,128.016,"US",NA,NA,"UTC"
"19851336.99485-122.05406","198513","36.99485-122.05406","EFH Pool",-122.05406,36.99485,199.3392,"US",NA,NA,"UTC"
"19855537.25629-122.01982","198555","37.25629-122.01982","GH",-122.01982,37.25629,147.828,"US",NA,NA,"UTC"
"19864132.71743-117.17044","198641","32.71743-117.17044","Grande South",-117.17044,32.71743,0,"US",NA,NA,"UTC"
"19873137.74503-122.46306","198731","37.74503-122.46306","351 Magellan Ave",-122.46306,37.74503,150.5712,"US",NA,NA,"UTC"
"19879937.27586-121.90443","198799","37.27586-121.90443","Nord-ln",-121.90443,37.27586,51.816,"US",NA,NA,"UTC"
"19887136.77409-119.81482","198871","36.77409-119.81482","Harvard",-119.81482,36.77409,91.44,"US",NA,NA,"UTC"
"19888138.91158-123.70239","198881","38.91158-123.70239","Port Road",-123.70239,38.91158,30.1752,"US",NA,NA,"UTC"
"19898338.33538-121.55099","198983","38.33538-121.55099","Pavarosa",-121.55099,38.33538,5.1816,"US",NA,NA,"UTC"
"19904138.3197-122.04563","199041","38.3197-122.04563","Blue Ridge Oaks",-122.04563,38.3197,130.1496,"US",NA,NA,"UTC"
"19904937.21842-121.90842","199049","37.21842-121.90842","Brookside",-121.90842,37.21842,103.9368,"US",NA,NA,"UTC"
"19906139.21886-120.09429","199061","39.21886-120.09429","Ridgewood",-120.09429,39.21886,2009.5464,"US",NA,NA,"UTC"
"19918938.58034-122.5921","199189","38.58034-122.5921","Cyrus Creek",-122.5921,38.58034,116.1288,"US",NA,NA,"UTC"
"19948539.146-119.7668","199485","39.146-119.7668","NDEP-63",-119.7668,39.146,1425.2448,"US",NA,NA,"UTC"
"19949339.1456-119.7659","199493","39.1456-119.7659","NDEP-69",-119.7659,39.1456,1425.8544,"US",NA,NA,"UTC"
"19951137.71542-121.44334","199511","37.71542-121.44334","Gretchen Talley Park",-121.44334,37.71542,26.5176,"US",NA,NA,"UTC"
"19951339.1456-119.7668","199513","39.1456-119.7668","NDEP-66",-119.7668,39.1456,1425.5496,"US",NA,NA,"UTC"
"19951739.146-119.7659","199517","39.146-119.7659","NDEP-65",-119.7659,39.146,1425.2448,"US",NA,NA,"UTC"
"19953337.89382-122.08961","199533","37.89382-122.08961","Leland Reservoir",-122.08961,37.89382,97.536,"US",NA,NA,"UTC"
"19954340.86861-124.08955","199543","40.86861-124.08955","Dragon House",-124.08955,40.86861,5.4864,"US",NA,NA,"UTC"
"19964334.67416-120.11419","199643","34.67416-120.11419","California Sporthorses",-120.11419,34.67416,260.2992,"US",NA,NA,"UTC"
"19983137.88073-122.28654","199831","37.88073-122.28654","1377 Gilman Street  Berkeley  CA",-122.28654,37.88073,29.8704,"US",NA,NA,"UTC"
"19989238.72271-120.59094","199892","38.72271-120.59094","Sly park 2",-120.59094,38.72271,1116.4824,"US",NA,NA,"UTC"
"19997537.79223-122.39841","199975","37.79223-122.39841","Mars Pine Station",-122.39841,37.79223,3.3528,"US",NA,NA,"UTC"
"20025137.34352-122.02468","200251","37.34352-122.02468","Sunnyvale\/Cupertino L1V0",-122.02468,37.34352,53.34,"US",NA,NA,"UTC"
"20047537.04528-120.84466","200475","37.04528-120.84466","Cresthills II",-120.84466,37.04528,36.576,"US",NA,NA,"UTC"
"20065937.35713-122.05102","200659","37.35713-122.05102","MaraschinoManor",-122.05102,37.35713,55.4736,"US",NA,NA,"UTC"
"20068038.00893-122.12289","200680","38.00893-122.12289","Pomona Ave outdoor",-122.12289,38.00893,46.6344,"US",NA,NA,"UTC"
"20069137.7467-122.43023","200691","37.7467-122.43023","Noe Valley",-122.43023,37.7467,65.8368,"US",NA,NA,"UTC"
"20111339.22883-121.12028","201113","39.22883-121.12028","Rough and Ready",-121.12028,39.22883,701.9544,"US",NA,NA,"UTC"
"20144134.40209-119.52691","201441","34.40209-119.52691","Aliso Elementary CARB",-119.52691,34.40209,3.048,"US",NA,NA,"UTC"
"20194938.28884-122.28817","201949","38.28884-122.28817","Kiwanas Park",-122.28817,38.28884,6.4008,"US",NA,NA,"UTC"
"20195537.89325-122.06979","201955","37.89325-122.06979","Clover Outside",-122.06979,37.89325,55.4736,"US",NA,NA,"UTC"
"20195738.45594-122.42253","201957","38.45594-122.42253","Shnoozenbaum",-122.42253,38.45594,53.34,"US",NA,NA,"UTC"
"20197333.41108-117.60918","201973","33.41108-117.60918","Lasuens",-117.60918,33.41108,34.7472,"US",NA,NA,"UTC"
"20224741.31182-123.51852","202247","41.31182-123.51852","SAFE-KRAM-18-Perch Creek",-123.51852,41.31182,222.1992,"US",NA,NA,"UTC"
"20224941.45642-122.89366","202249","41.45642-122.89366","SAFE-KRAM-2-Etna-Creek-Outfitters",-122.89366,41.45642,895.5024,"US",NA,NA,"UTC"
"20225141.29447-123.57446","202251","41.29447-123.57446","SAFE-KRAM-16- Owl Mine Road",-123.57446,41.29447,285.9024,"US",NA,NA,"UTC"
"20225341.40782-123.4585","202253","41.40782-123.4585","SAFE-KRAM-5-Butler",-123.4585,41.40782,540.1056,"US",NA,NA,"UTC"
"20227937.31353-122.00892","202279","37.31353-122.00892","Fairgrove",-122.00892,37.31353,64.6176,"US",NA,NA,"UTC"
"20228141.30179-123.54234","202281","41.30179-123.54234","SAFE-KRAM-3-Orleans-Elementary",-123.54234,41.30179,122.8344,"US",NA,NA,"UTC"
"20228941.43581-123.47183","202289","41.43581-123.47183","SAFE-KRAM-4-Blue-Ridge-Ranch",-123.47183,41.43581,580.644,"US",NA,NA,"UTC"
"20229341.28467-123.5925","202293","41.28467-123.5925","SAFE-KRAM-8-Cedar Camp",-123.5925,41.28467,484.632,"US",NA,NA,"UTC"
"20247341.54476-123.51658","202473","41.54476-123.51658","SAFE-KRAM-11-Ti Bar",-123.51658,41.54476,492.252,"US",NA,NA,"UTC"
"20249541.25654-123.65028","202495","41.25654-123.65028","SAFE-KRAM-12- Slate Creek",-123.65028,41.25654,266.0904,"US",NA,NA,"UTC"
"20249741.8632-123.31077","202497","41.8632-123.31077","SAFE-KRAM-17-Lower Thompson Ck",-123.31077,41.8632,384.048,"US",NA,NA,"UTC"
"20250141.31182-123.51852","202501","41.31182-123.51852","SAFE-KRAM-18-Perch Creek",-123.51852,41.31182,222.1992,"US",NA,NA,"UTC"
"20253937.90852-122.38181","202539","37.90852-122.38181","Sanderling",-122.38181,37.90852,3.6576,"US",NA,NA,"UTC"
"20281537.7995-122.19099","202815","37.7995-122.19099","Guido Cul De Sac",-122.19099,37.7995,118.5672,"US",NA,NA,"UTC"
"20283538.78941-123.02697","202835","38.78941-123.02697","Clover Springs",-123.02697,38.78941,122.8344,"US",NA,NA,"UTC"
"20285537.96195-122.25151","202855","37.96195-122.25151","Castro Ranch North",-122.25151,37.96195,111.8616,"US",NA,NA,"UTC"
"20289134.14051-118.07353","202891","34.14051-118.07353","Thorndale",-118.07353,34.14051,190.5,"US",NA,NA,"UTC"
"20290337.896-122.299","202903","37.896-122.299","Stannage Garfield Outdoor",-122.299,37.896,12.192,"US",NA,NA,"UTC"
"20293937.34067-121.87225","202939","37.34067-121.87225","San Antonio and S 17th St",-121.87225,37.34067,28.6512,"US",NA,NA,"UTC"
"20301133.44453-117.63638","203011","33.44453-117.63638","San Clemente Shorecliffs",-117.63638,33.44453,39.9288,"US",NA,NA,"UTC"
"20306138.09758-122.62267","203061","38.09758-122.62267","Palomino Circle",-122.62267,38.09758,139.9032,"US",NA,NA,"UTC"
"20308738.47192-122.71462","203087","38.47192-122.71462","Lomita Heights",-122.71462,38.47192,83.82,"US",NA,NA,"UTC"
"20308937.95841-122.55201","203089","37.95841-122.55201","Pine Lane",-122.55201,37.95841,7.3152,"US",NA,NA,"UTC"
"20309739.02841-120.87995","203097","39.02841-120.87995","Lazy Dog",-120.87995,39.02841,676.656,"US",NA,NA,"UTC"
"20310138.44383-122.7615","203101","38.44383-122.7615","Copperfield Dr",-122.7615,38.44383,31.6992,"US",NA,NA,"UTC"
"20321537.82603-121.98003","203215","37.82603-121.98003","Gwen Court",-121.98003,37.82603,148.7424,"US",NA,NA,"UTC"
"20352337.32399-119.56502","203523","37.32399-119.56502","C&amp;C Pines Bass Lake",-119.56502,37.32399,1052.4744,"US",NA,NA,"UTC"
"20352737.4819-122.24035","203527","37.4819-122.24035","Grand 200 block",-122.24035,37.4819,7.62,"US",NA,NA,"UTC"
"20353937.46156-122.43843","203539","37.46156-122.43843","Oceanview Park",-122.43843,37.46156,16.764,"US",NA,NA,"UTC"
"20354137.27466-121.75329","203541","37.27466-121.75329","Newgate\/Vitero",-121.75329,37.27466,213.6648,"US",NA,NA,"UTC"
"20354338.73846-121.07713","203543","38.73846-121.07713","SouthPoint",-121.07713,38.73846,251.46,"US",NA,NA,"UTC"
"20389137.56895-122.31709","203891","37.56895-122.31709","3rd Ave and S Grant St",-122.31709,37.56895,5.1816,"US",NA,NA,"UTC"
"20397537.24905-121.91213","203975","37.24905-121.91213","Camden85",-121.91213,37.24905,67.056,"US",NA,NA,"UTC"
"20399738.2437-122.06735","203997","38.2437-122.06735","Concord Court",-122.06735,38.2437,7.3152,"US",NA,NA,"UTC"
"20402735.24981-120.63152","204027","35.24981-120.63152","Islay Pointe Villas",-120.63152,35.24981,74.0664,"US",NA,NA,"UTC"
"20407739.1452-119.7668","204077","39.1452-119.7668","NDEP-95",-119.7668,39.1452,1425.8544,"US",NA,NA,"UTC"
"20408738.79606-121.15242","204087","38.79606-121.15242","Loomis",-121.15242,38.79606,152.0952,"US",NA,NA,"UTC"
"20435937.90058-122.63942","204359","37.90058-122.63942","Casa Perro Outside",-122.63942,37.90058,53.9496,"US",NA,NA,"UTC"
"20437137.57359-122.33215","204371","37.57359-122.33215","Ellsworth Court",-122.33215,37.57359,10.9728,"US",NA,NA,"UTC"
"20438337.8099-122.29927","204383","37.8099-122.29927","10th and Willow",-122.29927,37.8099,5.1816,"US",NA,NA,"UTC"
"20440137.82132-122.28151","204401","37.82132-122.28151","WOAdeline",-122.28151,37.82132,6.096,"US",NA,NA,"UTC"
"20440333.54637-117.79219","204403","33.54637-117.79219","Cypress",-117.79219,33.54637,31.6992,"US",NA,NA,"UTC"
"20442137.8189-122.29265","204421","37.8189-122.29265","2200WoodSoundWave",-122.29265,37.8189,2.7432,"US",NA,NA,"UTC"
"20457737.52699-121.92257","204577","37.52699-121.92257","Mission Hollow",-121.92257,37.52699,85.0392,"US",NA,NA,"UTC"
"20468938.4182-121.44976","204689","38.4182-121.44976","AQM1-Laguna Blvd",-121.44976,38.4182,6.096,"US",NA,NA,"UTC"
"20476733.36805-117.20553","204767","33.36805-117.20553","Los Alisos main house",-117.20553,33.36805,188.976,"US",NA,NA,"UTC"
"20479737.24479-121.78374","204797","37.24479-121.78374","Marshwell",-121.78374,37.24479,61.2648,"US",NA,NA,"UTC"
"20480139.49107-119.868","204801","39.49107-119.868","Reno back porch",-119.868,39.49107,1481.9376,"US",NA,NA,"UTC"
"20489139.5074-119.78764","204891","39.5074-119.78764","Geolrat",-119.78764,39.5074,1349.9592,"US",NA,NA,"UTC"
"20489937.81062-121.34688","204899","37.81062-121.34688","North River Islands (Lake 12)",-121.34688,37.81062,3.9624,"US",NA,NA,"UTC"
"20501738.00766-122.29896","205017","38.00766-122.29896","PurpleAir Sensor CBG",-122.29896,38.00766,27.432,"US",NA,NA,"UTC"
"20545140.87301-124.08056","205451","40.87301-124.08056","KRAM 26",-124.08056,40.87301,22.86,"US",NA,NA,"UTC"
"20545341.60139-122.97599","205453","41.60139-122.97599","SAFE-KRAM-22-Quartz Valley Fire Hall",-122.97599,41.60139,865.9368,"US",NA,NA,"UTC"
"20545540.87292-124.08056","205455","40.87292-124.08056","KRAM 27",-124.08056,40.87292,22.86,"US",NA,NA,"UTC"
"20548340.87272-124.08047","205483","40.87272-124.08047","KRAM 19",-124.08047,40.87272,22.2504,"US",NA,NA,"UTC"
"20548540.87333-124.08057","205485","40.87333-124.08057","KRAM 23",-124.08057,40.87333,23.4696,"US",NA,NA,"UTC"
"20548741.60103-122.97574","205487","41.60103-122.97574","SAFE-KRAM-24-Fort Jones Pimtav",-122.97574,41.60103,865.0224,"US",NA,NA,"UTC"
"20552537.76847-122.44693","205525","37.76847-122.44693","Lycee",-122.44693,37.76847,97.2312,"US",NA,NA,"UTC"
"20555540.87309-124.08056","205555","40.87309-124.08056","KRAM 25",-124.08056,40.87309,23.1648,"US",NA,NA,"UTC"
"20558133.15134-117.31988","205581","33.15134-117.31988","Clearview Drive",-117.31988,33.15134,76.5048,"US",NA,NA,"UTC"
"20582938.0221-121.09511","205829","38.0221-121.09511","Linden Woods",-121.09511,38.0221,32.004,"US",NA,NA,"UTC"
"20584334.00063-117.5757","205843","34.00063-117.5757","New Haven",-117.5757,34.00063,221.2848,"US",NA,NA,"UTC"
"20587533.71172-116.71634","205875","33.71172-116.71634","Idyllwild",-116.71634,33.71172,1452.0672,"US",NA,NA,"UTC"
"20598737.82024-122.28434","205987","37.82024-122.28434","Union Street",-122.28434,37.82024,3.9624,"US",NA,NA,"UTC"
"20609339.61078-119.84279","206093","39.61078-119.84279","Golden Valley",-119.84279,39.61078,1545.336,"US",NA,NA,"UTC"
"20613537.38703-122.13686","206135","37.38703-122.13686","LAH - Snell Ct",-122.13686,37.38703,60.3504,"US",NA,NA,"UTC"
"20631137.27272-117.02931","206311","37.27272-117.02931","TST Scotty\u2019s Junction",-117.02931,37.27272,1220.4192,"US",NA,NA,"UTC"
"20632336.3075-116.42142","206323","36.3075-116.42142","TST DVJ",-116.42142,36.3075,625.1448,"US",NA,NA,"UTC"
"20674137.76876-122.42273","206741","37.76876-122.42273","San Francisco Friends School",-122.42273,37.76876,13.716,"US",NA,NA,"UTC"
"20682733.96013-118.40416","206827","33.96013-118.40416","Kentwood South",-118.40416,33.96013,35.9664,"US",NA,NA,"UTC"
"20683337.78138-122.39467","206833","37.78138-122.39467","Multistudio",-122.39467,37.78138,7.62,"US",NA,NA,"UTC"
"20686536.32273-116.67186","206865","36.32273-116.67186","TST Ryan",-116.67186,36.32273,917.1432,"US",NA,NA,"UTC"
"20691534.10022-117.73389","206915","34.10022-117.73389","Southwest Claremont",-117.73389,34.10022,353.8728,"US",NA,NA,"UTC"
"20691934.33804-119.29459","206919","34.33804-119.29459","Brooks 1",-119.29459,34.33804,56.9976,"US",NA,NA,"UTC"
"20699937.39866-122.11304","206999","37.39866-122.11304","Home Grown Tomatoes (Outside)",-122.11304,37.39866,26.2128,"US",NA,NA,"UTC"
"20721133.51517-117.71786","207211","33.51517-117.71786","El Niguel CC",-117.71786,33.51517,99.3648,"US",NA,NA,"UTC"
"20725539.04326-119.76007","207255","39.04326-119.76007","N Fork Trail",-119.76007,39.04326,1422.1968,"US",NA,NA,"UTC"
"20725733.94661-117.7808","207257","33.94661-117.7808","Sleepy Hollow",-117.7808,33.94661,263.652,"US",NA,NA,"UTC"
"20793337.85893-122.48768","207933","37.85893-122.48768","Locust",-122.48768,37.85893,9.7536,"US",NA,NA,"UTC"
"20839538.86821-123.14465","208395","38.86821-123.14465","Creekside",-123.14465,38.86821,223.4184,"US",NA,NA,"UTC"
"20841338.6424-121.32066","208413","38.6424-121.32066","Jan Dr",-121.32066,38.6424,41.4528,"US",NA,NA,"UTC"
"20849134.0214-118.28913","208491","34.0214-118.28913","SGM",-118.28913,34.0214,53.9496,"US",NA,NA,"UTC"
"20849334.05986-118.20495","208493","34.05986-118.20495","HSC SHN",-118.20495,34.05986,119.7864,"US",NA,NA,"UTC"
"20849937.80682-121.88707","208499","37.80682-121.88707","Deer Trail",-121.88707,37.80682,258.4704,"US",NA,NA,"UTC"
"20859937.66907-121.91629","208599","37.66907-121.91629","BRCountryHm",-121.91629,37.66907,109.728,"US",NA,NA,"UTC"
"20861139.50587-119.90025","208611","39.50587-119.90025","Patagonia DC",-119.90025,39.50587,1414.8816,"US",NA,NA,"UTC"
"20864134.28041-119.30483","208641","34.28041-119.30483","LAB",-119.30483,34.28041,4.8768,"US",NA,NA,"UTC"
"20951137.13154-122.1098","209511","37.13154-122.1098","Keller Drive",-122.1098,37.13154,169.7736,"US",NA,NA,"UTC"
"20959734.48755-118.62656","209597","34.48755-118.62656","Doubletree",-118.62656,34.48755,399.8976,"US",NA,NA,"UTC"
"20986934.14478-117.83545","209869","34.14478-117.83545","Bluebird Community",-117.83545,34.14478,322.7832,"US",NA,NA,"UTC"
"21006737.81659-121.20577","210067","37.81659-121.20577","The Collective #1",-121.20577,37.81659,13.1064,"US",NA,NA,"UTC"
"21008734.03542-118.47141","210087","34.03542-118.47141","2828 Santa Monica Blvd",-118.47141,34.03542,54.5592,"US",NA,NA,"UTC"
"21010933.96669-118.4154","210109","33.96669-118.4154","LMU EHS - Sullivan Field",-118.4154,33.96669,45.1104,"US",NA,NA,"UTC"
"21011137.35959-121.94878","210111","37.35959-121.94878","Event Architects inc.",-121.94878,37.35959,17.0688,"US",NA,NA,"UTC"
"21011533.96879-118.42224","210115","33.96879-118.42224","LMU EHS - Leavey 5",-118.42224,33.96879,35.052,"US",NA,NA,"UTC"
"21017537.89148-122.53303","210175","37.89148-122.53303","Maxwell Ln",-122.53303,37.89148,39.624,"US",NA,NA,"UTC"
"21036937.91534-122.29362","210369","37.91534-122.29362","El Cerrito Home",-122.29362,37.91534,117.0432,"US",NA,NA,"UTC"
"21044540.57108-122.38341","210445","40.57108-122.38341","State Street",-122.38341,40.57108,148.4376,"US",NA,NA,"UTC"
"21056537.66731-122.48928","210565","37.66731-122.48928","Mussel Rock",-122.48928,37.66731,149.352,"US",NA,NA,"UTC"
"21074933.8395-118.36671","210749","33.8395-118.36671","Victor",-118.36671,33.8395,31.0896,"US",NA,NA,"UTC"
"21077134.44138-118.6557","210771","34.44138-118.6557","VVAMPLincoln4",-118.6557,34.44138,349.6056,"US",NA,NA,"UTC"
"21087538.6907-121.76823","210875","38.6907-121.76823","Woodland  CA",-121.76823,38.6907,18.8976,"US",NA,NA,"UTC"
"21088733.75124-117.76044","210887","33.75124-117.76044","See the VOCs Orchard Hills",-117.76044,33.75124,109.728,"US",NA,NA,"UTC"
"21091537.92098-122.28449","210915","37.92098-122.28449","Leneve Pl",-122.28449,37.92098,270.0528,"US",NA,NA,"UTC"
"21175934.47224-118.6462","211759","34.47224-118.6462","Castaic",-118.6462,34.47224,462.3816,"US",NA,NA,"UTC"
"21198534.44587-118.65018","211985","34.44587-118.65018","VVAMP Hunstock",-118.65018,34.44587,390.144,"US",NA,NA,"UTC"
"21198738.49423-122.71356","211987","38.49423-122.71356","The Fountaingrove Club Hole 2  Santa Rosa CA",-122.71356,38.49423,178.308,"US",NA,NA,"UTC"
"21205139.144-119.7659","212051","39.144-119.7659","NDEP-106",-119.7659,39.144,1428.2928,"US",NA,NA,"UTC"
"21205539.144-119.7668","212055","39.144-119.7668","NDEP-105",-119.7668,39.144,1427.6832,"US",NA,NA,"UTC"
"21207739.1448-119.7668","212077","39.1448-119.7668","NDEP-101",-119.7668,39.1448,1427.0736,"US",NA,NA,"UTC"
"21208339.1436-119.7668","212083","39.1436-119.7668","NDEP-107",-119.7668,39.1436,1427.988,"US",NA,NA,"UTC"
"21208939.1448-119.7659","212089","39.1448-119.7659","NDEP-102",-119.7659,39.1448,1427.0736,"US",NA,NA,"UTC"
"21209539.1444-119.7668","212095","39.1444-119.7668","NDEP-103",-119.7668,39.1444,1427.6832,"US",NA,NA,"UTC"
"21210539.1436-119.7659","212105","39.1436-119.7659","NDEP-108",-119.7659,39.1436,1429.8168,"US",NA,NA,"UTC"
"21212339.1428-119.7659","212123","39.1428-119.7659","NDEP-112",-119.7659,39.1428,1429.2072,"US",NA,NA,"UTC"
"21212939.1428-119.7668","212129","39.1428-119.7668","NDEP-111",-119.7668,39.1428,1428.9024,"US",NA,NA,"UTC"
"21213737.46348-122.43316","212137","37.46348-122.43316","Cunha Intermediate Outside",-122.43316,37.46348,20.1168,"US",NA,NA,"UTC"
"21214939.1444-119.7659","212149","39.1444-119.7659","NDEP-104",-119.7659,39.1444,1427.0736,"US",NA,NA,"UTC"
"21215139.1432-119.7659","212151","39.1432-119.7659","NDEP-110",-119.7659,39.1432,1429.512,"US",NA,NA,"UTC"
"21236139.1432-119.7668","212361","39.1432-119.7668","NDEP-109",-119.7668,39.1432,1428.5976,"US",NA,NA,"UTC"
"21247733.72372-118.297","212477","33.72372-118.297","New Meyler",-118.297,33.72372,75.2856,"US",NA,NA,"UTC"
"21266538.10748-121.30035","212665","38.10748-121.30035","Outdoor",-121.30035,38.10748,11.8872,"US",NA,NA,"UTC"
"21267734.45491-118.62018","212677","34.45491-118.62018","Wakefield",-118.62018,34.45491,318.8208,"US",NA,NA,"UTC"
"21270532.72897-117.16069","212705","32.72897-117.16069","Bankers Hill - Outside",-117.16069,32.72897,71.628,"US",NA,NA,"UTC"
"21284137.89851-122.15107","212841","37.89851-122.15107","UHV LAFAYETTE",-122.15107,37.89851,151.1808,"US",NA,NA,"UTC"
"21287338.77134-121.27962","212873","38.77134-121.27962","Diamond Oaks Golf",-121.27962,38.77134,50.292,"US",NA,NA,"UTC"
"21293734.21271-118.16495","212937","34.21271-118.16495","El Prieto Rd.",-118.16495,34.21271,477.012,"US",NA,NA,"UTC"
"21332538.42056-122.77155","213325","38.42056-122.77155","4024Jobe",-122.77155,38.42056,29.2608,"US",NA,NA,"UTC"
"21337935.27755-119.05981","213379","35.27755-119.05981","RHS outside",-119.05981,35.27755,106.68,"US",NA,NA,"UTC"
"21338135.28279-119.11084","213381","35.28279-119.11084","IHS outside",-119.11084,35.28279,106.0704,"US",NA,NA,"UTC"
"21340532.90627-117.08692","213405","32.90627-117.08692","Scripps Ranch",-117.08692,32.90627,201.168,"US",NA,NA,"UTC"
"21349938.4189-122.75175","213499","38.4189-122.75175","Sonic 2260 outside",-122.75175,38.4189,33.528,"US",NA,NA,"UTC"
"21352336.06828-118.97786","213523","36.06828-118.97786","Granite Hills HS",-118.97786,36.06828,165.2016,"US",NA,NA,"UTC"
"21365534.4345-118.69244","213655","34.4345-118.69244","Bone 2B Wild",-118.69244,34.4345,388.3152,"US",NA,NA,"UTC"
"21374737.03337-119.26219","213747","37.03337-119.26219","Soaproot Saddle",-119.26219,37.03337,1200.912,"US",NA,NA,"UTC"
"21457734.41824-119.66582","214577","34.41824-119.66582","East Beach",-119.66582,34.41824,6.7056,"US",NA,NA,"UTC"
"21495337.87444-122.15819","214953","37.87444-122.15819","Penny Lane",-122.15819,37.87444,205.74,"US",NA,NA,"UTC"
"21495937.40653-122.09834","214959","37.40653-122.09834","Monta Loma",-122.09834,37.40653,11.5824,"US",NA,NA,"UTC"
"21500334.45909-118.62131","215003","34.45909-118.62131","Firebrand",-118.62131,34.45909,345.3384,"US",NA,NA,"UTC"
"21502934.49861-118.61925","215029","34.49861-118.61925","Castaic",-118.61925,34.49861,359.3592,"US",NA,NA,"UTC"
"21504335.26292-120.71024","215043","35.26292-120.71024","VoyageAir",-120.71024,35.26292,71.628,"US",NA,NA,"UTC"
"21504537.72129-122.47653","215045","37.72129-122.47653","SFSU Bay Conference Center",-122.47653,37.72129,46.9392,"US",NA,NA,"UTC"
"21513738.31995-122.69199","215137","38.31995-122.69199","ALFAPA22",-122.69199,38.31995,37.7952,"US",NA,NA,"UTC"
"21514538.36581-122.70384","215145","38.36581-122.70384","ALFAPA21",-122.70384,38.36581,32.3088,"US",NA,NA,"UTC"
"21515938.33033-122.69866","215159","38.33033-122.69866","ALFAPA24",-122.69866,38.33033,37.7952,"US",NA,NA,"UTC"
"21516338.32441-122.3233","215163","38.32441-122.3233","Linda Vista Ave - Northwood",-122.3233,38.32441,28.956,"US",NA,NA,"UTC"
"21519736.6734-119.92429","215197","36.6734-119.92429","Central Ave",-119.92429,36.6734,71.9328,"US",NA,NA,"UTC"
"21543537.34407-121.92001","215435","37.34407-121.92001","Bellarmine College Prep",-121.92001,37.34407,22.5552,"US",NA,NA,"UTC"
"21546737.39449-122.07085","215467","37.39449-122.07085","Maison de printemps",-122.07085,37.39449,22.86,"US",NA,NA,"UTC"
"21584337.82271-122.2746","215843","37.82271-122.2746","Townderosa",-122.2746,37.82271,11.5824,"US",NA,NA,"UTC"
"21584737.81965-122.27997","215847","37.81965-122.27997","McClymonds North",-122.27997,37.81965,6.096,"US",NA,NA,"UTC"
"21585137.82299-122.27853","215851","37.82299-122.27853","32nd and Linden St",-122.27853,37.82299,9.144,"US",NA,NA,"UTC"
"21624934.27062-118.41591","216249","34.27062-118.41591","PCE",-118.41591,34.27062,315.7728,"US",NA,NA,"UTC"
"21625134.24727-118.42988","216251","34.24727-118.42988","Glamis and Lev",-118.42988,34.24727,280.7208,"US",NA,NA,"UTC"
"21634133.9815-117.83956","216341","33.9815-117.83956","Diamond Bar HS",-117.83956,33.9815,252.984,"US",NA,NA,"UTC"
"21638537.97852-122.33938","216385","37.97852-122.33938","Hilltop Village VPI",-122.33938,37.97852,71.3232,"US",NA,NA,"UTC"
"21645538.92355-121.0865","216455","38.92355-121.0865","Marigold Ave",-121.0865,38.92355,431.9016,"US",NA,NA,"UTC"
"21662337.74318-122.3867","216623","37.74318-122.3867","1550 Evans SECF",-122.3867,37.74318,5.1816,"US",NA,NA,"UTC"
"21670337.81542-122.29524","216703","37.81542-122.29524","Ellis at Central Station",-122.29524,37.81542,3.048,"US",NA,NA,"UTC"
"21670537.82327-122.30353","216705","37.82327-122.30353","OMSS  10 Burma Rd",-122.30353,37.82327,2.7432,"US",NA,NA,"UTC"
"21734338.20309-120.97269","217343","38.20309-120.97269","Wallace",-120.97269,38.20309,100.584,"US",NA,NA,"UTC"
"21737138.42635-122.53513","217371","38.42635-122.53513","Kenwood Outside",-122.53513,38.42635,284.6832,"US",NA,NA,"UTC"
"21737934.44198-118.65778","217379","34.44198-118.65778","BUCHANAN",-118.65778,34.44198,355.3968,"US",NA,NA,"UTC"
"21748734.45452-118.61771","217487","34.45452-118.61771","Chelsea",-118.61771,34.45452,316.3824,"US",NA,NA,"UTC"
"21805938.56833-121.49329","218059","38.56833-121.49329","CARB_24_6f_df",-121.49329,38.56833,5.1816,"US",NA,NA,"UTC"
"21808138.56836-121.49327","218081","38.56836-121.49327","CARB_24_6f_30",-121.49327,38.56836,5.1816,"US",NA,NA,"UTC"
"21813138.41813-121.39492","218131","38.41813-121.39492","City of Elk Grove - 8400 Roof",-121.39492,38.41813,11.8872,"US",NA,NA,"UTC"
"21813738.56837-121.49325","218137","38.56837-121.49325","CARB_24_65_41",-121.49325,38.56837,5.1816,"US",NA,NA,"UTC"
"21815539.0424-119.70909","218155","39.0424-119.70909","EsawJLNV",-119.70909,39.0424,1500.5304,"US",NA,NA,"UTC"
"21815935.32803-118.98447","218159","35.32803-118.98447","SE Bakersfield Friendship House Outdoor",-118.98447,35.32803,116.4336,"US",NA,NA,"UTC"
"21826737.35662-121.9901","218267","37.35662-121.9901","Laguna Ct.",-121.9901,37.35662,24.0792,"US",NA,NA,"UTC"
"21842738.45509-122.75829","218427","38.45509-122.75829","Manor Drive North",-122.75829,38.45509,33.528,"US",NA,NA,"UTC"
"21875332.72479-117.24254","218753","32.72479-117.24254","Laser 2",-117.24254,32.72479,65.8368,"US",NA,NA,"UTC"
"21879532.72524-117.24246","218795","32.72524-117.24246","Laser 1",-117.24246,32.72524,65.532,"US",NA,NA,"UTC"
"21880537.87799-122.03194","218805","37.87799-122.03194","Backyard",-122.03194,37.87799,87.1728,"US",NA,NA,"UTC"
"21882332.72449-117.24267","218823","32.72449-117.24267","Laser 3",-117.24267,32.72449,66.7512,"US",NA,NA,"UTC"
"21883539.16026-123.21532","218835","39.16026-123.21532","MCOE Community School",-123.21532,39.16026,199.3392,"US",NA,NA,"UTC"
"21883934.02679-118.49384","218839","34.02679-118.49384","Santa MonicAIR",-118.49384,34.02679,49.3776,"US",NA,NA,"UTC"
"21884339.16138-123.22202","218843","39.16138-123.22202","MCOE Orr Creek",-123.22202,39.16138,204.5208,"US",NA,NA,"UTC"
"21912536.83766-121.40411","219125","36.83766-121.40411","Football stadium",-121.40411,36.83766,92.3544,"US",NA,NA,"UTC"
"21918339.1844-120.10387","219183","39.1844-120.10387","Dollar Point Beach",-120.10387,39.1844,1905.6096,"US",NA,NA,"UTC"
"21928137.97122-121.30218","219281","37.97122-121.30218","Stockton Climate Sensor 3",-121.30218,37.97122,5.1816,"US",NA,NA,"UTC"
"21960938.53293-121.48392","219609","38.53293-121.48392","Hollywood Park NE",-121.48392,38.53293,7.3152,"US",NA,NA,"UTC"
"21961339.03639-122.9232","219613","39.03639-122.9232","Lakeporter",-122.9232,39.03639,415.1376,"US",NA,NA,"UTC"
"21961534.12897-118.00353","219615","34.12897-118.00353","Monrovia  California",-118.00353,34.12897,124.968,"US",NA,NA,"UTC"
"21962333.62236-117.87579","219623","33.62236-117.87579","Dan at Fashion Island",-117.87579,33.62236,56.9976,"US",NA,NA,"UTC"
"21971532.7238-117.24272","219715","32.7238-117.24272","Laser 4",-117.24272,32.7238,66.7512,"US",NA,NA,"UTC"
"21974339.24513-120.92787","219743","39.24513-120.92787","Ridgey",-120.92787,39.24513,1065.276,"US",NA,NA,"UTC"
"21978237.93677-122.34298","219782","37.93677-122.34298","GWR Civic center",-122.34298,37.93677,15.5448,"US",NA,NA,"UTC"
"21997933.15568-117.07309","219979","33.15568-117.07309","Kent Ranch",-117.07309,33.15568,276.4536,"US",NA,NA,"UTC"
"22008734.44758-118.65443","220087","34.44758-118.65443","Cromwell Ave",-118.65443,34.44758,370.0272,"US",NA,NA,"UTC"
"22013332.51864-117.10096","220133","32.51864-117.10096","Universidad Iberoamericana Tijuana",-117.10096,32.51864,155.7528,"US",NA,NA,"UTC"
"22025538.87336-122.68978","220255","38.87336-122.68978","Fresh Milk",-122.68978,38.87336,707.7456,"US",NA,NA,"UTC"
"22038937.77662-122.2578","220389","37.77662-122.2578","Marina Shores",-122.2578,37.77662,3.9624,"US",NA,NA,"UTC"
"22112738.01242-121.32942","221127","38.01242-121.32942","UoP_pm_2",-121.32942,38.01242,3.9624,"US",NA,NA,"UTC"
"22113737.98734-121.36614","221137","37.98734-121.36614","Stockton Climate Sensor 1",-121.36614,37.98734,-0.3048,"US",NA,NA,"UTC"
"22122933.69666-116.39622","221229","33.69666-116.39622","The Summit",-116.39622,33.69666,184.404,"US",NA,NA,"UTC"
"22138335.96635-114.82928","221383","35.96635-114.82928","Narnia",-114.82928,35.96635,725.7288,"US",NA,NA,"UTC"
"22138537.2896-121.95497","221385","37.2896-121.95497","176 N Milton Ave",-121.95497,37.2896,57.912,"US",NA,NA,"UTC"
"22139934.1366-118.15494","221399","34.1366-118.15494","Sequoyah School",-118.15494,34.1366,250.5456,"US",NA,NA,"UTC"
"22141537.47429-122.21184","221415","37.47429-122.21184","229AQM",-122.21184,37.47429,8.5344,"US",NA,NA,"UTC"
"22145337.15329-122.13199","221453","37.15329-122.13199","Kings Creek\/BlueRidge",-122.13199,37.15329,175.8696,"US",NA,NA,"UTC"
"22157337.80419-122.18077","221573","37.80419-122.18077","Crestmont Dr",-122.18077,37.80419,299.0088,"US",NA,NA,"UTC"
"22166533.90035-117.46527","221665","33.90035-117.46527","House",-117.46527,33.90035,231.9528,"US",NA,NA,"UTC"
"22168338.26243-122.49246","221683","38.26243-122.49246","Buttercup",-122.49246,38.26243,31.0896,"US",NA,NA,"UTC"
"22189737.49772-122.2622","221897","37.49772-122.2622","Belle Ave",-122.2622,37.49772,28.956,"US",NA,NA,"UTC"
"22190336.18755-119.82237","221903","36.18755-119.82237","Sensor1_BigHouse",-119.82237,36.18755,58.5216,"US",NA,NA,"UTC"
"22191538.45251-122.66046","221915","38.45251-122.66046","Hardstone Hill",-122.66046,38.45251,106.0704,"US",NA,NA,"UTC"
"22193338.43065-122.76433","221933","38.43065-122.76433","Wicked Lemur",-122.76433,38.43065,31.3944,"US",NA,NA,"UTC"
"22196341.91705-122.46005","221963","41.91705-122.46005","Klamath Field Office - Hornbrook  CA",-122.46005,41.91705,658.0632,"US",NA,NA,"UTC"
"22204137.37148-122.25462","222041","37.37148-122.25462","MAC",-122.25462,37.37148,525.4752,"US",NA,NA,"UTC"
"22206136.19561-119.82053","222061","36.19561-119.82053","Llamas Home",-119.82053,36.19561,57.912,"US",NA,NA,"UTC"
"22223139.21007-120.0989","222231","39.21007-120.0989","Carnelian deck",-120.0989,39.21007,2015.3376,"US",NA,NA,"UTC"
"22292333.75678-116.38063","222923","33.75678-116.38063","VP",-116.38063,33.75678,67.6656,"US",NA,NA,"UTC"
"22292737.38008-121.8979","222927","37.38008-121.8979","Orchard Park",-121.8979,37.38008,18.288,"US",NA,NA,"UTC"
"22300739.76826-121.87507","223007","39.76826-121.87507","Amber Grove Chico",-121.87507,39.76826,55.4736,"US",NA,NA,"UTC"
"22318938.39601-120.67301","223189","38.39601-120.67301","Pine Grove",-120.67301,38.39601,678.4848,"US",NA,NA,"UTC"
"22321734.48735-117.18556","223217","34.48735-117.18556","AVUSD-HDPA",-117.18556,34.48735,903.732,"US",NA,NA,"UTC"
"22321934.90437-117.17065","223219","34.90437-117.17065","MDAQMD-Hinkley_CC2",-117.17065,34.90437,681.8376,"US",NA,NA,"UTC"
"22324734.48822-117.16337","223247","34.48822-117.16337","MDAQMD_AVUSD_VAN",-117.16337,34.48822,898.2456,"US",NA,NA,"UTC"
"22325134.49963-117.19843","223251","34.49963-117.19843","MDAQMD_AVUSD_YL",-117.19843,34.49963,900.684,"US",NA,NA,"UTC"
"22326534.02754-118.32316","223265","34.02754-118.32316","Jefferson Park",-118.32316,34.02754,42.672,"US",NA,NA,"UTC"
"22339933.86418-118.25279","223399","33.86418-118.25279","CSUDH EHS 1",-118.25279,33.86418,36.576,"US",NA,NA,"UTC"
"22361139.5508-119.48598","223611","39.5508-119.48598","McCarthy VDC",-119.48598,39.5508,1369.7712,"US",NA,NA,"UTC"
"22363138.19005-120.00291","223631","38.19005-120.00291","Pinecrest",-120.00291,38.19005,1708.0992,"US",NA,NA,"UTC"
"22364139.22847-121.37132","223641","39.22847-121.37132","BHG",-121.37132,39.22847,74.676,"US",NA,NA,"UTC"
"22394541.75343-124.21091","223945","41.75343-124.21091","Crescent City  CA",-124.21091,41.75343,14.6304,"US",NA,NA,"UTC"
"22394737.27087-121.92859","223947","37.27087-121.92859","assunta",-121.92859,37.27087,62.484,"US",NA,NA,"UTC"
"22396138.65336-121.16167","223961","38.65336-121.16167","Prairie Oaks",-121.16167,38.65336,87.4776,"US",NA,NA,"UTC"
"22401534.02301-118.17343","224015","34.02301-118.17343","FS3 East wall Outside",-118.17343,34.02301,58.2168,"US",NA,NA,"UTC"
"22407934.16612-118.3444","224079","34.16612-118.3444","Roosevelt Elementary School",-118.3444,34.16612,176.4792,"US",NA,NA,"UTC"
"22409533.7464-117.89017","224095","33.7464-117.89017","Southwest Community Center - Outdoor",-117.89017,33.7464,27.7368,"US",NA,NA,"UTC"
"22417738.19952-120.56545","224177","38.19952-120.56545","Mountain Ranch",-120.56545,38.19952,600.7608,"US",NA,NA,"UTC"
"22418139.10072-119.94331","224181","39.10072-119.94331","China Garden 116",-119.94331,39.10072,1912.9248,"US",NA,NA,"UTC"
"22418733.9962-118.40669","224187","33.9962-118.40669","Berryman",-118.40669,33.9962,7.9248,"US",NA,NA,"UTC"
"22420534.04185-118.49483","224205","34.04185-118.49483","21st Street",-118.49483,34.04185,94.1832,"US",NA,NA,"UTC"
"22423537.22862-121.86503","224235","37.22862-121.86503","Redmond Ave  95120",-121.86503,37.22862,68.8848,"US",NA,NA,"UTC"
"22427933.77968-116.37333","224279","33.77968-116.37333","Cosmo",-116.37333,33.77968,89.6112,"US",NA,NA,"UTC"
"22430137.73515-122.43645","224301","37.73515-122.43645","Chenery gardens",-122.43645,37.73515,70.7136,"US",NA,NA,"UTC"
"22453938.05887-122.14162","224539","38.05887-122.14162","El Bonito Way",-122.14162,38.05887,56.388,"US",NA,NA,"UTC"
"22463734.4537-118.61691","224637","34.4537-118.61691","Hartford Ave",-118.61691,34.4537,316.3824,"US",NA,NA,"UTC"
"22499138.41017-122.77732","224991","38.41017-122.77732","Badger Farm",-122.77732,38.41017,27.7368,"US",NA,NA,"UTC"
"22529134.38193-117.68164","225291","34.38193-117.68164","Table Mountain Facility",-117.68164,34.38193,2285.3904,"US",NA,NA,"UTC"
"22530938.30809-120.27215","225309","38.30809-120.27215","Iroquois",-120.27215,38.30809,1506.3216,"US",NA,NA,"UTC"
"22534039.23135-121.06235","225340","39.23135-121.06235","Ryans Ln",-121.06235,39.23135,814.1208,"US",NA,NA,"UTC"
"22534337.39833-122.07661","225343","37.39833-122.07661","Moffett Windmill",-122.07661,37.39833,19.5072,"US",NA,NA,"UTC"
"22535540.59117-122.37736","225355","40.59117-122.37736","TB- MB deck",-122.37736,40.59117,150.876,"US",NA,NA,"UTC"
"22536138.49131-122.89256","225361","38.49131-122.89256","Mirabel Heights",-122.89256,38.49131,44.196,"US",NA,NA,"UTC"
"22536238.45372-122.76396","225362","38.45372-122.76396","Our home",-122.76396,38.45372,32.9184,"US",NA,NA,"UTC"
"22537738.4941-122.70684","225377","38.4941-122.70684","2003 Foxtail",-122.70684,38.4941,233.7816,"US",NA,NA,"UTC"
"22537939.06608-122.595","225379","39.06608-122.595","Long Valley",-122.595,39.06608,401.4216,"US",NA,NA,"UTC"
"22538137.92217-122.02494","225381","37.92217-122.02494","Clyde &amp; Welsh",-122.02494,37.92217,40.5384,"US",NA,NA,"UTC"
"22538938.49989-122.33429","225389","38.49989-122.33429","Lake Hennessey",-122.33429,38.49989,392.5824,"US",NA,NA,"UTC"
"22539136.49997-121.74867","225391","36.49997-121.74867","7 White Oak Way",-121.74867,36.49997,125.2728,"US",NA,NA,"UTC"
"22539938.42071-122.33808","225399","38.42071-122.33808","Baldacci Family Vineyards",-122.33808,38.42071,40.2336,"US",NA,NA,"UTC"
"22556134.14115-118.37233","225561","34.14115-118.37233","Fox and Hounds",-118.37233,34.14115,177.6984,"US",NA,NA,"UTC"
"22556341.29996-123.13299","225563","41.29996-123.13299","Cemetery Alley",-123.13299,41.29996,669.9504,"US",NA,NA,"UTC"
"22560137.38508-122.21737","225601","37.38508-122.21737","Arapahoe Court",-122.21737,37.38508,152.0952,"US",NA,NA,"UTC"
"22573036.19383-119.8224","225730","36.19383-119.8224","Avila Home",-119.8224,36.19383,58.8264,"US",NA,NA,"UTC"
"22578335.40209-120.86726","225783","35.40209-120.86726","Beachcomber Dr",-120.86726,35.40209,10.668,"US",NA,NA,"UTC"
"22585937.8541-122.25369","225859","37.8541-122.25369","Benvenue and Woolsey",-122.25369,37.8541,68.2752,"US",NA,NA,"UTC"
"22586337.32581-118.53863","225863","37.32581-118.53863","GBUAPCD_Starlite2024",-118.53863,37.32581,1793.1384,"US",NA,NA,"UTC"
"22587537.18616-119.77007","225875","37.18616-119.77007","YLP Clubhouse",-119.77007,37.18616,369.4176,"US",NA,NA,"UTC"
"22587934.09411-118.27213","225879","34.09411-118.27213","Patio",-118.27213,34.09411,199.644,"US",NA,NA,"UTC"
"22588338.89391-121.06136","225883","38.89391-121.06136","Robie",-121.06136,38.89391,425.8056,"US",NA,NA,"UTC"
"22589137.36057-122.01814","225891","37.36057-122.01814","HeiHei",-122.01814,37.36057,34.7472,"US",NA,NA,"UTC"
"22589736.60669-118.05604","225897","36.60669-118.05604","GBUAPCD_LonePineMonitor2024",-118.05604,36.60669,1130.808,"US",NA,NA,"UTC"
"22589938.04027-119.14599","225899","38.04027-119.14599","GBUAPCD_MonoCity2024",-119.14599,38.04027,2070.2016,"US",NA,NA,"UTC"
"22590336.84578-118.22825","225903","36.84578-118.22825","GBUAPCD_FortIndependence2024",-118.22825,36.84578,1217.3712,"US",NA,NA,"UTC"
"22591537.07071-118.26822","225915","37.07071-118.26822","GBUAPCD_BirchCreek20240808",-118.26822,37.07071,1253.3376,"US",NA,NA,"UTC"
"22591737.96166-119.12038","225917","37.96166-119.12038","GBUAPCD_LeeViningMonitor2024",-119.12038,37.96166,2058.6192,"US",NA,NA,"UTC"
"22592138.62068-122.87299","225921","38.62068-122.87299","Oliveto",-122.87299,38.62068,36.2712,"US",NA,NA,"UTC"
"22603134.83501-118.30393","226031","34.83501-118.30393","Rosamond South 1 - Sensor 1",-118.30393,34.83501,744.9312,"US",NA,NA,"UTC"
"22604137.34242-122.09685","226041","37.34242-122.09685","Loyola Drive",-122.09685,37.34242,110.6424,"US",NA,NA,"UTC"
"22606938.00433-122.62085","226069","38.00433-122.62085","Bothin Youth Center",-122.62085,38.00433,103.632,"US",NA,NA,"UTC"
"22612137.80915-122.36688","226121","37.80915-122.36688","GCI-3",-122.36688,37.80915,67.3608,"US",NA,NA,"UTC"
"22618337.80913-122.36363","226183","37.80913-122.36363","GCI-2",-122.36363,37.80913,63.3984,"US",NA,NA,"UTC"
"22629538.25844-120.35062","226295","38.25844-120.35062","Arnold - Mill Woods",-120.35062,38.25844,1240.8408,"US",NA,NA,"UTC"
"22636738.55123-122.22964","226367","38.55123-122.22964","Lake Berryessa-Bureau of Reclamation Field Office",-122.22964,38.55123,146.9136,"US",NA,NA,"UTC"
"22637140.78782-124.12619","226371","40.78782-124.12619","Trinity Smoke Monitor",-124.12619,40.78782,35.9664,"US",NA,NA,"UTC"
"22642136.73474-118.95887","226421","36.73474-118.95887","Wilsonia",-118.95887,36.73474,2002.8408,"US",NA,NA,"UTC"
"22649737.68321-122.06098","226497","37.68321-122.06098","Lower Kelly Hill",-122.06098,37.68321,65.8368,"US",NA,NA,"UTC"
"22650339.67319-123.4902","226503","39.67319-123.4902","cahtocreek",-123.4902,39.67319,503.8344,"US",NA,NA,"UTC"
"22650537.80857-122.36401","226505","37.80857-122.36401","GCI-1",-122.36401,37.80857,58.8264,"US",NA,NA,"UTC"
"22654340.89796-124.00947","226543","40.89796-124.00947","2140 Glendale Drive",-124.00947,40.89796,29.5656,"US",NA,NA,"UTC"
"22656333.6539-117.30308","226563","33.6539-117.30308","Diamond Stadium",-117.30308,33.6539,391.0584,"US",NA,NA,"UTC"
"22661136.18822-119.82348","226611","36.18822-119.82348","Herrera Home",-119.82348,36.18822,57.6072,"US",NA,NA,"UTC"
"22664736.19474-119.82188","226647","36.19474-119.82188","Paredes Home",-119.82188,36.19474,59.1312,"US",NA,NA,"UTC"
"22699539.59441-122.02576","226995","39.59441-122.02576","US-RGG",-122.02576,39.59441,35.6616,"US",NA,NA,"UTC"
"22716136.25705-115.31943","227161","36.25705-115.31943","Cement Dust Watch",-115.31943,36.25705,847.9536,"US",NA,NA,"UTC"
"22730933.0974-117.00032","227309","33.0974-117.00032","Benbough Amphitheater",-117.00032,33.0974,167.64,"US",NA,NA,"UTC"
"22732538.4241-122.34473","227325","38.4241-122.34473","Cliff Lede Vineyards",-122.34473,38.4241,35.6616,"US",NA,NA,"UTC"
"22734937.27386-122.18469","227349","37.27386-122.18469","Old Fir",-122.18469,37.27386,456.2856,"US",NA,NA,"UTC"
"22738939.49711-119.42783","227389","39.49711-119.42783","Comstock Medic",-119.42783,39.49711,1558.4424,"US",NA,NA,"UTC"
"22745339.4937-119.42282","227453","39.4937-119.42282","Comstock - Trailer City",-119.42282,39.4937,1572.1584,"US",NA,NA,"UTC"
"22746137.72253-122.45845","227461","37.72253-122.45845","Miramar between Ocean and Holloway",-122.45845,37.72253,90.2208,"US",NA,NA,"UTC"
"22747537.23566-121.85062","227475","37.23566-121.85062","Foothill Park",-121.85062,37.23566,53.9496,"US",NA,NA,"UTC"
"22760537.37152-122.00665","227605","37.37152-122.00665","Evelyn Terrace",-122.00665,37.37152,21.336,"US",NA,NA,"UTC"
"22763738.3735-122.20122","227637","38.3735-122.20122","Monty",-122.20122,38.3735,222.504,"US",NA,NA,"UTC"
"22766336.29019-119.13022","227663","36.29019-119.13022","foodlink",-119.13022,36.29019,119.4816,"US",NA,NA,"UTC"
"22773534.1369-118.1263","227735","34.1369-118.1263","Caltech Hall 2",-118.1263,34.1369,232.5624,"US",NA,NA,"UTC"
"22774741.95276-116.18493","227747","41.95276-116.18493","TEPP DVIR Airport",-116.18493,41.95276,1634.3376,"US",NA,NA,"UTC"
"22776537.46688-122.18539","227765","37.46688-122.18539","Lindenwood",-122.18539,37.46688,13.1064,"US",NA,NA,"UTC"
"22793137.4984-122.45941","227931","37.4984-122.45941","Magellan",-122.45941,37.4984,20.7264,"US",NA,NA,"UTC"
"22794338.34759-122.71615","227943","38.34759-122.71615","Office",-122.71615,38.34759,31.3944,"US",NA,NA,"UTC"
"22795937.8667-122.57198","227959","37.8667-122.57198","Muir Beach Pacific Way",-122.57198,37.8667,50.9016,"US",NA,NA,"UTC"
"22799937.50313-122.31009","227999","37.50313-122.31009","BelBelmont",-122.31009,37.50313,214.5792,"US",NA,NA,"UTC"
"22807335.77421-119.86808","228073","35.77421-119.86808","KRW",-119.86808,35.77421,103.0224,"US",NA,NA,"UTC"
"22827939.19565-120.26114","228279","39.19565-120.26114","High Camp",-120.26114,39.19565,2472.5376,"US",NA,NA,"UTC"
"22830334.38722-118.55509","228303","34.38722-118.55509","Valencia Hills",-118.55509,34.38722,394.4112,"US",NA,NA,"UTC"
"22830738.46544-122.63979","228307","38.46544-122.63979","Outside the Normandy",-122.63979,38.46544,106.68,"US",NA,NA,"UTC"
"22832137.75435-122.40718","228321","37.75435-122.40718","Hummingbird house",-122.40718,37.75435,18.8976,"US",NA,NA,"UTC"
"22845937.29932-121.88315","228459","37.29932-121.88315","Kirkland-outside",-121.88315,37.29932,39.9288,"US",NA,NA,"UTC"
"22853332.81624-117.21819","228533","32.81624-117.21819","Bay Ho front yard",-117.21819,32.81624,48.1584,"US",NA,NA,"UTC"
"22857339.54365-119.91962","228573","39.54365-119.91962","Mountain Spirit",-119.91962,39.54365,1614.8304,"US",NA,NA,"UTC"
"22861337.52251-122.34961","228613","37.52251-122.34961","Monticello outside",-122.34961,37.52251,180.4416,"US",NA,NA,"UTC"
"22868540.95606-123.62322","228685","40.95606-123.62322","Bigfoot",-123.62322,40.95606,210.312,"US",NA,NA,"UTC"
"22869931.86253-116.66608","228699","31.86253-116.66608","ICAARO 2  IIO-UABC  Ensenada  Baja California",-116.66608,31.86253,7.3152,"US",NA,NA,"UTC"
"22872137.59671-122.50178","228721","37.59671-122.50178","Linda Mar Beach",-122.50178,37.59671,3.048,"US",NA,NA,"UTC"
"22872538.35411-122.70222","228725","38.35411-122.70222","E section",-122.70222,38.35411,34.4424,"US",NA,NA,"UTC"
"22898739.36444-123.3879","228987","39.36444-123.3879","Flying Hart Ranch",-123.3879,39.36444,694.3344,"US",NA,NA,"UTC"
"22900937.88642-122.10811","229009","37.88642-122.10811","Brookdale",-122.10811,37.88642,94.1832,"US",NA,NA,"UTC"
"22902138.44264-122.60875","229021","38.44264-122.60875","StoneC2",-122.60875,38.44264,127.4064,"US",NA,NA,"UTC"
"22907138.39823-122.85637","229071","38.39823-122.85637","Gracin Rd",-122.85637,38.39823,71.628,"US",NA,NA,"UTC"
"22926541.55037-122.90718","229265","41.55037-122.90718","Greenview",-122.90718,41.55037,857.7072,"US",NA,NA,"UTC"
"22928939.29047-123.60306","229289","39.29047-123.60306","SIX DOG RANCH",-123.60306,39.29047,204.216,"US",NA,NA,"UTC"
"22929734.7769-118.27768","229297","34.7769-118.27768","Antelope Acres",-118.27768,34.7769,739.4448,"US",NA,NA,"UTC"
"22959733.9331-117.19397","229597","33.9331-117.19397","Twin Hills Circle",-117.19397,33.9331,520.2936,"US",NA,NA,"UTC"
"22960737.19304-119.76727","229607","37.19304-119.76727","KG6BXW",-119.76727,37.19304,385.572,"US",NA,NA,"UTC"
"22964339.57503-120.34802","229643","39.57503-120.34802","Sierra Hot Springs",-120.34802,39.57503,1530.4008,"US",NA,NA,"UTC"
"22964739.12801-121.04291","229647","39.12801-121.04291","Judith",-121.04291,39.12801,548.64,"US",NA,NA,"UTC"
"22970739.24239-121.06953","229707","39.24239-121.06953","Success Mine",-121.06953,39.24239,762.9144,"US",NA,NA,"UTC"
"22971538.55693-121.8401","229715","38.55693-121.8401","Full Measure Farm",-121.8401,38.55693,27.432,"US",NA,NA,"UTC"
"22971733.702-117.72282","229717","33.702-117.72282","Home",-117.72282,33.702,126.492,"US",NA,NA,"UTC"
"22991334.13766-118.59635","229913","34.13766-118.59635","Top-o-Topanga",-118.59635,34.13766,468.4776,"US",NA,NA,"UTC"
"22993739.3283-120.24799","229937","39.3283-120.24799","Donner Pines Tract",-120.24799,39.3283,1815.084,"US",NA,NA,"UTC"
"23003134.22718-118.05574","230031","34.22718-118.05574","CHARA E1",-118.05574,34.22718,1692.8592,"US",NA,NA,"UTC"
"23018539.28713-120.15475","230185","39.28713-120.15475","8101 Lahontan Drive",-120.15475,39.28713,1824.228,"US",NA,NA,"UTC"
"23019940.07511-120.83901","230199","40.07511-120.83901","Sierra Institute for Community and Environment",-120.83901,40.07511,1082.04,"US",NA,NA,"UTC"
"23022339.27238-120.17884","230223","39.27238-120.17884","Martis Camp",-120.17884,39.27238,1888.8456,"US",NA,NA,"UTC"
"23062537.41186-119.84952","230625","37.41186-119.84952","Rocky Hollow",-119.84952,37.41186,584.9112,"US",NA,NA,"UTC"
"23091739.19962-121.06409","230917","39.19962-121.06409","800 Freeman Lane  GV",-121.06409,39.19962,743.4072,"US",NA,NA,"UTC"
"23112137.42717-122.14593","231121","37.42717-122.14593","Cambridge Ave Palo Alto",-122.14593,37.42717,11.8872,"US",NA,NA,"UTC"
"23113540.7024-121.91908","231135","40.7024-121.91908","Casa Del Oso  Fern",-121.91908,40.7024,818.9976,"US",NA,NA,"UTC"
"23118137.01804-121.98132","231181","37.01804-121.98132","4575 Paul Sweet",-121.98132,37.01804,115.5192,"US",NA,NA,"UTC"
"23139537.78184-121.96254","231395","37.78184-121.96254","Country View",-121.96254,37.78184,163.068,"US",NA,NA,"UTC"
"23142739.83158-119.35688","231427","39.83158-119.35688","PL Natural Resources Department",-119.35688,39.83158,1198.1688,"US",NA,NA,"UTC"
"23166539.81766-121.90256","231665","39.81766-121.90256","West Keefer",-121.90256,39.81766,59.436,"US",NA,NA,"UTC"
"23170537.56192-122.31876","231705","37.56192-122.31876","222 8th Ave",-122.31876,37.56192,7.62,"US",NA,NA,"UTC"
"23171539.30236-119.77887","231715","39.30236-119.77887","COTTONTAIL",-119.77887,39.30236,1562.4048,"US",NA,NA,"UTC"
"23175739.94364-119.60341","231757","39.94364-119.60341","PL WID Station",-119.60341,39.94364,1192.0728,"US",NA,NA,"UTC"
"23180937.63412-118.25566","231809","37.63412-118.25566","SUMMIT_WMRC",-118.25566,37.63412,4342.4856,"US",NA,NA,"UTC"
"23189741.3026-122.33183","231897","41.3026-122.33183","1525 North Shasta Ranch Rd",-122.33183,41.3026,1039.6728,"US",NA,NA,"UTC"
"23192138.35041-122.98324","231921","38.35041-122.98324","Bodega Rancho",-122.98324,38.35041,39.9288,"US",NA,NA,"UTC"
"23192738.67034-121.28696","231927","38.67034-121.28696","Southview",-121.28696,38.67034,56.388,"US",NA,NA,"UTC"
"23193333.68014-116.27707","231933","33.68014-116.27707","Mango",-116.27707,33.68014,13.716,"US",NA,NA,"UTC"
"23207338.47057-122.42841","232073","38.47057-122.42841","Alpha Omega Winery",-122.42841,38.47057,47.8536,"US",NA,NA,"UTC"
"23219140.22328-121.17911","232191","40.22328-121.17911","West Shore Lake Almanor",-121.17911,40.22328,1373.4288,"US",NA,NA,"UTC"
"23219741.047-122.17689","232197","41.047-122.17689","CARB-BLDMTN",-122.17689,41.047,506.5776,"US",NA,NA,"UTC"
"23220338.0444-120.22327","232203","38.0444-120.22327","Twain Harte 00",-120.22327,38.0444,1205.7888,"US",NA,NA,"UTC"
"23223939.89669-121.35272","232239","39.89669-121.35272","Rock Creek",-121.35272,39.89669,830.8848,"US",NA,NA,"UTC"
"23224139.872-121.61179","232241","39.872-121.61179","Camp One",-121.61179,39.872,840.9432,"US",NA,NA,"UTC"
"23224733.02325-116.94537","232247","33.02325-116.94537","NW",-116.94537,33.02325,440.436,"US",NA,NA,"UTC"
"23224937.76241-122.4027","232249","37.76241-122.4027","Rhode Island and 18th",-122.4027,37.76241,42.0624,"US",NA,NA,"UTC"
"23227939.25421-114.86753","232279","39.25421-114.86753","Ely",-114.86753,39.25421,1969.9224,"US",NA,NA,"UTC"
"23228538.98541-119.94436","232285","38.98541-119.94436","Untethered",-119.94436,38.98541,1923.288,"US",NA,NA,"UTC"
"23228738.01123-121.65249","232287","38.01123-121.65249","Dutch Slough Levee",-121.65249,38.01123,-1.2192,"US",NA,NA,"UTC"
"23228939.24057-120.74038","232289","39.24057-120.74038","FaFam Mountain Lodge",-120.74038,39.24057,1458.468,"US",NA,NA,"UTC"
"23229538.80769-121.25282","232295","38.80769-121.25282","5465TRC",-121.25282,38.80769,113.3856,"US",NA,NA,"UTC"
"23230139.72688-121.78929","232301","39.72688-121.78929","Enloe CCC",-121.78929,39.72688,79.5528,"US",NA,NA,"UTC"
"23230939.32856-119.88553","232309","39.32856-119.88553","Mt Rose Ski Tahoe",-119.88553,39.32856,2513.3808,"US",NA,NA,"UTC"
"23232738.85142-121.13493","232327","38.85142-121.13493","Rose Hill",-121.13493,38.85142,231.648,"US",NA,NA,"UTC"
"23233937.42918-122.14593","232339","37.42918-122.14593","Birch St  Evergreen Park",-122.14593,37.42918,11.2776,"US",NA,NA,"UTC"
"23234139.30402-120.16966","232341","39.30402-120.16966","12th Hole",-120.16966,39.30402,1874.8248,"US",NA,NA,"UTC"
"23238739.63184-119.87206","232387","39.63184-119.87206","In Stead of Reno",-119.87206,39.63184,1530.096,"US",NA,NA,"UTC"
"23239539.56037-119.83009","232395","39.56037-119.83009","Talus and Gypsum",-119.83009,39.56037,1483.7664,"US",NA,NA,"UTC"
"23240639.20805-120.10365","232406","39.20805-120.10365","Top of Old County Rd",-120.10365,39.20805,2017.776,"US",NA,NA,"UTC"
"23246539.82788-121.4112","232465","39.82788-121.4112","Poe\/cresta",-121.4112,39.82788,507.492,"US",NA,NA,"UTC"
"23250339.14339-121.59363","232503","39.14339-121.59363","Rudie's",-121.59363,39.14339,17.6784,"US",NA,NA,"UTC"
"23253340.78268-119.21145","232533","40.78268-119.21145","BRC NOC at center camp",-119.21145,40.78268,1186.8912,"US",NA,NA,"UTC"
"23262539.10134-120.16879","232625","39.10134-120.16879","Tahoe Pines",-120.16879,39.10134,1969.9224,"US",NA,NA,"UTC"
"23263139.75323-121.84632","232631","39.75323-121.84632","WWG-Office",-121.84632,39.75323,62.484,"US",NA,NA,"UTC"
"23266137.46772-120.11659","232661","37.46772-120.11659","Blue Oak Dr",-120.11659,37.46772,380.6952,"US",NA,NA,"UTC"
"23266939.33026-120.17174","232669","39.33026-120.17174","East River Street",-120.17174,39.33026,1759.0008,"US",NA,NA,"UTC"
"23267139.82679-121.81507","232671","39.82679-121.81507","RICHARDSON SPRINGS",-121.81507,39.82679,191.4144,"US",NA,NA,"UTC"
"23268138.57359-123.2298","232681","38.57359-123.2298","Bohan Dillon",-123.2298,38.57359,332.232,"US",NA,NA,"UTC"
"23268334.22443-118.05705","232683","34.22443-118.05705","CHARA S1",-118.05705,34.22443,1729.74,"US",NA,NA,"UTC"
"23268939.54844-119.78398","232689","39.54844-119.78398","High Desert Montessori School",-119.78398,39.54844,1357.884,"US",NA,NA,"UTC"
"23269340.593-122.31311","232693","40.593-122.31311","13041 yana trail oroville ca 95965",-122.31311,40.593,194.1576,"US",NA,NA,"UTC"
"23271938.81817-121.27947","232719","38.81817-121.27947","Rocklin",-121.27947,38.81817,64.3128,"US",NA,NA,"UTC"
"23282541.33524-123.40867","232825","41.33524-123.40867","Torchbearr",-123.40867,41.33524,261.2136,"US",NA,NA,"UTC"
"23294137.89192-122.26767","232941","37.89192-122.26767","Santa Barbara",-122.26767,37.89192,158.1912,"US",NA,NA,"UTC"
"23294739.508-119.81315","232947","39.508-119.81315","Modoc st",-119.81315,39.508,1372.8192,"US",NA,NA,"UTC"
"23298940.31194-118.17472","232989","40.31194-118.17472","Coeur Limerick Admin",-118.17472,40.31194,1798.6248,"US",NA,NA,"UTC"
"23308936.11116-115.13744","233089","36.11116-115.13744","TAMS-10",-115.13744,36.11116,612.3432,"US",NA,NA,"UTC"
"23318339.79406-121.89794","233183","39.79406-121.89794","WWG-Warehouse",-121.89794,39.79406,55.1688,"US",NA,NA,"UTC"
"23318740.34372-120.41773","233187","40.34372-120.41773","Quail Hollow Ranch",-120.41773,40.34372,1235.6592,"US",NA,NA,"UTC"
"23319939.32397-120.07188","233199","39.32397-120.07188","Austin Ridge",-120.07188,39.32397,2065.3248,"US",NA,NA,"UTC"
"23320137.817-122.362","233201","37.817-122.362","GCI-5",-122.362,37.817,-0.9144,"US",NA,NA,"UTC"
"23321334.34597-117.61762","233213","34.34597-117.61762","A2C2",-117.61762,34.34597,1877.8728,"US",NA,NA,"UTC"
"23325337.815-122.367","233253","37.815-122.367","GCI-4",-122.367,37.815,0,"US",NA,NA,"UTC"
"23328937.819-122.357","233289","37.819-122.357","GCI-6",-122.357,37.819,-10.3632,"US",NA,NA,"UTC"
"23333539.26288-120.91247","233335","39.26288-120.91247","Cascade Shores - Cats",-120.91247,39.26288,1010.7168,"US",NA,NA,"UTC"
"23333733.24608-117.08424","233337","33.24608-117.08424","Red Mountain",-117.08424,33.24608,412.3944,"US",NA,NA,"UTC"
"23335137.69829-121.7915","233351","37.69829-121.7915","Stetson",-121.7915,37.69829,131.6736,"US",NA,NA,"UTC"
"23337339.09367-121.0733","233373","39.09367-121.0733","Buck Mountain Estates",-121.0733,39.09367,632.1552,"US",NA,NA,"UTC"
"23337939.21904-121.02874","233379","39.21904-121.02874","NCSOS OUTDOOR",-121.02874,39.21904,861.6696,"US",NA,NA,"UTC"
"23365137.78317-122.39028","233651","37.78317-122.39028","219 Brannan 10th Floor",-122.39028,37.78317,4.8768,"US",NA,NA,"UTC"
"23365337.77288-122.51062","233653","37.77288-122.51062","Ocean Plant",-122.51062,37.77288,9.4488,"US",NA,NA,"UTC"
"23365936.6287-121.93321","233659","36.6287-121.93321","Crocker",-121.93321,36.6287,27.1272,"US",NA,NA,"UTC"
"23368341.27296-123.30171","233683","41.27296-123.30171","North Forks of Salmon",-123.30171,41.27296,440.1312,"US",NA,NA,"UTC"
"23370336.34453-119.15018","233703","36.34453-119.15018","Lort Dr",-119.15018,36.34453,118.872,"US",NA,NA,"UTC"
"23372140.73367-122.93343","233721","40.73367-122.93343","North Washington St.",-122.93343,40.73367,642.8232,"US",NA,NA,"UTC"
"23378538.61226-120.99921","233785","38.61226-120.99921","Grazing Hill Rd",-120.99921,38.61226,291.084,"US",NA,NA,"UTC"
"23380739.15327-121.16573","233807","39.15327-121.16573","Mountain Moon Ranch",-121.16573,39.15327,504.1392,"US",NA,NA,"UTC"
"23382140.51855-121.96443","233821","40.51855-121.96443","Inwood  CA",-121.96443,40.51855,602.8944,"US",NA,NA,"UTC"
"23409539.34487-120.21589","234095","39.34487-120.21589","TD Tennis + Pickleball",-120.21589,39.34487,1894.332,"US",NA,NA,"UTC"
"23418939.10113-119.9126","234189","39.10113-119.9126","Spooner watercraft inspection station",-119.9126,39.10113,2154.0216,"US",NA,NA,"UTC"
"23440139.87575-121.68354","234401","39.87575-121.68354","Forest Circle  Forest Ranch",-121.68354,39.87575,701.6496,"US",NA,NA,"UTC"
"23451537.35574-122.0593","234515","37.35574-122.0593","Cranberry",-122.0593,37.35574,61.8744,"US",NA,NA,"UTC"
"23516940.38278-120.38234","235169","40.38278-120.38234","Shaffer Elementary School",-120.38234,40.38278,1244.1936,"US",NA,NA,"UTC"
"23518737.80358-122.21748","235187","37.80358-122.21748","Ca\u00F1\u00F3n",-122.21748,37.80358,57.6072,"US",NA,NA,"UTC"
"23577338.16587-122.2391","235773","38.16587-122.2391","Wolf Den Stadium",-122.2391,38.16587,25.908,"US",NA,NA,"UTC"
"23579335.63911-120.67165","235793","35.63911-120.67165","1644 Christina Ct",-120.67165,35.63911,277.6728,"US",NA,NA,"UTC"
"23587137.72293-122.43825","235871","37.72293-122.43825","Valerair",-122.43825,37.72293,47.244,"US",NA,NA,"UTC"
"23587537.73013-119.61151","235875","37.73013-119.61151","YOSE @ Mobile_002",-119.61151,37.73013,1211.2752,"US",NA,NA,"UTC"
"23610739.58013-119.23086","236107","39.58013-119.23086","Le Canal",-119.23086,39.58013,1278.0264,"US",NA,NA,"UTC"
"23613138.27448-122.06382","236131","38.27448-122.06382","Castlerock",-122.06382,38.27448,45.72,"US",NA,NA,"UTC"
"23617133.06609-117.28129","236171","33.06609-117.28129","Guildford",-117.28129,33.06609,91.44,"US",NA,NA,"UTC"
"23630737.80393-121.33422","236307","37.80393-121.33422","Lake Newport",-121.33422,37.80393,3.3528,"US",NA,NA,"UTC"
"23635736.76745-119.80029","236357","36.76745-119.80029","FCC-Normal1",-119.80029,36.76745,92.6592,"US",NA,NA,"UTC"
"23649536.40554-118.88258","236495","36.40554-118.88258","South Fork-Redbud",-118.88258,36.40554,336.4992,"US",NA,NA,"UTC"
"23653134.04147-117.18384","236531","34.04147-117.18384","Yannick",-117.18384,34.04147,445.9224,"US",NA,NA,"UTC"
"23673037.97747-122.54034","236730","37.97747-122.54034","DNV1_outdoor",-122.54034,37.97747,16.4592,"US",NA,NA,"UTC"
"23674138.51605-120.75806","236741","38.51605-120.75806","Ostrom Road",-120.75806,38.51605,578.5104,"US",NA,NA,"UTC"
"23674537.93772-122.07365","236745","37.93772-122.07365","DNV_02_outdoor",-122.07365,37.93772,23.1648,"US",NA,NA,"UTC"
"23678734.6411-118.25204","236787","34.6411-118.25204","Palmdale AllWest",-118.25204,34.6411,816.5592,"US",NA,NA,"UTC"
"23702137.74777-122.4646","237021","37.74777-122.4646","15 Mesa Ave",-122.4646,37.74777,200.8632,"US",NA,NA,"UTC"
"23702733.59462-117.75094","237027","33.59462-117.75094","The Terraces",-117.75094,33.59462,123.1392,"US",NA,NA,"UTC"
"23703736.41166-120.67275","237037","36.41166-120.67275","New Idria Mine",-120.67275,36.41166,885.1392,"US",NA,NA,"UTC"
"23707738.25548-121.31135","237077","38.25548-121.31135","Ramon Drive  Galt  CA.",-121.31135,38.25548,13.716,"US",NA,NA,"UTC"
"23708931.02403-114.84763","237089","31.02403-114.84763","San Felipe COBACH",-114.84763,31.02403,26.8224,"US",NA,NA,"UTC"
"23709129.11072-118.32714","237091","29.11072-118.32714","Isla Guadalupe-2 | IIO-UABC",-118.32714,29.11072,1198.4736,"US",NA,NA,"UTC"
"23710327.98178-114.01837","237103","27.98178-114.01837","Guerrero Negro COBACH",-114.01837,27.98178,3.9624,"US",NA,NA,"UTC"
"23714937.89005-122.46409","237149","37.89005-122.46409","Mount Tiburon Road",-122.46409,37.89005,173.736,"US",NA,NA,"UTC"
"23717933.77725-118.17124","237179","33.77725-118.17124","Craftsman Village",-118.17124,33.77725,12.4968,"US",NA,NA,"UTC"
"23727138.5535-121.50486","237271","38.5535-121.50486","MOR",-121.50486,38.5535,5.4864,"US",NA,NA,"UTC"
"23733137.75084-122.42023","237331","37.75084-122.42023","Synergy School",-122.42023,37.75084,26.5176,"US",NA,NA,"UTC"
"23756940.57006-122.41142","237569","40.57006-122.41142","Zenitram on Adirondack",-122.41142,40.57006,222.1992,"US",NA,NA,"UTC"
"23806133.57917-117.65927","238061","33.57917-117.65927","La Mancha",-117.65927,33.57917,149.0472,"US",NA,NA,"UTC"
"23807332.79849-117.1256","238073","32.79849-117.1256","Marathon Drive",-117.1256,32.79849,109.728,"US",NA,NA,"UTC"
"23807739.32136-120.17625","238077","39.32136-120.17625","Jeffery pine",-120.17625,39.32136,1826.6664,"US",NA,NA,"UTC"
"23808133.78572-117.77218","238081","33.78572-117.77218","Castlerock",-117.77218,33.78572,181.0512,"US",NA,NA,"UTC"
"23811737.12605-121.99865","238117","37.12605-121.99865","Summit West Canyon",-121.99865,37.12605,392.2776,"US",NA,NA,"UTC"
"23832937.29886-121.77725","238329","37.29886-121.77725","Yerba Vista Ct",-121.77725,37.29886,109.1184,"US",NA,NA,"UTC"
"23835137.82846-122.24571","238351","37.82846-122.24571","Brandon St",-122.24571,37.82846,43.2816,"US",NA,NA,"UTC"
"23840937.4997-122.46057","238409","37.4997-122.46057","Francisco Street",-122.46057,37.4997,17.6784,"US",NA,NA,"UTC"
"23880537.63412-118.25573","238805","37.63412-118.25573","SMC_4_MOBILE",-118.25573,37.63412,4343.0952,"US",NA,NA,"UTC"
"23880737.63412-118.25569","238807","37.63412-118.25569","SMC_1_MOBILE",-118.25569,37.63412,4342.7904,"US",NA,NA,"UTC"
"23906934.16719-118.0377","239069","34.16719-118.0377","SM",-118.0377,34.16719,228.6,"US",NA,NA,"UTC"
"23915337.72704-119.5816","239153","37.72704-119.5816","YOSE @ Mobile_001",-119.5816,37.72704,2374.0872,"US",NA,NA,"UTC"
"23931134.10054-117.71438","239311","34.10054-117.71438","Hive Patio",-117.71438,34.10054,369.7224,"US",NA,NA,"UTC"
"23961738.32174-122.32776","239617","38.32174-122.32776","Rigdon St",-122.32776,38.32174,33.528,"US",NA,NA,"UTC"
"23974733.74391-118.39314","239747","33.74391-118.39314","Seawolf",-118.39314,33.74391,69.7992,"US",NA,NA,"UTC"
"23979739.81779-121.90242","239797","39.81779-121.90242","W. Keefer",-121.90242,39.81779,59.436,"US",NA,NA,"UTC"
"23996539.53748-119.95287","239965","39.53748-119.95287","The Cliffs - Funhouse",-119.95287,39.53748,1644.7008,"US",NA,NA,"UTC"
"23998534.10861-118.29374","239985","34.10861-118.29374","Los Feliz Square",-118.29374,34.10861,147.2184,"US",NA,NA,"UTC"
"24092334.06745-118.45832","240923","34.06745-118.45832","Westwood - Cashmere",-118.45832,34.06745,129.2352,"US",NA,NA,"UTC"
"24101933.98499-117.30904","241019","33.98499-117.30904","Belvedere Heights",-117.30904,33.98499,394.716,"US",NA,NA,"UTC"
"24129338.80026-120.08073","241293","38.80026-120.08073","Sierra-at-Tahoe Ski",-120.08073,38.80026,2224.4304,"US",NA,NA,"UTC"
"24144937.7686-122.28092","241449","37.7686-122.28092","Hello!",-122.28092,37.7686,3.9624,"US",NA,NA,"UTC"
"24252534.42034-117.63318","242525","34.42034-117.63318","Pinon Hills - Elsinore Rd",-117.63318,34.42034,1375.5624,"US",NA,NA,"UTC"
"24310538.74377-123.5101","243105","38.74377-123.5101","Klamath Way  Sea Ranch",-123.5101,38.74377,21.9456,"US",NA,NA,"UTC"
